2;arms_factory;3851.00;12.85;21.00;5.41;0
2;arms_factory;3951.00;12.00;11.00;5.51;0
2;arms_factory;3854.00;13.15;24.00;3.35;0
2;arms_factory;3867.00;13.20;55.00;6.01;0
2;arms_factory;3805.00;12.15;29.00;2.40;0
2;arms_factory;3839.00;12.95;58.00;3.96;0
2;industrial_complex;3791.00;11.35;34.00;1.80;0
2;industrial_complex;3870.00;12.73;36.00;3.00;0
2;industrial_complex;3793.00;11.15;37.00;0.84;0
2;industrial_complex;3810.00;12.30;68.00;2.40;0
2;industrial_complex;3940.00;11.88;3.00;5.07;0
2;industrial_complex;3802.00;11.70;70.00;1.45;0
2;air_base;3907.00;11.15;5.00;4.47;0
2;bunker;3820.00;13.35;50.00;0.85;0
2;bunker;3888.00;11.88;28.00;3.51;0
2;bunker;3909.00;11.25;4.00;1.35;0
2;bunker;3862.00;13.05;66.00;1.46;0
2;bunker;3817.00;12.60;29.00;5.58;0
2;anti_air_building;3807.00;11.43;87.00;1.96;0
2;anti_air_building;3834.00;11.53;4.00;6.08;0
2;anti_air_building;3869.00;11.05;1.00;6.18;0
2;synthetic_refinery;3840.00;11.75;6.00;4.02;0
2;fuel_silo;3782.00;11.25;63.00;0.41;0
2;radar_station;3864.00;13.50;47.00;5.02;0
2;rocket_site;3855.00;13.57;39.00;6.09;0
2;nuclear_reactor;3899.00;11.30;11.00;2.47;0
3;arms_factory;2932.00;11.30;61.00;3.35;0
3;arms_factory;2964.00;11.30;23.00;6.01;0
3;arms_factory;2962.00;11.05;42.00;2.40;0
3;arms_factory;2900.00;11.80;6.00;3.96;0
3;arms_factory;2959.00;10.80;66.00;1.80;0
3;arms_factory;2923.00;11.80;51.00;3.00;0
3;industrial_complex;2860.00;11.78;46.00;0.84;0
3;industrial_complex;2816.00;11.60;52.00;2.40;0
3;industrial_complex;2952.00;11.30;34.00;5.07;0
3;industrial_complex;2934.00;11.00;94.00;1.45;0
3;industrial_complex;2876.00;11.40;13.00;4.47;0
3;industrial_complex;2943.00;10.73;77.00;0.85;0
3;air_base;2976.00;11.10;21.00;3.51;0
3;bunker;2881.00;11.70;56.00;1.35;0
3;bunker;2986.00;10.80;44.00;1.46;0
3;bunker;2887.00;11.80;64.00;5.58;0
3;bunker;2906.00;11.48;91.00;1.96;0
3;bunker;2955.00;11.20;49.00;6.08;0
3;bunker;2996.00;11.20;14.00;6.18;0
3;bunker;2859.00;11.30;14.00;4.02;0
3;bunker;2915.00;12.60;35.00;0.41;0
3;bunker;2844.00;11.70;29.00;3.07;0
3;anti_air_building;2950.00;10.53;74.00;6.09;0
3;anti_air_building;2909.00;12.20;58.00;2.47;0
3;anti_air_building;2861.00;11.50;54.00;5.13;0
3;synthetic_refinery;2898.00;11.40;82.00;1.52;0
3;fuel_silo;2862.00;11.32;4.00;4.54;0
3;radar_station;2913.00;12.15;54.00;1.63;0
3;rocket_site;2895.00;11.80;18.00;3.58;0
3;nuclear_reactor;2858.00;12.20;41.00;5.14;0
5;arms_factory;2103.00;10.07;1822.00;1.80;0
5;arms_factory;2101.00;10.00;1810.00;3.00;0
5;arms_factory;2061.00;10.10;1873.00;0.84;0
5;arms_factory;2100.00;10.65;1933.00;2.40;0
5;arms_factory;2104.00;9.90;1923.00;5.07;0
5;arms_factory;2047.00;10.10;1867.00;1.45;0
5;industrial_complex;2055.00;10.10;1852.00;4.47;0
5;industrial_complex;2061.00;10.25;1834.00;0.85;0
5;industrial_complex;2147.00;10.35;1849.00;3.51;0
5;industrial_complex;2153.00;11.20;1910.00;1.35;0
5;industrial_complex;2129.00;9.93;1888.00;1.46;0
5;industrial_complex;2095.00;10.10;1896.00;5.58;0
5;air_base;2078.00;10.03;1877.00;1.96;0
5;naval_base;2035.00;9.50;1846.00;-1.34;3615
5;naval_base;2132.00;9.50;1807.00;0.44;4067
5;naval_base;2043.00;9.50;1880.00;-1.53;3786
5;naval_base;2127.00;9.85;1802.00;0.97;4067
5;bunker;2117.00;10.10;1893.00;3.07;0
5;bunker;2064.00;10.30;1832.00;6.09;0
5;bunker;2088.00;9.90;1866.00;2.47;0
5;bunker;2153.00;10.45;1847.00;5.13;0
5;bunker;2117.00;10.30;1820.00;1.52;0
5;bunker;2140.00;10.00;1883.00;4.54;0
5;bunker;2162.00;11.75;1891.00;5.74;0
5;bunker;2126.00;10.65;1937.00;3.58;0
5;bunker;2076.00;9.90;1818.00;5.14;0
5;bunker;2104.00;10.10;1820.00;1.52;0
5;coastal_bunker;2047.00;9.50;1883.00;-1.53;0
5;coastal_bunker;2134.00;9.50;1807.00;0.44;0
5;coastal_bunker;2044.00;9.50;1825.00;-1.34;0
5;coastal_bunker;2116.00;9.57;1796.00;0.97;0
5;dockyard;2042.00;9.50;1884.00;-1.53;0
5;anti_air_building;2129.00;9.93;1888.00;0.47;0
5;anti_air_building;2112.00;10.30;1815.00;2.04;0
5;anti_air_building;2143.00;10.00;1842.00;4.70;0
5;synthetic_refinery;2085.00;9.90;1858.00;2.54;0
5;fuel_silo;2093.00;10.45;1928.00;3.74;0
5;radar_station;2096.00;10.00;1863.00;2.16;0
5;rocket_site;2047.00;9.98;1856.00;3.14;0
5;nuclear_reactor;2050.00;10.30;1839.00;5.81;0
6;arms_factory;2226.00;10.90;2012.00;0.84;0
6;arms_factory;2505.00;9.90;2023.00;2.40;0
6;arms_factory;2435.00;9.95;1986.00;5.07;0
6;arms_factory;2266.00;9.98;1984.00;1.45;0
6;arms_factory;2222.00;9.93;1972.00;4.47;0
6;arms_factory;2444.00;10.03;2036.00;0.85;0
6;industrial_complex;2313.00;10.40;2040.00;3.51;0
6;industrial_complex;2211.00;11.12;2004.00;1.35;0
6;industrial_complex;2297.00;10.00;2005.00;1.46;0
6;industrial_complex;2285.00;9.90;2024.00;5.58;0
6;industrial_complex;2290.00;10.10;1968.00;1.96;0
6;industrial_complex;2216.00;10.32;1981.00;6.08;0
6;air_base;2453.00;10.60;2014.00;6.18;0
6;naval_base;2303.00;9.88;1977.00;0.89;4373
6;naval_base;2337.00;9.50;2011.00;0.21;4373
6;naval_base;2504.00;9.50;2018.00;1.06;3445
6;naval_base;2448.00;9.50;1970.00;-1.45;3458
6;naval_base;2394.00;9.50;2031.00;-0.59;3458
6;bunker;2485.00;10.15;2034.00;5.13;0
6;bunker;2437.00;9.95;1977.00;1.52;0
6;bunker;2229.00;10.05;1981.00;4.54;0
6;bunker;2287.00;9.90;1996.00;5.74;0
6;bunker;2268.00;10.62;1960.00;3.58;0
6;bunker;2203.00;11.95;1985.00;5.14;0
6;bunker;2301.00;10.10;2024.00;1.52;0
6;bunker;2211.00;10.68;1978.00;4.19;0
6;bunker;2249.00;10.15;2004.00;2.03;0
6;bunker;2273.00;9.95;1992.00;5.05;0
6;bunker;2400.00;10.10;2032.00;6.25;0
6;coastal_bunker;2315.00;9.85;1988.00;0.89;0
6;coastal_bunker;2452.00;9.50;1956.00;1.35;0
6;coastal_bunker;2353.00;9.95;2043.00;1.53;0
6;coastal_bunker;2486.00;9.88;2027.00;1.06;0
6;coastal_bunker;2388.00;9.95;2042.00;-0.59;0
6;dockyard;2514.00;9.85;2037.00;-4.44;0
6;anti_air_building;2247.00;10.00;1985.00;0.48;0
6;anti_air_building;2458.00;10.53;2020.00;3.14;0
6;anti_air_building;2300.00;10.20;2036.00;5.81;0
6;synthetic_refinery;2251.00;10.75;1955.00;2.54;0
6;fuel_silo;2463.00;9.88;1988.00;5.21;0
6;radar_station;2343.00;9.65;2011.00;3.58;0
6;rocket_site;2265.00;10.60;1961.00;4.25;0
6;nuclear_reactor;2467.00;10.40;2037.00;0.99;0
7;arms_factory;2253.00;10.93;1948.00;5.07;0
7;arms_factory;2231.00;10.50;1950.00;1.45;0
7;arms_factory;2248.00;10.90;1943.00;4.47;0
7;arms_factory;2281.00;10.10;1942.00;0.85;0
7;arms_factory;2272.00;10.10;1905.00;3.51;0
7;arms_factory;2263.00;10.95;1949.00;1.35;0
7;industrial_complex;2275.00;10.70;1952.00;1.46;0
7;industrial_complex;2252.00;11.00;1944.00;5.58;0
7;industrial_complex;2285.00;9.95;1944.00;1.96;0
7;industrial_complex;2298.00;9.90;1961.00;6.08;0
7;industrial_complex;2275.00;10.15;1933.00;6.18;0
7;industrial_complex;2277.00;10.60;1954.00;4.02;0
7;air_base;2218.00;10.53;1911.00;0.41;0
7;naval_base;2285.00;9.60;1916.00;1.57;4145
7;bunker;2202.00;11.20;1924.00;6.09;0
7;bunker;2256.00;10.00;1909.00;2.47;0
7;bunker;2236.00;10.40;1938.00;5.13;0
7;bunker;2277.00;10.55;1952.00;1.52;0
7;bunker;2226.00;10.40;1907.00;4.54;0
7;coastal_bunker;2285.00;9.90;1930.00;1.57;0
7;dockyard;2284.00;9.90;1909.00;1.57;0
7;anti_air_building;2244.00;10.70;1928.00;5.14;0
7;anti_air_building;2224.00;10.30;1913.00;1.52;0
7;anti_air_building;2210.00;11.00;1926.00;4.19;0
7;synthetic_refinery;2198.00;10.43;1961.00;2.03;0
7;fuel_silo;2231.00;10.10;1919.00;5.05;0
7;radar_station;2247.00;10.80;1936.00;2.63;0
7;rocket_site;2274.00;10.30;1910.00;4.09;0
7;nuclear_reactor;2224.00;10.40;1927.00;0.47;0
8;arms_factory;3556.00;11.10;83.00;4.47;0
8;arms_factory;3497.00;9.80;36.00;0.85;0
8;arms_factory;3618.00;11.32;41.00;3.51;0
8;arms_factory;3464.00;10.10;45.00;1.35;0
8;arms_factory;3591.00;11.23;31.00;1.46;0
8;arms_factory;3547.00;11.57;91.00;5.58;0
8;industrial_complex;3478.00;12.25;109.00;1.96;0
8;industrial_complex;3450.00;11.23;76.00;6.08;0
8;industrial_complex;3598.00;12.25;12.00;6.18;0
8;industrial_complex;3516.00;12.25;121.00;4.02;0
8;industrial_complex;3477.00;10.00;32.00;0.41;0
8;industrial_complex;3618.00;12.75;15.00;3.07;0
8;air_base;3510.00;10.10;50.00;6.09;0
8;bunker;3562.00;11.28;82.00;2.47;0
8;bunker;3612.00;13.00;16.00;5.13;0
8;bunker;3423.00;11.23;54.00;1.52;0
8;bunker;3549.00;12.03;18.00;4.54;0
8;bunker;3506.00;9.95;79.00;5.74;0
8;bunker;3539.00;12.10;117.00;3.58;0
8;bunker;3565.00;13.12;18.00;5.14;0
8;bunker;3468.00;11.55;94.00;1.52;0
8;bunker;3453.00;11.50;9.00;4.19;0
8;anti_air_building;3568.00;11.57;52.00;2.03;0
8;anti_air_building;3444.00;11.20;30.00;5.05;0
8;anti_air_building;3640.00;13.00;14.00;6.25;0
8;synthetic_refinery;3542.00;11.18;23.00;4.09;0
8;fuel_silo;3471.00;11.25;91.00;0.47;0
8;radar_station;3534.00;10.73;67.00;3.34;0
8;rocket_site;3508.00;10.00;86.00;4.70;0
8;nuclear_reactor;3515.00;11.78;103.00;2.54;0
9;arms_factory;2165.00;11.50;1865.00;3.51;0
9;arms_factory;2196.00;13.12;1833.00;1.35;0
9;arms_factory;2186.00;11.00;1829.00;1.46;0
9;arms_factory;2174.00;11.62;1834.00;5.58;0
9;arms_factory;2227.00;11.70;1844.00;1.96;0
9;arms_factory;2175.00;12.65;1839.00;6.08;0
9;industrial_complex;2172.00;12.35;1847.00;6.18;0
9;industrial_complex;2167.00;9.88;1823.00;4.02;0
9;industrial_complex;2202.00;13.25;1900.00;0.41;0
9;industrial_complex;2226.00;14.93;1826.00;3.07;0
9;industrial_complex;2186.00;17.20;1880.00;6.09;0
9;industrial_complex;2163.00;14.12;1941.00;2.47;0
9;air_base;2185.00;16.38;1860.00;5.13;0
9;naval_base;2179.00;9.50;1823.00;-0.17;4067
9;bunker;2194.00;12.82;1833.00;4.54;0
9;bunker;2185.00;16.70;1853.00;5.74;0
9;bunker;2189.00;15.38;1903.00;3.58;0
9;bunker;2185.00;10.50;1827.00;5.14;0
9;bunker;2165.00;14.38;1932.00;1.52;0
9;bunker;2179.00;15.98;1883.00;4.19;0
9;bunker;2231.00;12.35;1837.00;2.03;0
9;bunker;2169.00;13.10;1905.00;5.05;0
9;bunker;2196.00;11.85;1922.00;6.25;0
9;bunker;2210.00;11.15;1904.00;4.09;0
9;bunker;2191.00;17.20;1871.00;0.47;0
9;bunker;2175.00;13.85;1932.00;2.04;0
9;bunker;2157.00;12.75;1921.00;4.70;0
9;bunker;2176.00;13.10;1841.00;2.54;0
9;bunker;2212.00;11.60;1887.00;3.74;0
9;coastal_bunker;2167.00;9.50;1822.00;-0.17;0
9;dockyard;2170.00;9.85;1824.00;-0.17;0
9;anti_air_building;2202.00;14.43;1885.00;5.81;0
9;anti_air_building;2169.00;11.65;1847.00;2.54;0
9;anti_air_building;2201.00;12.43;1827.00;5.21;0
9;synthetic_refinery;2169.00;10.15;1826.00;1.59;0
9;fuel_silo;2190.00;14.80;1907.00;4.25;0
9;radar_station;2189.00;17.40;1887.00;2.81;0
9;rocket_site;2184.00;17.18;1886.00;3.66;0
9;nuclear_reactor;2145.00;12.03;1947.00;0.04;0
10;arms_factory;2246.00;10.03;1883.00;1.46;0
10;arms_factory;2289.00;9.95;1888.00;5.58;0
10;arms_factory;2290.00;9.90;1877.00;1.96;0
10;arms_factory;2223.00;10.50;1885.00;6.08;0
10;arms_factory;2269.00;9.95;1866.00;6.18;0
10;arms_factory;2283.00;10.00;1894.00;4.02;0
10;industrial_complex;2223.00;10.45;1863.00;0.41;0
10;industrial_complex;2240.00;10.00;1864.00;3.07;0
10;industrial_complex;2253.00;9.90;1873.00;6.09;0
10;industrial_complex;2286.00;9.80;1867.00;2.47;0
10;industrial_complex;2247.00;10.10;1901.00;5.13;0
10;industrial_complex;2257.00;10.00;1863.00;1.52;0
10;air_base;2265.00;9.90;1890.00;4.54;0
10;naval_base;2288.00;9.88;1894.00;-4.60;4145
10;naval_base;2292.00;9.50;1874.00;1.35;4145
10;naval_base;2287.00;9.80;1866.00;-4.67;4145
10;bunker;2251.00;10.00;1882.00;1.52;0
10;bunker;2247.00;9.90;1894.00;4.19;0
10;bunker;2284.00;10.00;1889.00;2.03;0
10;bunker;2282.00;9.80;1866.00;5.05;0
10;bunker;2235.00;10.05;1867.00;6.25;0
10;bunker;2222.00;10.45;1885.00;4.09;0
10;bunker;2273.00;9.85;1883.00;0.47;0
10;coastal_bunker;2297.00;9.90;1883.00;1.35;0
10;coastal_bunker;2289.00;9.88;1892.00;-4.60;0
10;coastal_bunker;2288.00;9.80;1865.00;-4.67;0
10;dockyard;2289.00;9.85;1893.00;-4.60;0
10;anti_air_building;2254.00;9.90;1883.00;0.48;0
10;anti_air_building;2261.00;9.90;1889.00;3.14;0
10;anti_air_building;2276.00;9.90;1878.00;5.81;0
10;synthetic_refinery;2239.00;10.00;1865.00;2.54;0
10;fuel_silo;2277.00;9.90;1866.00;5.21;0
10;radar_station;2255.00;9.90;1878.00;3.58;0
10;rocket_site;2221.00;10.35;1864.00;4.25;0
10;nuclear_reactor;2232.00;10.10;1865.00;0.99;0
11;arms_factory;2107.00;10.10;1854.00;1.96;0
11;arms_factory;2104.00;10.10;1878.00;6.08;0
11;arms_factory;2099.00;10.03;1830.00;6.18;0
11;arms_factory;2097.00;10.32;1889.00;4.02;0
11;arms_factory;2102.00;10.10;1892.00;0.41;0
11;arms_factory;2113.00;10.10;1853.00;3.07;0
11;industrial_complex;2096.00;10.03;1878.00;6.09;0
11;industrial_complex;2101.00;10.10;1880.00;2.47;0
11;industrial_complex;2101.00;10.32;1888.00;5.13;0
11;industrial_complex;2104.00;10.07;1891.00;1.52;0
11;industrial_complex;2101.00;10.10;1866.00;4.54;0
11;industrial_complex;2100.00;10.10;1856.00;5.74;0
11;air_base;2093.00;10.20;1880.00;3.58;0
11;bunker;2122.00;9.90;1881.00;5.14;0
11;bunker;2108.00;10.45;1840.00;1.52;0
11;bunker;2099.00;10.10;1833.00;4.19;0
11;bunker;2122.00;10.07;1852.00;2.03;0
11;bunker;2099.00;10.10;1862.00;5.05;0
11;bunker;2095.00;10.20;1848.00;6.25;0
11;anti_air_building;2117.00;9.90;1883.00;4.09;0
11;anti_air_building;2105.00;10.10;1864.00;0.47;0
11;anti_air_building;2104.00;10.10;1868.00;2.04;0
11;synthetic_refinery;2123.00;10.00;1874.00;4.70;0
11;fuel_silo;2107.00;10.07;1881.00;2.54;0
11;radar_station;2112.00;10.15;1860.00;5.51;0
11;rocket_site;2110.00;10.05;1866.00;0.48;0
11;nuclear_reactor;2097.00;9.95;1868.00;3.14;0
12;arms_factory;2246.00;10.70;1808.00;6.18;0
12;arms_factory;2271.00;9.90;1848.00;4.02;0
12;arms_factory;2265.00;10.30;1841.00;0.41;0
12;arms_factory;2282.00;10.00;1826.00;3.07;0
12;arms_factory;2285.00;10.40;1811.00;6.09;0
12;arms_factory;2283.00;9.90;1856.00;2.47;0
12;industrial_complex;2273.00;9.90;1836.00;5.13;0
12;industrial_complex;2243.00;10.98;1834.00;1.52;0
12;industrial_complex;2290.00;10.00;1835.00;4.54;0
12;industrial_complex;2317.00;10.00;1808.00;5.74;0
12;industrial_complex;2263.00;9.98;1849.00;3.58;0
12;industrial_complex;2326.00;9.90;1828.00;5.14;0
12;air_base;2318.00;9.95;1825.00;1.52;0
12;naval_base;2323.00;9.88;1809.00;1.57;4517
12;naval_base;2306.00;9.88;1842.00;-3.93;4145
12;naval_base;2297.00;9.80;1852.00;-4.47;4145
12;naval_base;2325.00;9.82;1816.00;1.25;4517
12;naval_base;2318.00;9.88;1845.00;-3.00;4145
12;bunker;2296.00;10.40;1807.00;0.47;0
12;bunker;2325.00;9.90;1822.00;2.04;0
12;bunker;2277.00;10.25;1812.00;4.70;0
12;bunker;2252.00;11.00;1821.00;2.54;0
12;bunker;2321.00;9.90;1806.00;3.74;0
12;bunker;2294.00;9.90;1843.00;0.48;0
12;bunker;2243.00;11.05;1833.00;3.14;0
12;bunker;2247.00;10.60;1806.00;5.81;0
12;bunker;2264.00;9.95;1848.00;2.54;0
12;bunker;2305.00;10.20;1821.00;5.21;0
12;bunker;2317.00;9.90;1837.00;1.59;0
12;bunker;2293.00;9.90;1844.00;4.25;0
12;coastal_bunker;2333.00;9.85;1817.00;1.25;0
12;coastal_bunker;2329.00;9.80;1804.00;1.57;0
12;coastal_bunker;2295.00;9.88;1852.00;-4.47;0
12;coastal_bunker;2306.00;9.90;1841.00;-3.93;0
12;coastal_bunker;2317.00;9.90;1845.00;-3.00;0
12;dockyard;2323.00;9.88;1809.00;1.57;0
12;anti_air_building;2312.00;10.00;1823.00;4.76;0
12;anti_air_building;2294.00;9.90;1843.00;2.61;0
12;anti_air_building;2297.00;10.50;1810.00;2.71;0
12;synthetic_refinery;2299.00;10.50;1806.00;0.55;0
12;fuel_silo;2303.00;10.40;1815.00;3.21;0
12;radar_station;2284.00;10.00;1831.00;6.00;0
12;rocket_site;2258.00;10.62;1813.00;1.16;0
12;nuclear_reactor;2246.00;10.78;1847.00;5.28;0
13;arms_factory;2333.00;9.82;1839.00;0.41;0
13;arms_factory;2335.00;9.80;1836.00;3.07;0
13;arms_factory;2341.00;9.90;1849.00;6.09;0
13;arms_factory;2342.00;9.90;1844.00;2.47;0
13;arms_factory;2344.00;9.80;1840.00;5.13;0
13;arms_factory;2337.00;9.80;1838.00;1.52;0
13;industrial_complex;2345.00;9.90;1853.00;4.54;0
13;industrial_complex;2326.00;9.90;1847.00;5.74;0
13;industrial_complex;2341.00;9.88;1843.00;3.58;0
13;industrial_complex;2324.00;9.90;1836.00;5.14;0
13;industrial_complex;2343.00;9.80;1837.00;1.52;0
13;industrial_complex;2344.00;9.90;1852.00;4.19;0
13;air_base;2342.00;9.90;1847.00;2.03;0
13;bunker;2341.00;9.90;1861.00;6.25;0
13;bunker;2345.00;9.90;1854.00;4.09;0
13;bunker;2326.00;9.90;1846.00;0.47;0
13;coastal_bunker;2334.00;9.82;1845.00;-3.14;0
13;dockyard;2329.27;9.80;1853.57;-4.14;0
13;anti_air_building;2337.00;9.90;1860.00;2.54;0
13;anti_air_building;2338.00;9.82;1855.00;3.74;0
13;anti_air_building;2329.00;9.90;1844.00;0.48;0
13;synthetic_refinery;2339.00;9.88;1845.00;3.14;0
13;fuel_silo;2324.00;9.90;1838.00;5.81;0
13;radar_station;2337.00;9.50;1849.00;4.34;0
13;rocket_site;2344.00;9.90;1854.00;5.21;0
13;nuclear_reactor;2321.00;9.90;1844.00;1.59;0
17;arms_factory;2323.00;10.30;1539.00;3.58;0
17;arms_factory;2316.00;9.82;1528.00;5.14;0
17;arms_factory;2315.00;10.25;1542.00;1.52;0
17;arms_factory;2288.00;9.85;1533.00;4.19;0
17;arms_factory;2289.00;9.90;1532.00;2.03;0
17;arms_factory;2326.00;10.40;1544.00;5.05;0
17;industrial_complex;2311.00;9.93;1533.00;6.25;0
17;industrial_complex;2306.00;9.82;1533.00;4.09;0
17;industrial_complex;2292.00;9.93;1535.00;0.47;0
17;industrial_complex;2303.00;9.90;1534.00;2.04;0
17;industrial_complex;2333.00;10.32;1549.00;4.70;0
17;industrial_complex;2316.00;10.05;1536.00;2.54;0
17;air_base;2311.00;10.00;1536.00;3.74;0
17;naval_base;2327.00;9.50;1529.00;0.79;4235
17;naval_base;2279.00;9.50;1545.00;-0.93;4120
17;naval_base;2341.00;9.88;1542.00;1.57;4235
17;naval_base;2286.00;9.50;1525.00;-0.46;4120
17;naval_base;2302.00;9.57;1531.00;0.35;4120
17;naval_base;2311.00;9.50;1529.00;0.00;4235
17;bunker;2296.00;9.88;1528.00;4.25;0
17;bunker;2336.00;9.90;1538.00;0.99;0
17;bunker;2314.00;10.20;1542.00;3.66;0
17;bunker;2282.00;9.95;1546.00;0.04;0
17;bunker;2335.00;10.30;1548.00;2.70;0
17;bunker;2296.00;10.00;1537.00;5.72;0
17;bunker;2324.00;10.50;1549.00;0.64;0
17;coastal_bunker;2279.00;9.88;1534.00;-0.93;0
17;coastal_bunker;2321.00;9.57;1529.00;0.00;0
17;coastal_bunker;2341.00;9.85;1551.00;1.57;0
17;coastal_bunker;2326.00;9.50;1529.00;0.79;0
17;coastal_bunker;2297.00;9.57;1526.00;-0.46;0
17;coastal_bunker;2304.00;9.50;1531.00;0.35;0
17;dockyard;2283.00;9.60;1537.00;-0.93;0
17;anti_air_building;2293.00;9.90;1526.00;5.28;0
17;anti_air_building;2288.00;9.88;1526.00;0.20;0
17;anti_air_building;2323.00;10.35;1541.00;3.22;0
17;synthetic_refinery;2319.00;10.38;1541.00;5.88;0
17;fuel_silo;2315.00;9.90;1530.00;2.26;0
17;radar_station;2312.00;10.05;1541.00;0.72;0
17;rocket_site;2299.00;9.85;1530.00;1.67;0
17;nuclear_reactor;2340.00;9.98;1545.00;5.79;0
18;arms_factory;2286.00;10.62;1799.00;1.52;0
18;arms_factory;2273.00;10.95;1794.00;4.19;0
18;arms_factory;2283.00;10.70;1798.00;2.03;0
18;arms_factory;2279.00;10.70;1797.00;5.05;0
18;arms_factory;2285.00;10.70;1798.00;6.25;0
18;arms_factory;2284.00;10.85;1795.00;4.09;0
18;industrial_complex;2297.00;10.50;1800.00;0.47;0
18;industrial_complex;2289.00;10.65;1798.00;2.04;0
18;industrial_complex;2294.00;10.60;1799.00;4.70;0
18;industrial_complex;2291.00;10.65;1798.00;2.54;0
18;industrial_complex;2290.00;10.80;1795.00;3.74;0
18;industrial_complex;2298.00;10.60;1796.00;0.48;0
18;air_base;2273.00;10.82;1797.00;3.14;0
18;bunker;2272.24;10.80;1798.54;3.84;0
18;bunker;2283.13;10.70;1799.27;3.81;0
18;bunker;2293.72;10.60;1799.29;3.89;0
18;anti_air_building;2283.00;10.65;1800.00;3.66;0
18;anti_air_building;2286.00;10.73;1797.00;0.04;0
18;anti_air_building;2282.00;10.80;1796.00;2.70;0
18;synthetic_refinery;2289.00;10.57;1800.00;5.72;0
18;fuel_silo;2284.00;10.93;1794.00;0.64;0
18;radar_station;2284.00;10.73;1797.00;0.87;0
18;rocket_site;2293.00;10.60;1797.00;2.61;0
18;nuclear_reactor;2297.00;10.55;1798.00;2.71;0
21;arms_factory;2130.00;9.90;1757.00;0.47;0
21;arms_factory;2108.00;9.90;1752.00;2.04;0
21;arms_factory;2138.00;9.90;1751.00;4.70;0
21;arms_factory;2122.00;9.82;1757.00;2.54;0
21;arms_factory;2116.00;9.90;1751.00;3.74;0
21;arms_factory;2133.00;9.88;1751.00;0.48;0
21;industrial_complex;2120.00;9.85;1763.00;3.14;0
21;industrial_complex;2112.00;9.95;1751.00;5.81;0
21;industrial_complex;2135.00;9.90;1750.00;2.54;0
21;industrial_complex;2134.00;9.90;1762.00;5.21;0
21;industrial_complex;2108.00;9.90;1751.00;1.59;0
21;industrial_complex;2139.00;9.90;1758.00;4.25;0
21;air_base;2130.00;9.90;1762.00;0.99;0
21;naval_base;2131.00;9.50;1749.00;-0.98;4434
21;naval_base;2113.00;9.85;1744.00;-1.57;4434
21;naval_base;2127.00;9.82;1767.00;-3.79;4067
21;bunker;2116.00;9.90;1759.00;5.72;0
21;bunker;2137.00;9.90;1761.00;0.64;0
21;bunker;2120.00;9.90;1760.00;4.76;0
21;coastal_bunker;2112.00;9.85;1756.00;-1.57;0
21;coastal_bunker;2128.00;9.80;1767.00;-3.79;0
21;coastal_bunker;2142.00;9.80;1758.00;1.57;0
21;dockyard;2119.00;9.57;1765.00;-0.32;0
21;anti_air_building;2117.00;9.90;1749.00;4.77;0
21;anti_air_building;2121.00;9.80;1767.00;1.16;0
21;anti_air_building;2121.00;9.85;1756.00;5.28;0
21;synthetic_refinery;2113.00;9.90;1749.00;0.20;0
21;fuel_silo;2125.00;9.85;1766.00;3.22;0
21;radar_station;2126.00;9.50;1756.00;1.13;0
21;rocket_site;2109.00;9.90;1749.00;2.26;0
21;nuclear_reactor;2125.00;9.85;1766.00;0.11;0
25;arms_factory;2313.00;10.15;1800.00;2.54;0
25;arms_factory;2317.00;10.00;1796.00;5.21;0
25;arms_factory;2312.00;10.20;1797.00;1.59;0
25;arms_factory;2325.00;10.03;1799.00;4.25;0
25;arms_factory;2332.00;9.90;1800.00;0.99;0
25;arms_factory;2316.00;10.03;1794.00;3.66;0
25;industrial_complex;2331.00;10.00;1795.00;0.04;0
25;industrial_complex;2334.00;9.90;1796.00;2.70;0
25;industrial_complex;2306.00;10.50;1798.00;5.72;0
25;industrial_complex;2304.00;10.57;1799.00;0.64;0
25;industrial_complex;2308.00;10.40;1800.00;4.76;0
25;industrial_complex;2302.00;10.60;1795.00;2.61;0
25;air_base;2309.00;10.38;1795.00;2.71;0
25;bunker;2318.13;10.10;1798.71;3.91;0
25;bunker;2329.04;10.00;1798.72;3.27;0
25;bunker;2305.48;10.50;1799.57;3.86;0
25;anti_air_building;2325.00;10.00;1800.00;3.22;0
25;anti_air_building;2329.00;10.03;1794.00;5.88;0
25;anti_air_building;2324.00;10.10;1795.00;2.26;0
25;synthetic_refinery;2331.00;10.00;1795.00;0.11;0
25;fuel_silo;2309.00;10.38;1797.00;1.67;0
25;radar_station;2319.00;10.00;1796.00;6.24;0
25;rocket_site;2324.00;10.00;1799.00;0.71;0
25;nuclear_reactor;2311.00;10.40;1793.00;4.83;0
26;arms_factory;4634.00;9.90;1559.00;1.59;0
26;arms_factory;4639.00;10.20;1550.00;4.25;0
26;arms_factory;4672.00;9.88;1579.00;0.99;0
26;arms_factory;4657.00;9.90;1563.00;3.66;0
26;arms_factory;4633.00;9.93;1557.00;0.04;0
26;arms_factory;4660.00;9.93;1586.00;2.70;0
26;industrial_complex;4663.00;10.00;1577.00;5.72;0
26;industrial_complex;4654.00;9.90;1561.00;0.64;0
26;industrial_complex;4648.00;10.10;1553.00;4.76;0
26;industrial_complex;4661.00;9.93;1583.00;2.61;0
26;industrial_complex;4643.00;9.90;1567.00;2.71;0
26;industrial_complex;4663.00;9.90;1564.00;0.55;0
26;air_base;4631.00;10.05;1551.00;3.21;0
26;naval_base;4636.00;9.60;1562.00;-2.76;4527
26;naval_base;4676.00;9.85;1560.00;1.11;3594
26;naval_base;4686.00;9.50;1607.00;-3.93;4057
26;bunker;4638.00;10.32;1546.00;0.20;0
26;bunker;4661.00;9.90;1587.00;3.22;0
26;bunker;4663.00;9.90;1562.00;5.88;0
26;coastal_bunker;4673.00;9.50;1614.00;-1.57;0
26;coastal_bunker;4678.00;9.57;1562.00;1.11;0
26;coastal_bunker;4627.00;9.88;1563.00;-2.76;0
26;dockyard;4681.00;9.57;1598.00;-3.93;0
26;anti_air_building;4639.00;10.05;1552.00;0.71;0
26;anti_air_building;4660.00;10.00;1581.00;4.83;0
26;anti_air_building;4640.00;9.93;1565.00;0.11;0
26;synthetic_refinery;4640.00;9.90;1558.00;2.78;0
26;fuel_silo;4635.00;10.15;1547.00;5.44;0
26;radar_station;4658.00;10.00;1583.00;2.84;0
26;rocket_site;4637.00;9.85;1563.00;3.38;0
26;nuclear_reactor;4640.00;9.98;1555.00;1.22;0
28;arms_factory;2604.00;10.75;12.00;0.04;0
28;arms_factory;2608.00;10.70;15.00;2.70;0
28;arms_factory;2616.00;10.85;59.00;5.72;0
28;arms_factory;2593.00;11.32;84.00;0.64;0
28;arms_factory;2680.00;11.35;1.00;4.76;0
28;arms_factory;2586.00;11.70;105.00;2.61;0
28;industrial_complex;2584.00;10.70;20.00;2.71;0
28;industrial_complex;2624.00;10.85;46.00;0.55;0
28;industrial_complex;2584.00;10.70;15.00;3.21;0
28;industrial_complex;2654.00;11.50;63.00;4.77;0
28;industrial_complex;2659.00;11.80;68.00;1.16;0
28;industrial_complex;2572.00;10.40;61.00;5.28;0
28;air_base;2570.00;10.70;72.00;0.20;0
28;naval_base;2563.00;9.50;59.00;-0.56;3622
28;naval_base;2561.00;9.50;12.00;-1.33;3622
28;naval_base;2565.00;9.50;43.00;-1.77;3622
28;naval_base;2558.00;9.50;8.00;-1.43;3622
28;bunker;2625.00;11.75;95.00;1.67;0
28;bunker;2572.00;10.50;26.00;5.79;0
28;bunker;2658.00;11.20;36.00;0.71;0
28;bunker;2703.00;11.80;25.00;4.83;0
28;bunker;2706.00;11.65;47.00;0.11;0
28;bunker;2566.00;9.90;52.00;2.78;0
28;bunker;2564.00;9.93;61.00;5.44;0
28;bunker;2574.00;10.95;91.00;2.17;0
28;bunker;2642.00;11.10;43.00;3.38;0
28;bunker;2593.00;11.10;34.00;1.22;0
28;bunker;2614.00;10.80;7.00;5.34;0
28;bunker;2571.00;10.48;10.00;5.45;0
28;bunker;2643.00;11.30;28.00;3.29;0
28;bunker;2610.00;11.20;110.00;5.95;0
28;bunker;2575.00;11.10;104.00;2.33;0
28;bunker;2625.00;11.68;85.00;3.89;0
28;bunker;2582.00;11.00;75.00;1.73;0
28;bunker;2582.00;10.80;55.00;4.40;0
28;coastal_bunker;2557.00;9.50;5.00;-1.43;0
28;coastal_bunker;2565.00;9.50;47.00;-1.77;0
28;coastal_bunker;2561.00;9.65;62.00;-0.56;0
28;coastal_bunker;2561.00;9.50;34.00;-1.33;0
28;dockyard;2563.00;9.50;24.00;-1.33;0
28;anti_air_building;2604.00;10.98;7.00;2.24;0
28;anti_air_building;2574.00;11.20;84.00;3.45;0
28;anti_air_building;2635.00;10.82;53.00;1.29;0
28;synthetic_refinery;2606.00;11.05;76.00;2.85;0
28;fuel_silo;2702.00;11.80;28.00;5.51;0
28;radar_station;2646.00;11.45;66.00;4.03;0
28;rocket_site;2623.00;10.90;37.00;6.02;0
28;nuclear_reactor;2616.00;11.10;41.00;6.12;0
31;arms_factory;2072.00;9.80;1276.00;2.71;0
31;arms_factory;2069.00;9.90;1272.00;0.55;0
31;arms_factory;2069.00;10.20;1288.00;3.21;0
31;arms_factory;2048.00;9.95;1297.00;4.77;0
31;arms_factory;2075.00;10.20;1291.00;1.16;0
31;arms_factory;2044.00;10.15;1289.00;5.28;0
31;industrial_complex;2069.00;10.30;1294.00;0.20;0
31;industrial_complex;2074.00;10.25;1299.00;3.22;0
31;industrial_complex;2034.00;9.98;1281.00;5.88;0
31;industrial_complex;2069.00;9.90;1279.00;2.26;0
31;industrial_complex;2074.00;10.10;1288.00;0.11;0
31;industrial_complex;2078.00;10.00;1284.00;1.67;0
31;air_base;2082.00;10.50;1300.00;5.79;0
31;naval_base;2061.00;9.88;1304.00;-2.36;4339
31;naval_base;2049.00;9.88;1300.00;-2.42;4339
31;naval_base;2029.00;9.90;1275.00;0.46;4501
31;naval_base;2043.00;9.60;1282.00;0.14;4501
31;naval_base;2030.00;9.90;1290.00;-2.55;4339
31;naval_base;2058.00;9.50;1277.00;-1.35;4501
31;bunker;2087.00;10.32;1290.00;3.38;0
31;bunker;2071.00;9.82;1276.00;1.22;0
31;bunker;2055.00;10.03;1289.00;5.34;0
31;bunker;2028.00;10.00;1277.00;5.45;0
31;bunker;2049.00;9.90;1285.00;3.29;0
31;bunker;2075.00;10.30;1300.00;5.95;0
31;bunker;2031.00;9.95;1288.00;2.33;0
31;coastal_bunker;2046.00;9.50;1298.00;-2.82;0
31;coastal_bunker;2071.00;9.50;1314.00;-2.36;0
31;coastal_bunker;2022.00;9.65;1278.00;-2.03;0
31;coastal_bunker;2028.00;9.50;1286.00;-2.55;0
31;coastal_bunker;2051.00;9.85;1300.00;-2.42;0
31;coastal_bunker;2058.00;9.50;1276.00;-1.35;0
31;dockyard;2029.00;9.50;1289.00;-2.55;0
31;anti_air_building;2057.00;10.00;1289.00;5.50;0
31;anti_air_building;2053.00;9.90;1300.00;2.24;0
31;anti_air_building;2060.00;10.10;1297.00;3.45;0
31;synthetic_refinery;2072.00;9.80;1273.00;1.29;0
31;fuel_silo;2078.00;9.90;1278.00;2.85;0
31;radar_station;2054.00;10.15;1293.00;1.09;0
31;rocket_site;2074.00;10.20;1292.00;1.90;0
31;nuclear_reactor;2064.00;9.90;1306.00;6.02;0
35;arms_factory;4042.00;9.90;1523.00;5.88;0
35;arms_factory;4046.00;9.50;1522.00;2.26;0
35;arms_factory;4042.00;9.50;1522.00;0.11;0
35;arms_factory;4051.00;9.50;1524.00;1.67;0
35;arms_factory;4048.00;9.68;1524.00;5.79;0
35;arms_factory;4044.00;9.90;1523.00;0.71;0
35;industrial_complex;4044.00;9.50;1522.00;4.83;0
35;industrial_complex;4040.00;9.50;1522.00;0.11;0
35;industrial_complex;4047.00;9.93;1525.00;2.78;0
35;industrial_complex;4046.00;9.68;1524.00;5.44;0
35;industrial_complex;4042.00;9.90;1523.00;2.17;0
35;industrial_complex;4046.00;9.50;1522.00;3.38;0
35;air_base;4051.00;9.90;1525.00;1.22;0
35;naval_base;4052.00;9.50;1524.00;-1.57;4310
35;bunker;4048.00;9.68;1524.00;5.45;0
35;coastal_bunker;4041.00;9.90;1523.00;-1.57;0
35;dockyard;4045.00;9.50;1522.00;-1.57;0
35;anti_air_building;4041.00;9.50;1522.00;2.33;0
35;anti_air_building;4050.00;9.50;1524.00;3.89;0
35;anti_air_building;4047.00;9.95;1524.00;1.73;0
35;synthetic_refinery;4043.00;9.90;1523.00;4.40;0
35;fuel_silo;4043.00;9.50;1522.00;0.78;0
35;radar_station;4047.00;9.95;1524.00;5.25;0
35;rocket_site;4046.00;9.50;1525.00;0.18;0
35;nuclear_reactor;4047.00;9.93;1523.00;2.84;0
41;arms_factory;2440.00;9.95;1502.00;1.22;0
41;arms_factory;2440.00;9.95;1502.00;5.34;0
41;arms_factory;2439.00;9.95;1501.00;5.45;0
41;arms_factory;2439.00;9.93;1502.00;3.29;0
41;arms_factory;2438.00;9.90;1501.00;5.95;0
41;arms_factory;2438.00;9.90;1500.00;2.33;0
41;industrial_complex;2444.00;10.05;1500.00;3.89;0
41;industrial_complex;2445.00;10.00;1499.00;1.73;0
41;industrial_complex;2445.00;10.00;1499.00;4.40;0
41;industrial_complex;2443.00;9.95;1499.00;0.78;0
41;industrial_complex;2441.00;9.90;1498.00;2.34;0
41;industrial_complex;2442.00;9.90;1498.00;0.18;0
41;air_base;2443.00;10.03;1503.00;2.84;0
41;naval_base;2446.00;9.98;1501.00;1.37;4273
41;bunker;2445.00;10.05;1501.00;2.24;0
41;coastal_bunker;2444.00;9.50;1497.00;-1.57;0
41;dockyard;2438.00;9.90;1502.00;-1.57;0
41;anti_air_building;2444.00;10.05;1500.00;2.85;0
41;anti_air_building;2443.00;10.07;1501.00;5.51;0
41;anti_air_building;2443.00;10.05;1500.00;1.90;0
41;synthetic_refinery;2443.00;10.05;1500.00;6.02;0
41;fuel_silo;2441.00;9.98;1500.00;6.12;0
41;radar_station;2442.00;10.03;1501.00;6.20;0
41;rocket_site;2442.00;9.95;1499.00;1.80;0
41;nuclear_reactor;2440.00;9.90;1499.00;4.46;0
42;arms_factory;2303.00;9.82;1497.00;5.45;0
42;arms_factory;2305.00;9.90;1497.00;3.29;0
42;arms_factory;2305.00;9.90;1498.00;5.95;0
42;arms_factory;2304.00;9.88;1499.00;2.33;0
42;arms_factory;2305.00;9.90;1499.00;3.89;0
42;arms_factory;2319.00;9.82;1495.00;1.73;0
42;industrial_complex;2304.00;9.90;1498.00;4.40;0
42;industrial_complex;2307.00;9.85;1496.00;0.78;0
42;industrial_complex;2307.00;9.90;1497.00;2.34;0
42;industrial_complex;2306.00;9.90;1500.00;0.18;0
42;industrial_complex;2303.00;9.82;1499.00;2.84;0
42;industrial_complex;2306.00;9.85;1496.00;5.50;0
42;air_base;2306.00;9.90;1497.00;2.24;0
42;naval_base;2308.00;9.82;1496.00;0.00;4120
42;naval_base;2291.00;9.50;1493.00;-1.57;4120
42;naval_base;2320.00;9.60;1494.00;-1.57;4120
42;bunker;2305.00;9.90;1500.00;5.51;0
42;bunker;2318.00;9.80;1496.00;1.90;0
42;bunker;2293.00;9.88;1493.00;6.02;0
42;coastal_bunker;2317.00;9.80;1497.00;-1.57;0
42;coastal_bunker;2291.00;9.50;1492.00;-1.57;0
42;coastal_bunker;2306.00;9.85;1501.00;0.00;0
42;dockyard;2321.00;9.60;1494.00;-1.57;0
42;anti_air_building;2304.00;9.88;1497.00;6.03;0
42;anti_air_building;2305.00;9.90;1498.00;2.41;0
42;anti_air_building;2303.00;9.82;1497.00;0.25;0
42;synthetic_refinery;2305.00;9.90;1499.00;1.45;0
42;fuel_silo;2306.00;9.90;1500.00;4.47;0
42;radar_station;2306.00;9.85;1496.00;2.04;0
42;rocket_site;2307.00;9.85;1496.00;3.52;0
42;nuclear_reactor;2307.00;9.90;1497.00;5.08;0
44;arms_factory;2360.00;9.90;1497.00;3.89;0
44;arms_factory;2360.00;9.90;1496.00;1.73;0
44;arms_factory;2360.00;9.90;1496.00;4.40;0
44;arms_factory;2360.00;9.85;1495.00;0.78;0
44;arms_factory;2364.00;9.90;1496.00;2.34;0
44;arms_factory;2365.00;9.90;1496.00;0.18;0
44;industrial_complex;2365.00;9.90;1495.00;2.84;0
44;industrial_complex;2365.00;9.90;1495.00;5.50;0
44;industrial_complex;2362.00;9.90;1497.00;2.24;0
44;industrial_complex;2362.00;9.90;1497.00;3.45;0
44;industrial_complex;2361.00;9.90;1496.00;1.29;0
44;industrial_complex;2362.00;9.85;1495.00;2.85;0
44;air_base;2362.00;9.85;1495.00;5.51;0
44;naval_base;2365.00;9.50;1493.00;-1.57;4235
44;bunker;2359.00;9.90;1497.00;6.02;0
44;coastal_bunker;2358.00;9.85;1497.00;-1.57;0
44;dockyard;2362.00;9.85;1498.00;-1.57;0
44;anti_air_building;2365.00;9.85;1494.00;1.80;0
44;anti_air_building;2362.00;9.90;1496.00;4.46;0
44;anti_air_building;2362.00;9.90;1496.00;6.03;0
44;synthetic_refinery;2364.00;9.88;1495.00;2.41;0
44;fuel_silo;2360.00;9.90;1497.00;0.25;0
44;radar_station;2362.00;9.90;1496.00;2.80;0
44;rocket_site;2359.00;9.88;1496.00;4.47;0
44;nuclear_reactor;2359.00;9.88;1496.00;0.85;0
45;arms_factory;2342.00;10.50;1585.00;4.40;0
45;arms_factory;2325.00;10.65;1571.00;0.78;0
45;arms_factory;2336.00;10.88;1600.00;2.34;0
45;arms_factory;2340.00;10.48;1577.00;0.18;0
45;arms_factory;2346.00;9.95;1566.00;2.84;0
45;arms_factory;2333.00;10.80;1582.00;5.50;0
45;industrial_complex;2330.00;10.43;1559.00;2.24;0
45;industrial_complex;2335.00;10.90;1586.00;3.45;0
45;industrial_complex;2333.00;10.40;1563.00;1.29;0
45;industrial_complex;2339.00;10.75;1588.00;2.85;0
45;industrial_complex;2328.00;10.43;1567.00;5.51;0
45;industrial_complex;2337.00;10.82;1593.00;1.90;0
45;air_base;2331.00;10.57;1573.00;6.02;0
45;naval_base;2346.00;9.90;1570.00;0.98;4235
45;naval_base;2350.00;9.98;1578.00;1.03;4235
45;bunker;2343.00;10.05;1570.00;1.80;0
45;bunker;2337.00;10.30;1563.00;4.46;0
45;bunker;2331.00;10.80;1577.00;6.03;0
45;bunker;2340.00;10.82;1599.00;2.41;0
45;bunker;2347.00;10.10;1588.00;0.25;0
45;coastal_bunker;2352.00;9.68;1580.00;1.03;0
45;coastal_bunker;2346.00;9.88;1558.00;0.98;0
45;dockyard;2345.00;9.93;1560.00;0.98;0
45;anti_air_building;2330.00;10.85;1581.00;3.52;0
45;anti_air_building;2330.00;10.45;1557.00;5.08;0
45;anti_air_building;2332.00;10.82;1585.00;2.92;0
45;synthetic_refinery;2333.00;10.40;1562.00;5.58;0
45;fuel_silo;2350.00;9.93;1576.00;1.96;0
45;radar_station;2336.00;10.70;1581.00;0.10;0
45;rocket_site;2335.00;10.90;1592.00;6.19;0
45;nuclear_reactor;2336.00;10.43;1571.00;4.03;0
56;arms_factory;2139.00;10.05;1421.00;0.85;0
56;arms_factory;2163.00;10.00;1425.00;3.52;0
56;arms_factory;2194.00;10.38;1415.00;5.08;0
56;arms_factory;2160.00;9.90;1434.00;2.92;0
56;arms_factory;2183.00;10.00;1397.00;5.58;0
56;arms_factory;2183.00;10.00;1419.00;1.96;0
56;industrial_complex;2189.00;10.07;1410.00;4.98;0
56;industrial_complex;2150.00;10.07;1423.00;6.19;0
56;industrial_complex;2174.00;10.53;1433.00;4.03;0
56;industrial_complex;2180.00;10.10;1425.00;0.41;0
56;industrial_complex;2151.00;9.90;1427.00;1.97;0
56;industrial_complex;2158.00;10.03;1446.00;4.63;0
56;air_base;2159.00;9.90;1438.00;2.47;0
56;naval_base;2138.00;9.50;1413.00;-0.32;4325
56;naval_base;2161.00;9.90;1420.00;0.00;4325
56;naval_base;2174.00;9.50;1420.00;0.00;4325
56;naval_base;2179.00;9.90;1401.00;-1.77;4325
56;naval_base;2155.00;9.65;1436.00;-1.35;4532
56;naval_base;2177.00;9.50;1413.00;-1.57;4325
56;bunker;2184.00;10.00;1407.00;2.98;0
56;bunker;2194.00;10.95;1433.00;4.19;0
56;bunker;2185.00;10.07;1399.00;0.92;0
56;bunker;2160.00;9.90;1435.00;3.59;0
56;bunker;2157.00;10.00;1419.00;6.25;0
56;bunker;2140.00;10.10;1419.00;2.64;0
56;bunker;2169.00;9.85;1421.00;5.65;0
56;coastal_bunker;2148.00;9.90;1426.00;-2.68;0
56;coastal_bunker;2131.00;9.50;1415.00;-0.32;0
56;coastal_bunker;2174.00;9.60;1421.00;0.00;0
56;coastal_bunker;2179.00;9.50;1392.00;-1.77;0
56;coastal_bunker;2159.00;9.65;1435.00;-1.35;0
56;coastal_bunker;2176.00;9.50;1413.00;-1.57;0
56;dockyard;2132.00;9.60;1417.00;-2.50;0
56;anti_air_building;2185.00;10.00;1394.00;1.09;0
56;anti_air_building;2189.00;10.53;1429.00;5.21;0
56;anti_air_building;2187.00;10.00;1408.00;1.59;0
56;synthetic_refinery;2151.00;10.20;1421.00;3.15;0
56;fuel_silo;2181.00;10.45;1432.00;0.99;0
56;radar_station;2166.00;9.50;1421.00;4.48;0
56;rocket_site;2166.00;10.20;1427.00;0.04;0
56;nuclear_reactor;2159.00;10.05;1445.00;1.60;0
57;arms_factory;2391.00;9.95;1404.00;5.08;0
57;arms_factory;2352.00;11.15;1390.00;2.92;0
57;arms_factory;2380.00;10.40;1423.00;5.58;0
57;arms_factory;2371.00;10.45;1364.00;1.96;0
57;arms_factory;2392.00;10.00;1431.00;4.98;0
57;arms_factory;2372.00;10.10;1395.00;6.19;0
57;industrial_complex;2377.00;10.45;1409.00;4.03;0
57;industrial_complex;2398.00;10.10;1408.00;0.41;0
57;industrial_complex;2375.00;10.50;1416.00;1.97;0
57;industrial_complex;2405.00;10.15;1415.00;4.63;0
57;industrial_complex;2391.00;10.00;1426.00;2.47;0
57;industrial_complex;2371.00;10.07;1383.00;5.14;0
57;air_base;2394.00;9.90;1371.00;0.41;0
57;naval_base;2417.00;9.93;1448.00;-4.12;4281
57;naval_base;2430.00;9.90;1387.00;-4.33;4281
57;naval_base;2417.00;9.90;1412.00;1.33;4281
57;naval_base;2427.00;9.90;1420.00;-3.93;4281
57;naval_base;2380.00;9.65;1375.00;0.24;4265
57;naval_base;2399.00;9.60;1437.00;1.19;4281
57;naval_base;2359.00;9.57;1437.00;-2.36;4281
57;naval_base;2388.00;9.90;1352.00;1.43;4265
57;naval_base;2391.00;9.93;1396.00;1.11;4281
57;naval_base;2419.00;9.50;1373.00;0.46;4265
57;naval_base;2384.00;9.60;1447.00;-3.03;4281
57;naval_base;2402.00;9.90;1405.00;0.79;4281
57;naval_base;2408.00;9.90;1390.00;-2.60;4281
57;naval_base;2403.00;9.85;1431.00;-3.64;4281
57;naval_base;2377.00;9.90;1384.00;-4.33;4281
57;naval_base;2348.00;9.57;1429.00;-2.76;4281
57;bunker;2398.00;10.10;1408.00;3.15;0
57;bunker;2383.00;10.30;1416.00;6.16;0
57;bunker;2346.00;10.10;1416.00;1.09;0
57;bunker;2378.00;10.40;1405.00;5.21;0
57;bunker;2361.00;10.53;1396.00;1.59;0
57;bunker;2358.00;11.25;1379.00;3.15;0
57;bunker;2395.00;10.30;1381.00;0.99;0
57;bunker;2368.00;10.30;1394.00;3.66;0
57;bunker;2415.00;9.90;1445.00;0.04;0
57;bunker;2412.00;9.98;1425.00;1.60;0
57;bunker;2393.00;9.90;1429.00;5.72;0
57;bunker;2358.00;9.90;1424.00;0.65;0
57;bunker;2390.00;10.10;1381.00;4.77;0
57;bunker;2416.00;10.03;1388.00;0.04;0
57;bunker;2373.00;10.50;1358.00;4.17;0
57;bunker;2417.00;10.00;1377.00;5.37;0
57;bunker;2388.00;10.10;1421.00;3.21;0
57;bunker;2378.00;10.15;1396.00;6.23;0
57;bunker;2404.00;10.00;1408.00;1.16;0
57;bunker;2358.00;9.85;1434.00;5.28;0
57;bunker;2383.00;10.10;1440.00;0.55;0
57;coastal_bunker;2383.00;9.90;1394.00;1.11;0
57;coastal_bunker;2422.00;9.90;1428.00;-3.93;0
57;coastal_bunker;2394.00;9.50;1403.00;0.79;0
57;coastal_bunker;2418.00;9.90;1446.00;-4.12;0
57;coastal_bunker;2358.00;9.82;1436.00;-2.36;0
57;coastal_bunker;2374.00;9.60;1445.00;-3.03;0
57;coastal_bunker;2391.00;9.50;1372.00;0.24;0
57;coastal_bunker;2412.00;9.50;1409.00;1.33;0
57;coastal_bunker;2407.00;9.65;1376.00;0.46;0
57;coastal_bunker;2424.00;9.90;1388.00;-4.33;0
57;coastal_bunker;2398.00;9.88;1447.00;1.19;0
57;coastal_bunker;2373.00;9.90;1388.00;-4.33;0
57;coastal_bunker;2375.00;9.68;1373.00;1.43;0
57;coastal_bunker;2348.00;9.57;1429.00;-2.76;0
57;coastal_bunker;2402.00;9.90;1391.00;-2.60;0
57;coastal_bunker;2404.00;9.60;1432.00;-3.64;0
57;dockyard;2418.00;9.90;1452.00;-4.12;0
57;anti_air_building;2352.00;11.15;1390.00;5.95;0
57;anti_air_building;2361.00;9.95;1423.00;2.68;0
57;anti_air_building;2382.00;10.25;1402.00;3.90;0
57;synthetic_refinery;2392.00;10.00;1431.00;1.73;0
57;fuel_silo;2346.00;9.90;1421.00;4.40;0
57;radar_station;2386.00;10.30;1405.00;1.04;0
57;rocket_site;2398.00;10.10;1408.00;2.34;0
57;nuclear_reactor;2411.00;10.03;1389.00;0.18;0
61;arms_factory;2659.00;10.57;1456.00;1.97;0
61;arms_factory;2654.00;10.60;1458.00;4.63;0
61;arms_factory;2650.00;10.25;1456.00;2.47;0
61;arms_factory;2652.00;10.60;1458.00;5.14;0
61;arms_factory;2641.00;10.25;1460.00;0.41;0
61;arms_factory;2651.00;10.60;1458.00;4.54;0
61;industrial_complex;2640.00;10.20;1460.00;0.92;0
61;industrial_complex;2657.00;10.10;1465.00;2.48;0
61;industrial_complex;2658.00;10.50;1459.00;5.14;0
61;industrial_complex;2658.00;10.30;1462.00;2.98;0
61;industrial_complex;2658.00;10.45;1454.00;4.19;0
61;industrial_complex;2659.00;10.57;1456.00;0.92;0
61;air_base;2657.00;10.43;1454.00;3.59;0
61;naval_base;2659.00;10.10;1464.00;-1.11;3793
61;naval_base;2663.00;9.60;1477.00;-2.68;3467
61;bunker;2656.00;10.60;1456.00;5.65;0
61;bunker;2665.00;9.85;1469.00;2.04;0
61;coastal_bunker;2666.00;9.85;1469.00;0.00;0
61;coastal_bunker;2659.00;10.10;1464.00;-1.11;0
61;dockyard;2653.00;9.50;1465.00;-3.46;0
61;anti_air_building;2656.00;10.15;1465.00;0.48;0
61;anti_air_building;2657.00;10.50;1459.00;3.15;0
61;anti_air_building;2657.00;10.10;1464.00;6.16;0
61;synthetic_refinery;2656.00;10.35;1454.00;1.09;0
61;fuel_silo;2638.00;10.25;1462.00;5.21;0
61;radar_station;2652.00;9.50;1466.00;2.31;0
61;rocket_site;2656.00;10.60;1456.00;3.15;0
61;nuclear_reactor;2654.00;10.25;1454.00;0.99;0
72;arms_factory;3822.00;9.88;1441.00;6.16;0
72;arms_factory;3822.00;9.88;1440.00;1.09;0
72;arms_factory;3822.00;9.88;1440.00;5.21;0
72;arms_factory;3824.00;9.88;1441.00;1.59;0
72;arms_factory;3823.00;9.90;1441.00;3.15;0
72;arms_factory;3823.00;9.90;1441.00;0.99;0
72;industrial_complex;3822.00;9.88;1441.00;3.66;0
72;industrial_complex;3822.00;9.88;1440.00;0.04;0
72;industrial_complex;3824.00;9.88;1441.00;1.60;0
72;industrial_complex;3824.00;9.88;1441.00;5.72;0
72;industrial_complex;3823.00;9.90;1441.00;0.65;0
72;industrial_complex;3822.00;9.88;1441.00;4.77;0
72;air_base;3822.00;9.88;1440.00;0.04;0
72;naval_base;3823.00;9.85;1442.00;-1.57;3980
72;bunker;3824.00;9.88;1441.00;5.37;0
72;coastal_bunker;3821.00;9.88;1439.00;-1.57;0
72;dockyard;3820.00;9.82;1438.00;-1.57;0
72;anti_air_building;3822.00;9.88;1441.00;1.16;0
72;anti_air_building;3822.00;9.88;1440.00;5.28;0
72;anti_air_building;3824.00;9.88;1441.00;0.55;0
72;synthetic_refinery;3824.00;9.88;1441.00;3.22;0
72;fuel_silo;3823.00;9.90;1441.00;5.88;0
72;radar_station;3822.00;9.88;1440.00;2.80;0
72;rocket_site;3822.00;9.88;1440.00;3.83;0
72;nuclear_reactor;3822.00;9.88;1440.00;1.67;0
74;arms_factory;3173.00;9.90;1435.00;3.15;0
74;arms_factory;3175.00;9.90;1432.00;0.99;0
74;arms_factory;3174.00;9.90;1434.00;3.66;0
74;arms_factory;3174.00;9.90;1432.00;0.04;0
74;arms_factory;3175.00;9.90;1432.00;1.60;0
74;arms_factory;3173.00;9.90;1435.00;5.72;0
74;industrial_complex;3173.00;9.90;1435.00;0.65;0
74;industrial_complex;3174.00;9.90;1433.00;4.77;0
74;industrial_complex;3173.00;9.90;1435.00;0.04;0
74;industrial_complex;3174.00;9.90;1432.00;4.17;0
74;industrial_complex;3174.00;9.90;1434.00;5.37;0
74;industrial_complex;3174.00;9.90;1434.00;3.21;0
74;air_base;3174.00;9.90;1432.00;6.23;0
74;naval_base;3177.00;9.65;1428.00;0.00;3842
74;bunker;3173.00;9.90;1435.00;5.28;0
74;coastal_bunker;3172.00;9.50;1436.00;0.00;0
74;dockyard;3174.00;9.50;1431.00;0.00;0
74;anti_air_building;3174.00;9.90;1432.00;5.88;0
74;anti_air_building;3174.00;9.90;1432.00;3.73;0
74;anti_air_building;3174.00;9.90;1434.00;3.83;0
74;synthetic_refinery;3175.00;9.90;1432.00;1.67;0
74;fuel_silo;3175.00;9.90;1432.00;4.33;0
74;radar_station;3176.00;9.65;1431.00;2.73;0
74;rocket_site;3173.00;9.90;1435.00;3.73;0
74;nuclear_reactor;3174.00;9.90;1433.00;0.11;0
75;arms_factory;1876.00;9.90;1430.00;3.66;0
75;arms_factory;1881.00;9.90;1436.00;0.04;0
75;arms_factory;1879.00;9.93;1434.00;1.60;0
75;arms_factory;1878.00;9.90;1433.00;5.72;0
75;arms_factory;1876.00;9.90;1432.00;0.65;0
75;arms_factory;1875.00;9.90;1431.00;4.77;0
75;industrial_complex;1874.00;9.82;1429.00;0.04;0
75;industrial_complex;1881.00;9.93;1435.00;4.17;0
75;industrial_complex;1880.00;9.98;1433.00;5.37;0
75;industrial_complex;1878.00;9.90;1432.00;3.21;0
75;industrial_complex;1878.00;9.88;1431.00;6.23;0
75;industrial_complex;1876.00;9.90;1430.00;1.16;0
75;air_base;1881.00;9.90;1436.00;5.28;0
75;naval_base;1876.00;9.50;1428.00;-1.57;3962
75;bunker;1878.00;9.90;1433.00;3.22;0
75;coastal_bunker;1873.00;9.50;1428.00;-1.57;0
75;dockyard;1883.00;9.50;1432.00;-1.57;0
75;anti_air_building;1874.00;9.82;1429.00;3.83;0
75;anti_air_building;1882.00;9.93;1434.00;1.67;0
75;anti_air_building;1881.00;9.93;1433.00;4.33;0
75;synthetic_refinery;1877.00;9.90;1432.00;0.71;0
75;fuel_silo;1878.00;9.88;1431.00;3.73;0
75;radar_station;1878.00;9.90;1433.00;0.86;0
75;rocket_site;1882.00;9.93;1435.00;2.78;0
75;nuclear_reactor;1879.00;9.93;1434.00;5.44;0
85;arms_factory;2128.00;10.82;1228.00;0.71;0
85;arms_factory;2178.00;13.50;1266.00;3.73;0
85;arms_factory;2141.00;11.05;1275.00;0.11;0
85;arms_factory;2174.00;13.00;1272.00;2.78;0
85;arms_factory;2140.00;10.78;1284.00;5.44;0
85;arms_factory;2161.00;11.50;1227.00;2.17;0
85;industrial_complex;2142.00;12.20;1252.00;4.84;0
85;industrial_complex;2146.00;11.50;1265.00;1.23;0
85;industrial_complex;2171.00;14.00;1259.00;2.78;0
85;industrial_complex;2193.00;11.40;1240.00;0.62;0
85;industrial_complex;2168.00;14.32;1272.00;1.83;0
85;industrial_complex;2162.00;11.68;1241.00;5.95;0
85;air_base;2118.00;10.65;1271.00;2.68;0
85;bunker;2179.00;11.43;1243.00;3.90;0
85;bunker;2180.00;11.68;1248.00;1.73;0
85;bunker;2168.00;12.20;1251.00;4.40;0
85;bunker;2126.00;10.48;1265.00;5.96;0
85;bunker;2187.00;12.70;1260.00;2.34;0
85;bunker;2157.00;12.20;1248.00;0.18;0
85;bunker;2113.00;10.60;1291.00;1.39;0
85;bunker;2131.00;10.40;1266.00;4.40;0
85;bunker;2181.00;11.80;1229.00;0.79;0
85;bunker;2120.00;10.90;1251.00;4.91;0
85;bunker;2156.00;13.25;1256.00;0.18;0
85;bunker;2144.00;11.25;1277.00;2.85;0
85;bunker;2167.00;11.05;1219.00;0.69;0
85;bunker;2141.00;10.85;1234.00;1.90;0
85;bunker;2134.00;10.93;1231.00;4.91;0
85;bunker;2133.00;10.55;1225.00;1.29;0
85;anti_air_building;2136.00;10.73;1226.00;3.96;0
85;anti_air_building;2148.00;11.05;1239.00;0.34;0
85;anti_air_building;2127.00;10.70;1287.00;3.36;0
85;synthetic_refinery;2178.00;12.82;1269.00;4.57;0
85;fuel_silo;2139.00;10.85;1283.00;2.41;0
85;radar_station;2155.00;13.15;1258.00;0.06;0
85;rocket_site;2136.00;10.60;1286.00;0.35;0
85;nuclear_reactor;2161.00;14.50;1263.00;4.47;0
98;arms_factory;2133.00;12.95;1308.00;1.90;0
98;arms_factory;2166.00;12.48;1290.00;4.91;0
98;arms_factory;2139.00;10.90;1294.00;1.29;0
98;arms_factory;2127.00;10.00;1363.00;3.96;0
98;arms_factory;2099.00;10.70;1343.00;0.34;0
98;arms_factory;2141.00;11.80;1325.00;3.36;0
98;industrial_complex;2094.00;10.78;1317.00;4.57;0
98;industrial_complex;2167.00;10.00;1326.00;2.41;0
98;industrial_complex;2116.00;10.93;1315.00;0.25;0
98;industrial_complex;2110.00;10.70;1310.00;0.35;0
98;industrial_complex;2147.00;10.93;1318.00;4.47;0
98;industrial_complex;2165.00;9.90;1326.00;0.85;0
98;air_base;2079.00;10.40;1305.00;3.87;0
98;naval_base;2124.00;9.85;1369.00;-2.90;4325
98;naval_base;2071.00;9.50;1336.00;-0.79;4339
98;naval_base;2097.00;9.98;1371.00;-3.14;4325
98;naval_base;2140.00;9.82;1368.00;-2.90;4325
98;naval_base;2081.00;9.65;1368.00;-1.89;4325
98;naval_base;2077.00;9.65;1328.00;-1.33;4339
98;naval_base;2086.00;9.68;1353.00;-1.93;4325
98;naval_base;2069.00;9.50;1317.00;-2.25;4339
98;bunker;2114.00;10.75;1347.00;3.42;0
98;bunker;2113.00;10.35;1357.00;4.64;0
98;bunker;2143.00;11.55;1323.00;2.48;0
98;bunker;2152.00;9.85;1344.00;4.03;0
98;bunker;2136.00;10.45;1342.00;0.41;0
98;bunker;2079.00;9.90;1341.00;3.08;0
98;bunker;2126.00;10.95;1341.00;0.92;0
98;bunker;2132.00;9.90;1367.00;1.02;0
98;bunker;2085.00;10.05;1365.00;5.15;0
98;bunker;2158.00;10.00;1326.00;2.98;0
98;bunker;2099.00;10.78;1337.00;4.54;0
98;bunker;2085.00;10.45;1322.00;0.92;0
98;bunker;2167.00;11.07;1302.00;3.59;0
98;bunker;2115.00;10.90;1320.00;1.43;0
98;bunker;2157.00;10.78;1303.00;1.53;0
98;bunker;2090.00;10.07;1352.00;5.65;0
98;bunker;2165.00;13.05;1287.00;2.04;0
98;bunker;2100.00;10.95;1319.00;4.70;0
98;bunker;2135.00;14.20;1316.00;6.26;0
98;bunker;2094.00;10.03;1370.00;4.10;0
98;bunker;2112.00;10.68;1308.00;0.48;0
98;bunker;2125.00;11.73;1327.00;3.15;0
98;coastal_bunker;2080.00;9.50;1359.00;-1.89;0
98;coastal_bunker;2140.00;9.82;1368.00;-2.90;0
98;coastal_bunker;2127.00;9.85;1369.00;-2.90;0
98;coastal_bunker;2071.00;9.50;1331.00;-0.79;0
98;coastal_bunker;2077.00;9.65;1328.00;-1.33;0
98;coastal_bunker;2105.00;9.68;1368.00;-3.14;0
98;coastal_bunker;2073.00;9.50;1324.00;-2.25;0
98;coastal_bunker;2087.00;9.95;1353.00;-1.93;0
98;dockyard;2107.00;9.65;1364.00;-3.14;0
98;anti_air_building;2133.00;11.80;1330.00;5.72;0
98;anti_air_building;2156.00;10.25;1309.00;2.10;0
98;anti_air_building;2106.00;10.78;1340.00;3.66;0
98;synthetic_refinery;2161.00;12.80;1287.00;0.04;0
98;fuel_silo;2104.00;10.60;1304.00;4.17;0
98;radar_station;2123.00;11.68;1322.00;0.51;0
98;rocket_site;2131.00;13.73;1318.00;2.11;0
98;nuclear_reactor;2124.00;10.48;1351.00;4.78;0
105;arms_factory;2047.00;9.98;1326.00;2.92;0
105;arms_factory;2045.00;9.90;1321.00;5.58;0
105;arms_factory;2049.00;9.93;1327.00;0.86;0
105;arms_factory;2052.00;9.90;1338.00;3.52;0
105;arms_factory;2048.00;9.98;1327.00;1.36;0
105;arms_factory;2052.00;9.90;1336.00;4.03;0
105;industrial_complex;2046.00;9.98;1327.00;5.59;0
105;industrial_complex;2051.00;9.90;1336.00;3.42;0
105;industrial_complex;2049.00;9.98;1328.00;4.64;0
105;industrial_complex;2051.00;9.90;1335.00;2.48;0
105;industrial_complex;2047.00;9.98;1326.00;4.03;0
105;industrial_complex;2044.00;9.90;1322.00;0.41;0
105;air_base;2046.00;10.00;1326.00;3.08;0
105;naval_base;2053.00;9.90;1339.00;-3.14;4339
105;bunker;2048.00;9.98;1327.00;1.02;0
105;coastal_bunker;2043.00;9.65;1327.00;-3.14;0
105;dockyard;2047.00;9.65;1330.00;-3.14;0
105;anti_air_building;2051.00;9.90;1336.00;4.54;0
105;anti_air_building;2045.00;9.93;1327.00;0.92;0
105;anti_air_building;2052.00;9.90;1335.00;3.59;0
105;synthetic_refinery;2048.00;9.98;1328.00;1.43;0
105;fuel_silo;2052.00;9.90;1334.00;1.53;0
105;radar_station;2048.00;9.90;1330.00;0.79;0
105;rocket_site;2045.00;9.90;1321.00;2.04;0
105;nuclear_reactor;2045.00;9.98;1326.00;4.70;0
110;arms_factory;2341.00;11.23;1615.00;4.03;0
110;arms_factory;2385.00;10.05;1579.00;0.41;0
110;arms_factory;2365.00;10.43;1615.00;3.08;0
110;arms_factory;2352.00;10.40;1634.00;0.92;0
110;arms_factory;2355.00;10.60;1616.00;1.02;0
110;arms_factory;2333.00;10.95;1649.00;5.15;0
110;industrial_complex;2370.00;10.05;1600.00;2.98;0
110;industrial_complex;2340.00;11.30;1609.00;4.54;0
110;industrial_complex;2346.00;10.75;1597.00;0.92;0
110;industrial_complex;2345.00;10.85;1622.00;3.59;0
110;industrial_complex;2353.00;10.85;1597.00;1.43;0
110;industrial_complex;2355.00;10.45;1622.00;1.53;0
110;air_base;2339.00;10.60;1643.00;5.65;0
110;naval_base;2385.00;9.50;1576.00;-0.46;3937
110;naval_base;2394.00;9.98;1583.00;0.00;3937
110;naval_base;2407.00;9.90;1576.00;1.57;3937
110;naval_base;2380.00;9.90;1599.00;-3.68;3597
110;naval_base;2378.00;9.50;1604.00;-4.47;3597
110;naval_base;2362.00;9.90;1580.00;-0.22;4235
110;naval_base;2371.00;9.65;1623.00;-4.12;3597
110;naval_base;2367.00;9.90;1639.00;-4.51;3597
110;bunker;2343.00;10.60;1651.00;5.22;0
110;bunker;2361.00;10.60;1613.00;0.49;0
110;bunker;2349.00;10.30;1645.00;4.61;0
110;bunker;2341.00;11.30;1606.00;5.82;0
110;bunker;2367.00;10.30;1599.00;3.66;0
110;bunker;2397.00;10.07;1577.00;5.22;0
110;bunker;2361.00;10.00;1635.00;1.60;0
110;bunker;2371.00;10.07;1605.00;5.72;0
110;bunker;2341.00;10.80;1629.00;2.10;0
110;bunker;2408.00;9.95;1575.00;3.66;0
110;bunker;2379.00;9.98;1590.00;0.04;0
110;bunker;2382.00;10.10;1581.00;4.17;0
110;coastal_bunker;2398.00;9.93;1581.00;0.00;0
110;coastal_bunker;2378.00;9.65;1599.00;-3.68;0
110;coastal_bunker;2372.00;9.90;1633.00;-4.51;0
110;coastal_bunker;2363.00;9.65;1580.00;-0.22;0
110;coastal_bunker;2370.00;9.90;1623.00;-4.12;0
110;coastal_bunker;2378.00;9.50;1604.00;-4.47;0
110;coastal_bunker;2412.00;9.65;1573.00;1.57;0
110;coastal_bunker;2378.00;9.65;1577.00;-0.46;0
110;dockyard;2378.00;9.90;1594.00;-3.68;0
110;anti_air_building;2360.00;10.73;1610.00;5.28;0
110;anti_air_building;2373.00;9.95;1599.00;1.67;0
110;anti_air_building;2339.00;11.40;1614.00;4.33;0
110;synthetic_refinery;2347.00;10.65;1633.00;1.07;0
110;fuel_silo;2363.00;10.57;1614.00;2.27;0
110;radar_station;2370.00;10.00;1616.00;5.87;0
110;rocket_site;2359.00;10.90;1599.00;2.78;0
110;nuclear_reactor;2348.00;11.15;1608.00;4.34;0
114;air_base;2126.00;10.07;1634.00;1.09;0
114;bunker;2152.00;9.50;1608.00;5.22;0
114;bunker;2116.00;9.90;1625.00;5.82;0
114;bunker;2123.00;9.95;1636.00;5.22;0
114;bunker;2137.00;10.70;1634.00;1.60;0
114;bunker;2130.00;10.53;1598.00;5.72;0
114;anti_air_building;2161.00;10.10;1602.00;2.10;0
114;anti_air_building;2116.00;9.95;1604.00;3.66;0
114;anti_air_building;2137.00;10.65;1610.00;0.04;0
114;synthetic_refinery;2111.00;10.03;1624.00;4.17;0
114;radar_station;2139.00;10.53;1616.00;3.44;0
114;rocket_site;2122.00;9.93;1631.00;4.78;0
118;arms_factory;2426.00;9.90;1181.00;4.10;0
118;arms_factory;2427.00;9.85;1171.00;0.48;0
118;arms_factory;2423.00;9.90;1173.00;3.15;0
118;arms_factory;2424.00;9.90;1182.00;6.16;0
118;arms_factory;2429.00;9.90;1164.00;1.09;0
118;arms_factory;2424.00;9.90;1167.00;5.22;0
118;industrial_complex;2423.00;9.90;1179.00;0.49;0
118;industrial_complex;2423.00;9.90;1159.00;4.61;0
118;industrial_complex;2422.00;9.90;1172.00;5.82;0
118;industrial_complex;2428.00;9.85;1173.00;3.66;0
118;industrial_complex;2424.00;9.90;1185.00;5.22;0
118;industrial_complex;2423.00;9.88;1166.00;1.60;0
118;air_base;2420.00;9.90;1168.00;5.72;0
118;naval_base;2418.00;9.50;1165.00;-2.03;3998
118;naval_base;2417.00;9.50;1174.00;-2.36;3998
118;naval_base;2436.00;9.50;1168.00;-1.57;3998
118;bunker;2423.00;9.88;1186.00;5.38;0
118;bunker;2427.00;9.90;1173.00;2.11;0
118;bunker;2422.00;9.90;1168.00;4.78;0
118;bunker;2438.00;9.80;1169.00;1.16;0
118;coastal_bunker;2416.00;9.50;1167.00;-2.03;0
118;coastal_bunker;2417.00;9.50;1175.00;-2.36;0
118;coastal_bunker;2430.00;9.80;1170.00;-4.47;0
118;coastal_bunker;2437.00;9.50;1166.00;-1.57;0
118;dockyard;2432.00;9.80;1176.00;-4.47;0
118;anti_air_building;2420.00;9.85;1175.00;5.28;0
118;anti_air_building;2423.00;9.90;1159.00;1.67;0
118;anti_air_building;2421.00;9.90;1172.00;4.33;0
118;synthetic_refinery;2424.00;9.90;1175.00;1.07;0
118;fuel_silo;2424.00;9.90;1185.00;2.27;0
118;radar_station;2428.00;9.85;1172.00;5.87;0
118;rocket_site;2419.00;9.90;1171.00;2.78;0
118;nuclear_reactor;2426.00;9.85;1157.00;4.34;0
119;arms_factory;2284.00;11.45;1644.00;3.15;0
119;arms_factory;2305.00;11.68;1655.00;6.16;0
119;arms_factory;2314.00;11.70;1651.00;1.09;0
119;arms_factory;2275.00;11.30;1651.00;5.22;0
119;arms_factory;2288.00;11.57;1643.00;0.49;0
119;arms_factory;2273.00;10.93;1662.00;4.61;0
119;industrial_complex;2313.00;11.78;1650.00;5.82;0
119;industrial_complex;2286.00;11.60;1645.00;3.66;0
119;industrial_complex;2297.00;11.57;1654.00;5.22;0
119;industrial_complex;2290.00;11.20;1661.00;1.60;0
119;industrial_complex;2279.00;11.30;1652.00;5.72;0
119;industrial_complex;2284.00;11.45;1642.00;2.10;0
119;air_base;2295.00;11.00;1662.00;3.66;0
119;bunker;2321.00;11.45;1651.00;0.04;0
119;bunker;2277.00;11.57;1636.00;4.17;0
119;bunker;2304.00;11.70;1655.00;5.38;0
119;bunker;2272.00;11.43;1654.00;2.11;0
119;bunker;2262.00;11.85;1639.00;4.78;0
119;anti_air_building;2287.00;11.60;1643.00;1.16;0
119;anti_air_building;2289.00;11.20;1663.00;2.71;0
119;anti_air_building;2326.00;11.38;1649.00;0.55;0
119;synthetic_refinery;2277.00;11.30;1650.00;4.68;0
119;fuel_silo;2303.00;11.60;1657.00;5.89;0
119;radar_station;2294.00;11.75;1647.00;2.98;0
119;rocket_site;2278.00;11.30;1652.00;5.28;0
119;nuclear_reactor;2290.00;11.60;1644.00;1.67;0
121;arms_factory;2088.00;11.00;1581.00;0.49;0
121;arms_factory;2098.00;10.10;1545.00;4.61;0
121;arms_factory;2112.00;10.75;1560.00;5.82;0
121;arms_factory;2111.00;10.95;1565.00;3.66;0
121;arms_factory;2053.00;10.05;1587.00;5.22;0
121;arms_factory;2079.00;10.10;1543.00;1.60;0
121;industrial_complex;2091.00;10.10;1546.00;5.72;0
121;industrial_complex;2115.00;10.82;1583.00;2.10;0
121;industrial_complex;2111.00;10.90;1587.00;3.66;0
121;industrial_complex;2081.00;10.88;1576.00;0.04;0
121;industrial_complex;2060.00;10.20;1570.00;4.17;0
121;industrial_complex;2110.00;11.40;1574.00;5.38;0
121;air_base;2084.00;10.82;1567.00;2.11;0
121;naval_base;2046.00;9.50;1586.00;-0.98;4039
121;naval_base;2080.00;9.50;1533.00;-0.17;4039
121;naval_base;2057.00;9.62;1561.00;-0.32;4039
121;naval_base;2102.00;9.50;1538.00;-0.12;4039
121;naval_base;2068.00;9.50;1542.00;-0.50;4039
121;bunker;2070.00;10.50;1588.00;5.89;0
121;bunker;2066.00;10.25;1562.00;2.62;0
121;bunker;2101.00;10.45;1552.00;5.28;0
121;bunker;2119.00;10.73;1580.00;1.67;0
121;bunker;2108.00;10.30;1548.00;4.33;0
121;bunker;2109.00;11.25;1569.00;1.07;0
121;bunker;2095.00;11.43;1576.00;2.27;0
121;bunker;2067.00;9.90;1545.00;0.11;0
121;bunker;2053.00;9.98;1571.00;2.78;0
121;bunker;2083.00;9.85;1535.00;4.34;0
121;bunker;2060.00;10.00;1557.00;2.17;0
121;bunker;2092.00;11.32;1570.00;4.84;0
121;coastal_bunker;2054.00;9.50;1555.00;-0.32;0
121;coastal_bunker;2095.00;9.90;1538.00;-0.17;0
121;coastal_bunker;2106.00;9.50;1541.00;-0.12;0
121;coastal_bunker;2050.00;9.50;1572.00;-0.98;0
121;coastal_bunker;2068.00;9.50;1541.00;-0.50;0
121;dockyard;2068.00;9.50;1539.00;-0.50;0
121;anti_air_building;2073.00;10.55;1567.00;5.35;0
121;anti_air_building;2088.00;11.20;1577.00;0.28;0
121;anti_air_building;2070.00;10.32;1559.00;3.29;0
121;synthetic_refinery;2123.00;10.50;1593.00;1.13;0
121;radar_station;2087.00;10.90;1566.00;0.47;0
121;rocket_site;2051.00;9.90;1585.00;1.74;0
121;nuclear_reactor;2096.00;9.98;1541.00;4.40;0
122;arms_factory;2093.00;9.80;1723.00;5.82;0
122;arms_factory;2101.00;10.48;1673.00;3.66;0
122;arms_factory;2080.00;9.80;1689.00;5.22;0
122;arms_factory;2073.00;9.90;1662.00;1.60;0
122;arms_factory;2080.00;9.82;1721.00;5.72;0
122;arms_factory;2095.00;9.95;1704.00;2.10;0
122;industrial_complex;2092.00;10.15;1674.00;3.66;0
122;industrial_complex;2100.00;10.03;1689.00;0.04;0
122;industrial_complex;2091.00;10.00;1685.00;4.17;0
122;industrial_complex;2092.00;9.80;1720.00;5.38;0
122;industrial_complex;2089.00;10.20;1663.00;2.11;0
122;industrial_complex;2088.00;9.93;1686.00;4.78;0
122;air_base;2104.00;10.50;1678.00;1.16;0
122;naval_base;2077.00;9.50;1733.00;-1.89;4434
122;naval_base;2086.00;9.82;1704.00;-0.79;4434
122;naval_base;2110.00;9.57;1704.00;-3.61;4434
122;naval_base;2070.00;9.60;1680.00;-1.89;3773
122;naval_base;2073.00;9.50;1658.00;-2.03;3773
122;naval_base;2080.00;9.88;1665.00;-1.57;3773
122;bunker;2084.00;10.05;1662.00;1.67;0
122;bunker;2094.00;9.90;1714.00;4.33;0
122;bunker;2105.00;10.00;1696.00;1.07;0
122;bunker;2104.00;10.32;1685.00;2.27;0
122;bunker;2104.00;10.90;1666.00;0.11;0
122;bunker;2082.00;9.82;1728.00;2.78;0
122;bunker;2086.00;9.80;1688.00;4.34;0
122;bunker;2072.00;9.88;1662.00;2.17;0
122;coastal_bunker;2073.00;9.50;1658.00;-2.03;0
122;coastal_bunker;2073.00;9.85;1680.00;-1.89;0
122;coastal_bunker;2108.00;9.80;1709.00;-3.61;0
122;coastal_bunker;2081.00;9.50;1668.00;-1.57;0
122;coastal_bunker;2094.00;9.80;1721.00;-0.79;0
122;coastal_bunker;2082.00;9.80;1732.00;-1.89;0
122;dockyard;2070.00;9.60;1680.00;-1.89;0
122;anti_air_building;2100.00;10.70;1663.00;5.35;0
122;anti_air_building;2090.00;9.90;1696.00;0.28;0
122;anti_air_building;2100.00;10.00;1690.00;3.29;0
122;synthetic_refinery;2107.00;9.85;1703.00;1.13;0
122;fuel_silo;2095.00;10.25;1678.00;2.34;0
122;radar_station;2090.00;9.90;1696.00;0.47;0
122;rocket_site;2095.00;9.90;1706.00;1.74;0
122;nuclear_reactor;2080.00;9.80;1728.00;4.40;0
123;arms_factory;2056.00;9.85;1146.00;5.22;0
123;arms_factory;2032.00;9.90;1150.00;1.60;0
123;arms_factory;2033.00;9.90;1145.00;5.72;0
123;arms_factory;2048.00;9.90;1152.00;2.10;0
123;arms_factory;2032.00;9.90;1147.00;3.66;0
123;arms_factory;2035.00;9.88;1143.00;0.04;0
123;industrial_complex;2029.00;9.88;1150.00;4.17;0
123;industrial_complex;2037.00;9.90;1145.00;5.38;0
123;industrial_complex;2052.00;9.93;1140.00;2.11;0
123;industrial_complex;2029.00;9.85;1148.00;4.78;0
123;industrial_complex;2034.00;9.90;1144.00;1.16;0
123;industrial_complex;2044.00;9.90;1139.00;2.71;0
123;air_base;2035.00;9.90;1146.00;0.55;0
123;naval_base;2047.00;9.50;1136.00;-1.57;4344
123;naval_base;2038.00;9.85;1147.00;-1.57;4344
123;naval_base;2046.00;9.90;1154.00;-1.57;4344
123;naval_base;2059.00;9.82;1149.00;-1.57;4344
123;bunker;2058.00;9.90;1148.00;1.67;0
123;bunker;2048.00;9.90;1139.00;4.33;0
123;bunker;2035.00;9.90;1147.00;1.07;0
123;bunker;2042.00;9.90;1151.00;2.27;0
123;coastal_bunker;2059.00;9.82;1149.00;-1.57;0
123;coastal_bunker;2032.00;9.88;1152.00;-1.57;0
123;coastal_bunker;2054.00;9.85;1141.00;-1.57;0
123;coastal_bunker;2043.00;9.50;1149.00;-1.57;0
123;dockyard;2058.00;9.50;1144.00;-1.57;0
123;anti_air_building;2029.00;9.88;1150.00;0.12;0
123;anti_air_building;2037.00;9.90;1145.00;2.78;0
123;anti_air_building;2046.00;9.95;1153.00;0.62;0
123;synthetic_refinery;2029.00;9.85;1148.00;1.83;0
123;fuel_silo;2034.00;9.90;1144.00;4.85;0
123;radar_station;2043.00;9.50;1149.00;2.41;0
123;rocket_site;2036.00;9.90;1146.00;5.35;0
123;nuclear_reactor;2035.00;9.80;1141.00;0.28;0
124;industrial_complex;2327.00;12.07;1638.00;2.11;0
124;industrial_complex;2319.00;12.68;1613.00;4.78;0
124;industrial_complex;2306.00;12.32;1626.00;1.16;0
124;industrial_complex;2326.00;12.23;1631.00;2.71;0
124;industrial_complex;2303.00;12.65;1622.00;0.55;0
124;industrial_complex;2328.00;12.25;1612.00;4.68;0
124;air_base;2306.00;13.00;1610.00;5.89;0
124;bunker;2328.00;11.88;1629.00;2.62;0
124;bunker;2309.00;12.32;1635.00;5.28;0
124;bunker;2296.00;11.80;1639.00;1.67;0
124;bunker;2294.00;11.43;1625.00;4.33;0
124;bunker;2320.00;12.95;1615.00;1.07;0
124;synthetic_refinery;2302.00;13.25;1617.00;4.34;0
124;fuel_silo;2313.00;12.60;1627.00;2.17;0
124;radar_station;2311.00;12.80;1623.00;5.81;0
124;rocket_site;2294.00;11.85;1614.00;0.12;0
124;nuclear_reactor;2326.00;12.18;1635.00;2.78;0
126;arms_factory;2489.00;9.90;1101.00;4.17;0
126;arms_factory;2493.00;9.90;1105.00;5.38;0
126;arms_factory;2494.00;9.90;1106.00;2.11;0
126;arms_factory;2485.00;9.90;1100.00;4.78;0
126;arms_factory;2486.00;9.90;1101.00;1.16;0
126;arms_factory;2489.00;9.90;1101.00;2.71;0
126;industrial_complex;2493.00;9.90;1105.00;0.55;0
126;industrial_complex;2494.00;9.90;1107.00;4.68;0
126;industrial_complex;2485.00;9.90;1100.00;5.89;0
126;industrial_complex;2486.00;9.90;1101.00;2.62;0
126;industrial_complex;2489.00;9.90;1102.00;5.28;0
126;industrial_complex;2492.00;9.90;1106.00;1.67;0
126;air_base;2494.00;9.90;1107.00;4.33;0
126;naval_base;2494.00;9.65;1109.00;-1.57;3654
126;bunker;2487.00;9.90;1101.00;2.27;0
126;coastal_bunker;2499.00;9.57;1111.00;-1.57;0
126;dockyard;2490.00;9.90;1101.00;-1.57;0
126;anti_air_building;2494.00;9.90;1107.00;4.34;0
126;anti_air_building;2486.00;9.90;1100.00;2.17;0
126;anti_air_building;2487.00;9.90;1101.00;4.84;0
126;synthetic_refinery;2489.00;9.90;1102.00;0.12;0
126;fuel_silo;2492.00;9.90;1106.00;2.78;0
126;radar_station;2491.00;9.65;1104.00;1.70;0
126;rocket_site;2486.00;9.90;1100.00;1.83;0
126;nuclear_reactor;2487.00;9.90;1101.00;4.85;0
128;arms_factory;2399.00;9.90;1097.00;1.16;0
128;arms_factory;2403.00;9.90;1103.00;2.71;0
128;arms_factory;2397.00;9.90;1094.00;0.55;0
128;arms_factory;2399.00;9.88;1100.00;4.68;0
128;arms_factory;2394.00;9.82;1091.00;5.89;0
128;arms_factory;2401.00;9.90;1097.00;2.62;0
128;industrial_complex;2402.00;9.90;1103.00;5.28;0
128;industrial_complex;2396.00;9.90;1095.00;1.67;0
128;industrial_complex;2401.00;9.90;1100.00;4.33;0
128;industrial_complex;2411.00;9.80;1113.00;1.07;0
128;industrial_complex;2400.00;9.90;1097.00;2.27;0
128;industrial_complex;2403.00;9.90;1104.00;0.11;0
128;air_base;2398.00;9.88;1094.00;2.78;0
128;naval_base;2395.00;9.88;1096.00;-1.57;3955
128;naval_base;2413.00;9.80;1113.00;-4.25;3539
128;bunker;2398.00;9.90;1097.00;4.84;0
128;bunker;2412.00;9.80;1113.00;0.12;0
128;coastal_bunker;2412.00;9.57;1110.00;-0.79;0
128;coastal_bunker;2393.00;9.50;1092.00;-1.57;0
128;dockyard;2401.00;9.60;1095.00;-1.57;0
128;anti_air_building;2400.00;9.90;1097.00;4.85;0
128;anti_air_building;2403.00;9.90;1102.00;1.23;0
128;anti_air_building;2395.00;9.90;1095.00;5.35;0
128;synthetic_refinery;2400.00;9.90;1100.00;0.28;0
128;fuel_silo;2412.00;9.80;1112.00;3.29;0
128;radar_station;2403.00;9.90;1103.00;1.24;0
128;rocket_site;2403.00;9.90;1103.00;2.34;0
128;nuclear_reactor;2397.00;9.90;1094.00;0.18;0
129;arms_factory;2178.00;10.30;1594.00;0.55;0
129;arms_factory;2206.00;10.00;1587.00;4.68;0
129;arms_factory;2211.00;11.90;1623.00;5.89;0
129;arms_factory;2187.00;10.50;1624.00;2.62;0
129;arms_factory;2201.00;11.30;1616.00;5.28;0
129;arms_factory;2195.00;10.98;1617.00;1.67;0
129;industrial_complex;2210.00;10.73;1597.00;4.33;0
129;industrial_complex;2221.00;12.12;1622.00;1.07;0
129;industrial_complex;2179.00;10.25;1597.00;2.27;0
129;industrial_complex;2182.00;10.40;1609.00;0.11;0
129;industrial_complex;2181.00;10.38;1589.00;2.78;0
129;industrial_complex;2206.00;10.00;1582.00;4.34;0
129;air_base;2215.00;11.88;1618.00;2.17;0
129;bunker;2209.00;11.75;1625.00;4.84;0
129;bunker;2216.00;10.90;1597.00;0.12;0
129;bunker;2206.00;10.70;1603.00;2.78;0
129;bunker;2217.00;11.90;1619.00;0.62;0
129;bunker;2188.00;10.57;1619.00;1.83;0
129;bunker;2167.00;10.30;1592.00;4.85;0
129;bunker;2190.00;10.50;1603.00;1.23;0
129;bunker;2213.00;10.53;1581.00;5.35;0
129;anti_air_building;2212.00;10.80;1570.00;0.28;0
129;anti_air_building;2190.00;10.50;1603.00;3.29;0
129;anti_air_building;2210.00;11.85;1620.00;1.13;0
129;synthetic_refinery;2234.00;11.45;1602.00;2.34;0
129;fuel_silo;2209.00;11.62;1612.00;0.18;0
129;radar_station;2204.00;10.60;1599.00;1.95;0
129;rocket_site;2217.00;11.80;1611.00;4.40;0
129;nuclear_reactor;2217.00;11.88;1618.00;0.79;0
131;arms_factory;2485.00;9.90;1077.00;5.28;0
131;arms_factory;2489.00;9.90;1082.00;1.67;0
131;arms_factory;2483.00;9.85;1081.00;4.33;0
131;arms_factory;2487.00;9.93;1082.00;1.07;0
131;arms_factory;2487.00;9.93;1080.00;2.27;0
131;arms_factory;2486.00;9.95;1079.00;0.11;0
131;industrial_complex;2485.00;10.00;1080.00;2.78;0
131;industrial_complex;2486.00;9.93;1076.00;4.34;0
131;industrial_complex;2487.00;9.90;1074.00;2.17;0
131;industrial_complex;2485.00;9.90;1076.00;4.84;0
131;industrial_complex;2484.00;9.90;1084.00;0.12;0
131;industrial_complex;2488.00;9.90;1081.00;2.78;0
131;air_base;2485.00;9.98;1082.00;0.62;0
131;naval_base;2486.00;9.50;1073.00;0.32;4101
131;bunker;2483.00;9.88;1079.00;4.85;0
131;coastal_bunker;2490.00;9.82;1083.00;-3.14;0
131;dockyard;2482.00;9.50;1078.00;-3.14;0
131;anti_air_building;2483.00;9.88;1084.00;0.28;0
131;anti_air_building;2484.00;9.90;1078.00;3.29;0
131;anti_air_building;2485.00;9.93;1083.00;1.13;0
131;synthetic_refinery;2487.00;9.93;1082.00;2.34;0
131;fuel_silo;2483.00;9.90;1083.00;0.18;0
131;radar_station;2486.00;9.95;1079.00;1.95;0
131;rocket_site;2485.00;10.00;1080.00;4.40;0
131;nuclear_reactor;2483.00;9.85;1081.00;0.79;0
132;arms_factory;2347.00;10.00;1080.00;4.33;0
132;arms_factory;2346.00;10.00;1080.00;1.07;0
132;arms_factory;2343.00;9.93;1083.00;2.27;0
132;arms_factory;2349.00;10.00;1081.00;0.11;0
132;arms_factory;2348.00;9.98;1080.00;2.78;0
132;arms_factory;2344.00;9.98;1083.00;4.34;0
132;industrial_complex;2343.00;9.98;1082.00;2.17;0
132;industrial_complex;2342.00;9.95;1081.00;4.84;0
132;industrial_complex;2345.00;10.00;1079.00;0.12;0
132;industrial_complex;2344.00;10.00;1082.00;2.78;0
132;industrial_complex;2344.00;10.00;1081.00;0.62;0
132;industrial_complex;2343.00;9.98;1080.00;1.83;0
132;air_base;2346.00;10.03;1082.00;4.85;0
132;naval_base;2341.00;9.50;1081.00;-1.57;3971
132;bunker;2345.00;10.00;1080.00;5.35;0
132;coastal_bunker;2342.00;9.90;1084.00;-1.57;0
132;dockyard;2343.00;9.90;1084.00;-1.57;0
132;anti_air_building;2347.00;10.00;1080.00;1.13;0
132;anti_air_building;2345.00;10.00;1078.00;2.34;0
132;anti_air_building;2342.00;9.90;1083.00;0.18;0
132;synthetic_refinery;2348.00;10.00;1081.00;1.74;0
132;fuel_silo;2344.00;10.00;1079.00;4.40;0
132;radar_station;2346.00;10.03;1081.00;2.65;0
132;rocket_site;2342.00;9.93;1082.00;4.91;0
132;nuclear_reactor;2345.00;10.00;1079.00;5.01;0
138;arms_factory;3188.00;9.90;1050.00;4.85;0
138;arms_factory;3188.00;9.50;1045.00;1.23;0
138;arms_factory;3187.00;9.50;1047.00;5.35;0
138;arms_factory;3188.00;9.90;1048.00;0.28;0
138;arms_factory;3186.00;9.50;1049.00;3.29;0
138;arms_factory;3188.00;9.50;1045.00;1.13;0
138;industrial_complex;3187.00;9.65;1050.00;2.34;0
138;industrial_complex;3188.00;9.88;1047.00;0.18;0
138;industrial_complex;3188.00;9.60;1046.00;1.74;0
138;industrial_complex;3187.00;9.65;1048.00;4.40;0
138;industrial_complex;3189.00;9.57;1045.00;0.79;0
138;industrial_complex;3188.00;9.90;1050.00;4.91;0
138;air_base;3188.00;9.60;1046.00;5.01;0
138;naval_base;3187.00;9.50;1047.00;-1.57;4092
138;bunker;3188.00;9.90;1048.00;5.52;0
138;coastal_bunker;3188.00;9.90;1050.00;-1.57;0
138;dockyard;3189.00;9.50;1044.00;-1.57;0
138;anti_air_building;3187.00;9.50;1047.00;1.29;0
138;anti_air_building;3187.00;9.50;1046.00;5.42;0
138;anti_air_building;3186.00;9.50;1049.00;5.52;0
138;synthetic_refinery;3188.00;9.50;1045.00;3.36;0
138;fuel_silo;3187.00;9.65;1050.00;6.03;0
138;radar_station;3188.00;9.90;1048.00;3.59;0
138;rocket_site;3188.00;9.60;1046.00;3.96;0
138;nuclear_reactor;3187.00;9.65;1048.00;1.81;0
143;arms_factory;2022.00;10.10;977.00;0.79;0
143;arms_factory;2018.00;10.07;972.00;4.91;0
143;arms_factory;2004.00;9.90;981.00;5.01;0
143;arms_factory;2015.00;10.03;977.00;2.85;0
143;arms_factory;2016.00;9.90;984.00;5.52;0
143;arms_factory;2027.00;10.00;975.00;0.79;0
143;industrial_complex;2003.00;9.93;989.00;4.91;0
143;industrial_complex;2032.00;9.90;978.00;1.29;0
143;industrial_complex;2012.00;9.90;975.00;5.42;0
143;industrial_complex;2025.00;9.90;983.00;5.52;0
143;industrial_complex;2012.00;10.00;980.00;3.36;0
143;industrial_complex;2016.00;9.90;986.00;6.03;0
143;air_base;2036.00;9.80;973.00;2.41;0
143;naval_base;2038.00;9.80;972.00;1.57;3863
143;naval_base;2009.00;9.65;976.00;-0.98;3863
143;naval_base;2014.00;9.60;988.00;-2.36;3863
143;naval_base;2010.00;9.85;999.00;-1.57;3863
143;bunker;2024.00;9.98;972.00;3.87;0
143;bunker;2013.00;10.00;978.00;5.08;0
143;bunker;2008.00;9.90;986.00;2.92;0
143;bunker;2009.00;9.85;998.00;4.48;0
143;coastal_bunker;2021.00;9.90;966.00;-0.98;0
143;coastal_bunker;2017.00;9.88;989.00;-2.36;0
143;coastal_bunker;2006.00;9.50;998.00;-1.57;0
143;coastal_bunker;2037.00;9.80;976.00;1.57;0
143;dockyard;2000.00;9.50;989.00;-2.36;0
143;anti_air_building;2027.00;10.03;977.00;1.97;0
143;anti_air_building;2022.00;9.90;968.00;6.09;0
143;anti_air_building;2024.00;10.00;981.00;1.37;0
143;synthetic_refinery;2013.00;10.00;978.00;4.03;0
143;fuel_silo;2014.00;9.95;981.00;1.87;0
143;radar_station;2020.00;10.00;982.00;4.08;0
143;rocket_site;2018.00;9.93;965.00;6.10;0
143;nuclear_reactor;2021.00;10.10;976.00;2.48;0
145;arms_factory;2679.00;9.50;985.00;5.52;0
145;arms_factory;2681.00;9.85;986.00;0.79;0
145;arms_factory;2677.00;9.50;985.00;4.91;0
145;arms_factory;2680.00;9.82;986.00;1.29;0
145;arms_factory;2680.00;9.50;985.00;5.42;0
145;arms_factory;2678.00;9.80;986.00;5.52;0
145;industrial_complex;2683.00;9.65;987.00;3.36;0
145;industrial_complex;2681.00;9.85;986.00;6.03;0
145;industrial_complex;2681.00;9.90;987.00;2.41;0
145;industrial_complex;2679.00;9.80;986.00;3.96;0
145;industrial_complex;2684.00;9.50;987.00;1.81;0
145;industrial_complex;2683.00;9.90;988.00;3.02;0
145;air_base;2682.00;9.90;987.00;0.85;0
145;naval_base;2677.00;9.50;985.00;-1.57;4542
145;bunker;2681.00;9.90;987.00;5.08;0
145;coastal_bunker;2684.00;9.90;988.00;-1.57;0
145;dockyard;2678.00;9.80;986.00;-1.57;0
145;anti_air_building;2682.00;9.88;988.00;0.86;0
145;anti_air_building;2677.00;9.50;986.00;3.52;0
145;anti_air_building;2677.00;9.50;985.00;1.36;0
145;synthetic_refinery;2680.00;9.50;985.00;2.92;0
145;fuel_silo;2680.00;9.62;987.00;5.59;0
145;radar_station;2681.00;9.90;987.00;2.68;0
145;rocket_site;2681.00;9.85;986.00;6.09;0
145;nuclear_reactor;2681.00;9.50;985.00;1.37;0
148;arms_factory;2994.00;10.32;969.00;3.36;0
148;arms_factory;2994.00;10.45;958.00;6.03;0
148;arms_factory;2994.00;10.70;960.00;2.41;0
148;arms_factory;2994.00;10.60;963.00;3.96;0
148;arms_factory;2990.00;10.20;966.00;1.81;0
148;arms_factory;2994.00;10.32;969.00;3.02;0
148;industrial_complex;2994.00;10.45;958.00;0.85;0
148;industrial_complex;2993.00;10.65;959.00;3.87;0
148;industrial_complex;2991.00;10.32;964.00;5.08;0
148;industrial_complex;2990.00;10.20;966.00;2.92;0
148;industrial_complex;2993.00;10.32;967.00;4.48;0
148;industrial_complex;2994.00;10.45;958.00;0.86;0
148;air_base;2994.00;10.65;959.00;3.52;0
148;naval_base;2991.00;9.85;955.00;-3.14;4543
148;bunker;2990.00;10.20;966.00;2.92;0
148;coastal_bunker;2998.00;10.20;960.00;-3.14;0
148;dockyard;2988.00;9.50;959.00;-3.14;0
148;anti_air_building;2994.00;10.65;959.00;6.09;0
148;anti_air_building;2992.00;10.60;962.00;1.37;0
148;anti_air_building;2991.00;10.32;964.00;4.03;0
148;synthetic_refinery;2994.00;10.30;972.00;1.87;0
148;fuel_silo;2993.00;10.30;957.00;3.09;0
148;radar_station;2994.00;10.53;964.00;0.74;0
148;rocket_site;2993.00;10.62;962.00;2.48;0
148;nuclear_reactor;2991.00;10.32;964.00;5.15;0
152;arms_factory;3069.00;10.30;906.00;5.08;0
152;arms_factory;3054.00;10.40;940.00;2.92;0
152;arms_factory;3061.00;10.32;931.00;4.48;0
152;arms_factory;3071.00;10.60;914.00;0.86;0
152;arms_factory;3069.00;10.30;908.00;3.52;0
152;arms_factory;3054.00;10.40;941.00;1.36;0
152;industrial_complex;3060.00;10.25;932.00;2.92;0
152;industrial_complex;3070.00;10.20;916.00;5.59;0
152;industrial_complex;3071.00;10.38;909.00;1.97;0
152;industrial_complex;3053.00;10.40;942.00;6.09;0
152;industrial_complex;3059.00;10.20;934.00;1.37;0
152;industrial_complex;3071.00;10.43;917.00;4.03;0
152;air_base;3069.00;10.30;910.00;1.87;0
152;naval_base;3063.00;10.30;933.00;-1.57;3697
152;naval_base;3064.00;9.50;924.00;-2.11;3697
152;naval_base;3069.00;9.50;913.00;-1.57;3697
152;bunker;3070.00;10.40;912.00;5.15;0
152;bunker;3071.00;10.60;913.00;0.42;0
152;bunker;3059.00;10.20;935.00;4.54;0
152;coastal_bunker;3064.00;9.50;904.00;-1.57;0
152;coastal_bunker;3066.00;9.75;921.00;-2.11;0
152;coastal_bunker;3057.00;10.30;941.00;-1.57;0
152;dockyard;3076.00;10.20;920.00;-3.14;0
152;anti_air_building;3073.00;10.32;920.00;5.65;0
152;anti_air_building;3075.00;10.30;913.00;2.04;0
152;anti_air_building;3068.00;10.30;906.00;5.06;0
152;synthetic_refinery;3054.00;10.40;940.00;6.26;0
152;fuel_silo;3062.00;10.32;930.00;4.10;0
152;radar_station;3065.00;9.50;922.00;0.92;0
152;rocket_site;3068.00;10.25;908.00;2.04;0
152;nuclear_reactor;3054.00;10.40;941.00;4.71;0
155;arms_factory;2865.00;11.20;837.00;2.92;0
155;arms_factory;2857.00;11.10;820.00;5.59;0
155;arms_factory;2858.00;11.60;817.00;1.97;0
155;arms_factory;2862.00;10.32;846.00;6.09;0
155;arms_factory;2875.00;10.25;838.00;1.37;0
155;arms_factory;2855.00;10.80;821.00;4.03;0
155;industrial_complex;2854.00;11.53;816.00;1.87;0
155;industrial_complex;2866.00;10.70;848.00;3.09;0
155;industrial_complex;2861.00;10.82;830.00;6.10;0
155;industrial_complex;2887.00;10.00;819.00;2.48;0
155;industrial_complex;2873.00;10.53;799.00;5.15;0
155;industrial_complex;2869.00;10.43;851.00;0.42;0
155;air_base;2855.00;10.00;762.00;4.54;0
155;naval_base;2887.00;10.05;805.00;-4.67;3409
155;naval_base;2862.00;9.88;849.00;-3.61;4213
155;naval_base;2848.00;9.73;776.00;0.00;3749
155;bunker;2858.00;10.50;829.00;1.53;0
155;bunker;2864.00;10.70;845.00;5.65;0
155;bunker;2848.00;11.15;789.00;2.04;0
155;coastal_bunker;2883.00;9.85;801.00;-4.67;0
155;coastal_bunker;2845.00;9.60;783.00;0.00;0
155;coastal_bunker;2872.00;10.32;849.00;-3.61;0
155;dockyard;2844.00;10.12;807.00;-1.96;0
155;anti_air_building;2872.00;10.60;810.00;2.04;0
155;anti_air_building;2853.00;12.20;808.00;4.71;0
155;anti_air_building;2848.00;11.73;796.00;2.55;0
155;synthetic_refinery;2843.00;10.75;791.00;2.65;0
155;fuel_silo;2855.00;12.20;811.00;0.49;0
155;radar_station;2866.00;11.03;808.00;5.27;0
155;rocket_site;2844.00;11.00;798.00;5.82;0
155;nuclear_reactor;2850.00;11.00;815.00;2.55;0
157;arms_factory;3708.00;9.93;844.00;1.37;0
157;arms_factory;3706.00;10.00;844.00;4.03;0
157;arms_factory;3700.00;9.88;836.00;1.87;0
157;arms_factory;3701.00;9.88;834.00;3.09;0
157;arms_factory;3698.00;9.90;834.00;6.10;0
157;arms_factory;3703.00;10.00;848.00;2.48;0
157;industrial_complex;3700.00;9.85;848.00;5.15;0
157;industrial_complex;3703.00;9.93;844.00;0.42;0
157;industrial_complex;3707.00;9.93;843.00;4.54;0
157;industrial_complex;3707.00;9.93;843.00;5.76;0
157;industrial_complex;3698.00;9.90;833.00;3.59;0
157;industrial_complex;3698.00;9.90;832.00;0.33;0
157;air_base;3709.00;10.00;847.00;1.53;0
157;naval_base;3705.00;9.65;839.00;-0.46;3466
157;bunker;3703.00;10.00;847.00;2.04;0
157;coastal_bunker;3699.00;9.60;837.00;-0.46;0
157;dockyard;3709.00;9.90;843.00;-0.46;0
157;anti_air_building;3699.00;9.90;831.00;4.10;0
157;anti_air_building;3698.00;9.90;831.00;0.48;0
157;anti_air_building;3698.00;9.90;830.00;2.04;0
157;synthetic_refinery;3701.00;9.93;847.00;4.71;0
157;fuel_silo;3700.00;9.85;847.00;2.55;0
157;radar_station;3703.00;9.88;838.00;4.57;0
157;rocket_site;3705.00;9.93;841.00;0.49;0
157;nuclear_reactor;3705.00;9.93;841.00;4.61;0
162;arms_factory;2920.00;12.50;773.00;3.59;0
162;arms_factory;2915.00;12.62;770.00;0.33;0
162;arms_factory;2916.00;12.57;772.00;1.53;0
162;arms_factory;2911.00;12.10;760.00;5.65;0
162;arms_factory;2934.00;11.00;808.00;2.04;0
162;arms_factory;2928.00;11.48;810.00;5.06;0
162;industrial_complex;2900.00;11.10;744.00;6.26;0
162;industrial_complex;2916.00;12.40;792.00;4.10;0
162;industrial_complex;2904.00;10.30;812.00;0.48;0
162;industrial_complex;2937.00;10.70;732.00;2.04;0
162;industrial_complex;2923.00;12.28;774.00;4.71;0
162;industrial_complex;2909.00;11.32;787.00;2.55;0
162;air_base;2909.00;11.60;774.00;2.65;0
162;naval_base;2940.00;9.50;741.00;-4.55;4552
162;naval_base;2900.00;9.50;768.00;-1.29;4408
162;naval_base;2896.00;9.50;797.00;-2.63;3409
162;naval_base;2935.00;10.15;792.00;1.06;4552
162;naval_base;2934.00;9.53;790.00;-4.61;4552
162;naval_base;2896.00;10.00;745.00;-1.25;4408
162;bunker;2933.00;11.30;733.00;4.27;0
162;bunker;2904.00;10.53;723.00;1.00;0
162;bunker;2936.00;10.18;827.00;3.66;0
162;bunker;2911.00;12.28;766.00;0.05;0
162;bunker;2921.00;13.00;781.00;2.71;0
162;bunker;2915.00;10.45;806.00;5.73;0
162;coastal_bunker;2912.00;9.57;805.00;-2.63;0
162;coastal_bunker;2938.00;10.45;775.00;-4.61;0
162;coastal_bunker;2905.00;10.30;722.00;-1.25;0
162;coastal_bunker;2897.00;9.50;773.00;-1.29;0
162;coastal_bunker;2915.00;10.23;809.00;-3.31;0
162;coastal_bunker;2938.00;10.32;739.00;-4.55;0
162;dockyard;2940.00;10.10;738.00;-4.55;0
162;anti_air_building;2901.00;10.45;792.00;1.16;0
162;anti_air_building;2896.00;10.78;740.00;5.28;0
162;anti_air_building;2927.00;11.00;762.00;0.21;0
162;synthetic_refinery;2938.00;10.57;773.00;3.23;0
162;fuel_silo;2899.00;10.23;772.00;1.07;0
162;radar_station;2921.00;12.40;773.00;3.13;0
162;rocket_site;2930.00;10.70;750.00;0.11;0
162;nuclear_reactor;2922.00;12.25;795.00;1.67;0
164;arms_factory;3564.00;10.30;779.00;2.04;0
164;arms_factory;3597.00;10.50;761.00;5.06;0
164;arms_factory;3653.00;10.30;777.00;6.26;0
164;arms_factory;3656.00;11.45;630.00;4.10;0
164;arms_factory;3609.00;10.40;651.00;0.48;0
164;arms_factory;3561.00;10.00;758.00;2.04;0
164;industrial_complex;3678.00;10.70;647.00;4.71;0
164;industrial_complex;3598.00;10.53;744.00;2.55;0
164;industrial_complex;3618.00;10.15;615.00;2.65;0
164;industrial_complex;3650.00;10.85;616.00;0.49;0
164;industrial_complex;3633.00;10.70;771.00;4.61;0
164;industrial_complex;3599.00;10.65;722.00;5.82;0
164;air_base;3644.00;11.10;733.00;2.55;0
164;naval_base;3581.00;9.65;705.00;-0.88;4216
164;naval_base;3548.00;9.68;760.00;-1.77;4176
164;naval_base;3673.00;9.82;777.00;-4.42;4551
164;naval_base;3683.00;9.90;623.00;-3.69;4556
164;naval_base;3658.00;9.50;585.00;-0.14;4099
164;naval_base;3640.00;9.65;813.00;-2.91;4021
164;naval_base;3666.00;9.85;711.00;1.57;3924
164;naval_base;3609.00;9.65;640.00;-1.74;4216
164;naval_base;3617.00;9.93;824.00;-3.14;4021
164;naval_base;3689.00;9.90;665.00;-3.41;3924
164;naval_base;3561.00;9.65;747.00;-1.47;4176
164;naval_base;3624.00;9.50;607.00;-1.45;4216
164;naval_base;3583.00;9.90;804.00;-2.13;4176
164;naval_base;3637.00;9.65;598.00;-0.61;4099
164;naval_base;3596.00;9.90;678.00;-1.34;4216
164;bunker;3593.00;10.30;692.00;1.16;0
164;bunker;3640.00;11.25;715.00;5.28;0
164;bunker;3672.00;10.50;662.00;0.21;0
164;bunker;3638.00;10.65;610.00;3.23;0
164;bunker;3604.00;10.70;744.00;1.07;0
164;bunker;3682.00;10.00;589.00;3.73;0
164;bunker;3633.00;11.48;679.00;0.11;0
164;bunker;3632.00;10.70;620.00;1.67;0
164;bunker;3660.00;10.07;767.00;5.80;0
164;bunker;3600.00;10.38;815.00;0.72;0
164;bunker;3611.00;10.05;660.00;4.84;0
164;bunker;3569.00;10.55;777.00;0.12;0
164;bunker;3639.00;11.55;666.00;2.78;0
164;bunker;3630.00;11.20;752.00;5.45;0
164;bunker;3664.00;10.00;788.00;2.19;0
164;bunker;3589.00;10.40;729.00;4.85;0
164;bunker;3594.00;10.40;782.00;1.23;0
164;bunker;3649.00;10.05;590.00;5.35;0
164;bunker;3583.00;10.10;739.00;5.45;0
164;bunker;3630.00;10.03;817.00;3.29;0
164;coastal_bunker;3667.00;9.85;792.00;-4.47;0
164;coastal_bunker;3600.00;9.50;671.00;-1.74;0
164;coastal_bunker;3624.00;9.50;603.00;0.16;0
164;coastal_bunker;3636.00;9.50;598.00;-0.61;0
164;coastal_bunker;3671.00;9.85;747.00;-4.42;0
164;coastal_bunker;3680.00;9.50;581.00;0.50;0
164;coastal_bunker;3678.00;9.82;694.00;1.57;0
164;coastal_bunker;3572.00;9.65;732.00;0.07;0
164;coastal_bunker;3684.00;9.50;626.00;0.95;0
164;coastal_bunker;3606.00;9.90;826.00;-3.14;0
164;coastal_bunker;3596.00;9.50;680.00;-0.88;0
164;coastal_bunker;3672.00;9.62;583.00;-0.14;0
164;coastal_bunker;3576.00;9.88;799.00;-2.13;0
164;coastal_bunker;3548.00;9.50;773.00;-1.77;0
164;coastal_bunker;3595.00;9.90;678.00;-1.34;0
164;dockyard;3671.00;9.85;746.00;-4.42;0
164;anti_air_building;3649.00;10.25;808.00;6.03;0
164;anti_air_building;3562.00;10.10;785.00;1.31;0
164;anti_air_building;3633.00;11.45;738.00;3.97;0
164;synthetic_refinery;3662.00;10.05;768.00;1.81;0
164;fuel_silo;3639.00;11.23;706.00;4.47;0
164;radar_station;3621.00;11.20;703.00;1.15;0
164;rocket_site;3565.00;10.03;747.00;2.41;0
164;nuclear_reactor;3556.00;10.20;765.00;0.26;0
166;arms_factory;2992.00;10.70;777.00;0.48;0
166;arms_factory;2982.00;10.45;786.00;2.04;0
166;arms_factory;2982.00;10.88;775.00;4.71;0
166;arms_factory;2989.00;10.98;803.00;2.55;0
166;arms_factory;2988.00;11.40;792.00;2.65;0
166;arms_factory;2990.00;11.38;800.00;0.49;0
166;industrial_complex;2992.00;10.60;769.00;4.61;0
166;industrial_complex;2987.00;10.40;756.00;5.82;0
166;industrial_complex;2979.00;10.30;767.00;2.55;0
166;industrial_complex;2976.00;10.20;775.00;5.22;0
166;industrial_complex;2990.00;10.90;782.00;1.60;0
166;industrial_complex;2984.00;10.85;792.00;4.27;0
166;air_base;2984.00;10.57;800.00;1.00;0
166;naval_base;2974.00;9.70;773.00;-1.57;4552
166;naval_base;3001.00;10.40;802.00;-3.79;4291
166;bunker;2994.00;10.30;766.00;2.71;0
166;bunker;3000.00;10.53;801.00;5.73;0
166;coastal_bunker;3000.00;10.00;818.00;-3.79;0
166;coastal_bunker;2972.00;9.50;774.00;-1.57;0
166;dockyard;2999.00;10.43;807.00;-3.79;0
166;anti_air_building;2982.00;10.40;788.00;2.72;0
166;anti_air_building;2987.00;11.23;797.00;0.56;0
166;anti_air_building;2991.00;10.93;806.00;3.22;0
166;synthetic_refinery;2982.00;10.20;750.00;4.78;0
166;fuel_silo;2989.00;10.68;763.00;1.16;0
166;radar_station;2988.00;10.98;780.00;5.76;0
166;rocket_site;2988.00;10.60;759.00;0.21;0
166;nuclear_reactor;2996.00;10.68;790.00;3.23;0
175;arms_factory;3187.00;11.73;754.00;4.78;0
175;arms_factory;3178.00;11.65;753.00;2.61;0
175;arms_factory;3169.00;10.57;745.00;2.72;0
175;arms_factory;3185.00;11.57;753.00;0.56;0
175;arms_factory;3198.00;10.80;737.00;3.22;0
175;arms_factory;3169.00;10.80;768.00;4.78;0
175;industrial_complex;3175.00;12.30;762.00;1.16;0
175;industrial_complex;3171.00;12.35;756.00;5.28;0
175;industrial_complex;3188.00;11.50;767.00;0.21;0
175;industrial_complex;3186.00;12.43;760.00;3.23;0
175;industrial_complex;3195.00;10.80;745.00;1.07;0
175;industrial_complex;3175.00;10.80;748.00;3.73;0
175;air_base;3187.00;12.12;764.00;0.11;0
175;naval_base;3192.00;10.20;775.00;-3.29;4324
175;naval_base;3197.00;10.55;754.00;-3.46;4324
175;bunker;3163.00;10.10;741.00;0.72;0
175;bunker;3192.00;11.30;754.00;4.84;0
175;coastal_bunker;3195.00;10.07;773.00;-3.46;0
175;coastal_bunker;3151.00;9.95;766.00;-3.29;0
175;dockyard;3199.00;10.32;752.00;-3.46;0
175;anti_air_building;3198.00;10.30;731.00;2.19;0
175;anti_air_building;3179.00;11.65;766.00;4.85;0
175;anti_air_building;3150.00;10.40;761.00;1.23;0
175;synthetic_refinery;3198.00;10.00;727.00;5.35;0
175;fuel_silo;3174.00;10.55;746.00;5.45;0
175;radar_station;3177.00;11.10;750.00;4.78;0
175;rocket_site;3154.00;10.93;754.00;5.96;0
175;nuclear_reactor;3191.00;11.18;768.00;2.34;0
176;arms_factory;3797.00;9.90;760.00;2.72;0
176;arms_factory;3798.00;9.90;757.00;0.56;0
176;arms_factory;3799.00;9.90;758.00;3.22;0
176;arms_factory;3799.00;9.93;759.00;4.78;0
176;arms_factory;3794.00;9.90;760.00;1.16;0
176;arms_factory;3798.00;9.93;760.00;5.28;0
176;industrial_complex;3798.00;9.90;757.00;0.21;0
176;industrial_complex;3799.00;9.90;758.00;3.23;0
176;industrial_complex;3792.00;9.88;760.00;1.07;0
176;industrial_complex;3795.00;9.90;760.00;3.73;0
176;industrial_complex;3798.00;9.93;760.00;0.11;0
176;industrial_complex;3798.00;9.90;757.00;1.67;0
176;air_base;3797.00;9.90;759.00;5.80;0
176;naval_base;3792.00;9.88;762.00;-2.36;4553
176;bunker;3795.00;9.90;760.00;4.84;0
176;coastal_bunker;3785.00;9.80;766.00;-2.36;0
176;dockyard;3797.00;9.90;761.00;-2.36;0
176;anti_air_building;3797.00;9.90;759.00;5.45;0
176;anti_air_building;3792.00;9.88;760.00;2.19;0
176;anti_air_building;3795.00;9.90;760.00;4.85;0
176;synthetic_refinery;3799.00;9.93;760.00;1.23;0
176;fuel_silo;3799.00;9.90;757.00;5.35;0
176;radar_station;3793.00;9.90;761.00;1.83;0
176;rocket_site;3793.00;9.90;760.00;3.29;0
176;nuclear_reactor;3796.00;9.90;760.00;5.96;0
177;arms_factory;4001.00;10.40;721.00;3.22;0
177;arms_factory;4011.00;10.80;724.00;4.78;0
177;arms_factory;4026.00;10.43;688.00;1.16;0
177;arms_factory;4040.00;9.90;691.00;5.28;0
177;arms_factory;4026.00;10.35;723.00;0.21;0
177;arms_factory;4007.00;10.53;655.00;3.23;0
177;industrial_complex;3991.00;10.35;657.00;1.07;0
177;industrial_complex;3999.00;10.00;701.00;3.73;0
177;industrial_complex;4013.00;10.60;734.00;0.11;0
177;industrial_complex;4002.00;10.70;736.00;1.67;0
177;industrial_complex;4000.00;10.53;740.00;5.80;0
177;industrial_complex;4004.00;10.30;708.00;0.72;0
177;air_base;3985.00;10.03;642.00;4.84;0
177;naval_base;3972.00;9.65;725.00;-2.19;4302
177;naval_base;4018.00;9.85;760.00;-2.78;4302
177;naval_base;4015.00;9.50;685.00;-0.98;4117
177;naval_base;3992.00;9.85;634.00;-0.15;4406
177;naval_base;4034.00;9.88;714.00;-3.24;3633
177;bunker;4002.00;9.90;756.00;1.23;0
177;bunker;4010.00;10.43;665.00;5.35;0
177;bunker;3986.00;9.90;747.00;5.45;0
177;bunker;3987.00;9.90;708.00;3.29;0
177;bunker;4024.00;10.25;682.00;5.96;0
177;coastal_bunker;4006.00;9.60;633.00;-0.15;0
177;coastal_bunker;3982.00;9.50;706.00;-0.98;0
177;coastal_bunker;4037.00;9.88;712.00;-3.24;0
177;coastal_bunker;4036.00;9.90;748.00;1.57;0
177;coastal_bunker;3984.00;9.88;747.00;-2.19;0
177;dockyard;3997.00;9.65;689.00;-0.98;0
177;anti_air_building;3984.00;10.10;739.00;0.19;0
177;anti_air_building;4003.00;10.62;742.00;2.85;0
177;anti_air_building;4025.00;10.30;662.00;4.41;0
177;synthetic_refinery;4013.00;10.55;664.00;2.25;0
177;fuel_silo;4020.00;9.90;644.00;3.46;0
177;radar_station;4007.00;10.45;697.00;0.92;0
177;rocket_site;4009.00;10.30;750.00;2.86;0
177;nuclear_reactor;4000.00;10.38;715.00;5.52;0
178;arms_factory;4092.00;9.80;757.00;1.16;0
178;arms_factory;4094.00;9.50;756.00;5.28;0
178;arms_factory;4091.00;9.82;757.00;0.21;0
178;arms_factory;4090.00;9.60;758.00;3.23;0
178;arms_factory;4090.00;9.82;757.00;1.07;0
178;arms_factory;4093.00;9.80;757.00;3.73;0
178;industrial_complex;4090.00;9.50;756.00;0.11;0
178;industrial_complex;4093.00;9.50;756.00;1.67;0
178;industrial_complex;4089.00;9.50;756.00;5.80;0
178;industrial_complex;4092.00;9.50;756.00;0.72;0
178;industrial_complex;4089.00;9.50;757.00;4.84;0
178;industrial_complex;4090.00;9.50;756.00;0.12;0
178;air_base;4090.00;9.50;756.00;2.78;0
178;naval_base;4091.00;9.82;757.00;-1.57;3633
178;bunker;4092.00;9.50;756.00;2.19;0
178;coastal_bunker;4091.00;9.50;756.00;-1.57;0
178;dockyard;4093.00;9.80;757.00;-1.57;0
178;anti_air_building;4090.00;9.50;756.00;5.35;0
178;anti_air_building;4093.00;9.50;756.00;5.45;0
178;anti_air_building;4089.00;9.50;756.00;3.29;0
178;synthetic_refinery;4092.00;9.50;756.00;5.96;0
178;fuel_silo;4089.00;9.50;757.00;2.34;0
178;radar_station;4092.00;9.80;757.00;5.49;0
178;rocket_site;4094.00;9.50;756.00;1.74;0
178;nuclear_reactor;4093.00;9.50;756.00;4.40;0
179;arms_factory;2447.00;9.50;752.00;0.21;0
179;arms_factory;2448.00;9.57;754.00;3.23;0
179;arms_factory;2445.00;9.50;756.00;1.07;0
179;arms_factory;2448.00;9.82;756.00;3.73;0
179;arms_factory;2446.00;9.80;757.00;0.11;0
179;arms_factory;2447.00;9.50;752.00;1.67;0
179;industrial_complex;2447.00;9.50;755.00;5.80;0
179;industrial_complex;2445.00;9.50;756.00;0.72;0
179;industrial_complex;2448.00;9.82;756.00;4.84;0
179;industrial_complex;2446.00;9.80;757.00;0.12;0
179;industrial_complex;2447.00;9.50;753.00;2.78;0
179;industrial_complex;2447.00;9.50;755.00;5.45;0
179;air_base;2445.00;9.50;756.00;2.19;0
179;naval_base;2448.00;9.82;756.00;-1.57;4132
179;bunker;2447.00;9.80;757.00;1.23;0
179;coastal_bunker;2447.00;9.50;753.00;-1.57;0
179;dockyard;2447.00;9.50;755.00;-1.57;0
179;anti_air_building;2446.00;9.50;756.00;3.29;0
179;anti_air_building;2449.00;9.82;756.00;5.96;0
179;anti_air_building;2447.00;9.80;757.00;2.34;0
179;synthetic_refinery;2447.00;9.50;753.00;3.90;0
179;fuel_silo;2448.00;9.82;755.00;1.74;0
179;radar_station;2447.00;9.50;755.00;4.72;0
179;rocket_site;2449.00;9.82;756.00;0.79;0
179;nuclear_reactor;2447.00;9.80;757.00;3.81;0
182;arms_factory;3182.00;10.15;725.00;5.80;0
182;arms_factory;3181.00;10.10;729.00;0.72;0
182;arms_factory;3175.00;10.05;725.00;4.84;0
182;arms_factory;3176.00;10.10;726.00;0.12;0
182;arms_factory;3176.00;10.07;724.00;2.78;0
182;arms_factory;3178.00;10.30;725.00;5.45;0
182;industrial_complex;3179.00;10.35;726.00;2.19;0
182;industrial_complex;3178.00;10.20;724.00;4.85;0
182;industrial_complex;3181.00;10.20;725.00;1.23;0
182;industrial_complex;3180.00;10.15;728.00;5.35;0
182;industrial_complex;3181.00;10.15;724.00;5.45;0
182;industrial_complex;3176.00;10.10;726.00;3.29;0
182;air_base;3179.00;10.10;729.00;5.96;0
182;naval_base;3176.00;9.50;731.00;-1.57;3991
182;bunker;3181.00;10.20;727.00;3.90;0
182;coastal_bunker;3180.00;10.10;731.00;-1.57;0
182;dockyard;3181.00;9.50;720.00;-1.57;0
182;anti_air_building;3179.00;10.15;728.00;0.79;0
182;anti_air_building;3178.00;10.10;731.00;3.81;0
182;anti_air_building;3178.00;10.20;727.00;0.19;0
182;synthetic_refinery;3178.00;10.10;729.00;2.85;0
182;fuel_silo;3179.00;10.15;724.00;4.41;0
182;radar_station;3179.00;10.35;726.00;1.68;0
182;rocket_site;3181.00;10.10;729.00;3.46;0
182;nuclear_reactor;3175.00;10.05;725.00;1.30;0
183;arms_factory;2539.00;9.90;641.00;4.84;0
183;arms_factory;2495.00;10.45;702.00;0.12;0
183;arms_factory;2511.00;10.07;683.00;2.78;0
183;arms_factory;2455.00;10.32;713.00;5.45;0
183;arms_factory;2539.00;9.95;642.00;2.19;0
183;arms_factory;2486.00;10.60;705.00;4.85;0
183;industrial_complex;2494.00;9.98;685.00;1.23;0
183;industrial_complex;2506.00;10.03;689.00;5.35;0
183;industrial_complex;2544.00;9.90;645.00;5.45;0
183;industrial_complex;2486.00;10.55;706.00;3.29;0
183;industrial_complex;2474.00;10.45;710.00;5.96;0
183;industrial_complex;2460.00;10.30;717.00;2.34;0
183;air_base;2461.00;10.10;723.00;3.90;0
183;naval_base;2506.00;9.50;661.00;-0.98;3923
183;naval_base;2438.00;9.50;708.00;-1.77;3669
183;naval_base;2476.00;9.90;718.00;-3.55;4132
183;naval_base;2539.00;9.88;656.00;-4.33;3655
183;naval_base;2454.00;9.50;722.00;-3.14;4132
183;naval_base;2474.00;9.95;687.00;-0.32;3923
183;naval_base;2445.00;9.65;695.00;-1.49;3669
183;naval_base;2509.00;9.90;689.00;-3.79;4132
183;naval_base;2557.00;9.88;648.00;-4.49;3655
183;naval_base;2515.00;9.93;678.00;-4.07;3655
183;naval_base;2507.00;9.90;705.00;-4.25;4132
183;bunker;2487.00;10.38;696.00;5.52;0
183;bunker;2450.00;10.07;697.00;1.90;0
183;bunker;2436.00;9.95;716.00;6.03;0
183;bunker;2481.00;10.48;707.00;1.31;0
183;bunker;2515.00;10.10;672.00;3.97;0
183;bunker;2521.00;10.03;656.00;1.81;0
183;bunker;2509.00;9.95;688.00;4.47;0
183;bunker;2510.00;10.10;664.00;6.03;0
183;bunker;2458.00;10.30;714.00;2.41;0
183;bunker;2497.00;10.53;699.00;0.26;0
183;bunker;2545.00;9.98;644.00;0.36;0
183;coastal_bunker;2506.00;9.50;660.00;-0.98;0
183;coastal_bunker;2525.00;9.90;673.00;-4.07;0
183;coastal_bunker;2488.00;9.85;714.00;-3.55;0
183;coastal_bunker;2481.00;9.50;686.00;-0.32;0
183;coastal_bunker;2518.00;9.50;653.00;-0.88;0
183;coastal_bunker;2505.00;9.90;707.00;-4.25;0
183;coastal_bunker;2548.00;9.60;649.00;-4.49;0
183;coastal_bunker;2432.00;9.50;710.00;-1.77;0
183;coastal_bunker;2456.00;9.90;722.00;-3.14;0
183;coastal_bunker;2467.00;9.65;686.00;0.53;0
183;coastal_bunker;2502.00;9.50;671.00;-0.88;0
183;dockyard;2547.00;9.50;637.00;-0.67;0
183;anti_air_building;2544.00;9.95;642.00;4.64;0
183;anti_air_building;2499.00;9.93;680.00;2.48;0
183;anti_air_building;2498.00;10.15;685.00;0.32;0
183;synthetic_refinery;2464.00;10.40;714.00;0.43;0
183;fuel_silo;2549.00;9.95;645.00;4.55;0
183;radar_station;2497.00;9.95;682.00;0.88;0
183;rocket_site;2501.00;10.40;686.00;2.49;0
183;nuclear_reactor;2464.00;10.35;717.00;5.15;0
185;arms_factory;3968.00;9.60;714.00;2.19;0
185;arms_factory;3967.00;9.60;715.00;4.85;0
185;arms_factory;3967.00;9.82;714.00;1.23;0
185;arms_factory;3968.00;9.80;716.00;5.35;0
185;arms_factory;3967.00;9.50;713.00;5.45;0
185;arms_factory;3965.00;9.50;713.00;3.29;0
185;industrial_complex;3968.00;9.60;714.00;5.96;0
185;industrial_complex;3967.00;9.50;716.00;2.34;0
185;industrial_complex;3966.00;9.57;714.00;3.90;0
185;industrial_complex;3966.00;9.50;713.00;1.74;0
185;industrial_complex;3967.00;9.50;713.00;4.40;0
185;industrial_complex;3968.00;9.80;716.00;0.79;0
185;air_base;3967.00;9.60;715.00;3.81;0
185;naval_base;3967.00;9.50;716.00;-1.57;4117
185;bunker;3968.00;9.60;714.00;2.85;0
185;coastal_bunker;3965.00;9.50;713.00;-1.57;0
185;dockyard;3968.00;9.82;715.00;-1.57;0
185;anti_air_building;3966.00;9.50;713.00;3.46;0
185;anti_air_building;3967.00;9.60;715.00;1.30;0
185;anti_air_building;3966.00;9.57;714.00;2.86;0
185;synthetic_refinery;3968.00;9.60;714.00;5.52;0
185;fuel_silo;3967.00;9.50;713.00;1.90;0
185;radar_station;3967.00;9.60;715.00;6.03;0
185;rocket_site;3965.00;9.50;713.00;1.31;0
185;nuclear_reactor;3967.00;9.50;716.00;3.97;0
186;arms_factory;4116.00;10.03;712.00;1.23;0
186;arms_factory;4116.00;10.03;712.00;5.35;0
186;arms_factory;4115.00;10.03;711.00;5.45;0
186;arms_factory;4118.00;10.00;707.00;3.29;0
186;arms_factory;4118.00;10.00;707.00;5.96;0
186;arms_factory;4116.00;10.03;712.00;2.34;0
186;industrial_complex;4116.00;10.03;712.00;3.90;0
186;industrial_complex;4116.00;10.03;709.00;1.74;0
186;industrial_complex;4116.00;10.07;711.00;4.40;0
186;industrial_complex;4118.00;10.00;707.00;0.79;0
186;industrial_complex;4115.00;10.05;710.00;3.81;0
186;industrial_complex;4115.00;10.00;713.00;0.19;0
186;air_base;4116.00;10.03;709.00;2.85;0
186;naval_base;4117.00;9.50;704.00;-1.57;4315
186;bunker;4115.00;10.03;711.00;2.25;0
186;coastal_bunker;4113.00;9.50;714.00;-1.57;0
186;dockyard;4115.00;9.85;704.00;-1.57;0
186;anti_air_building;4116.00;10.03;712.00;2.86;0
186;anti_air_building;4117.00;10.03;709.00;5.52;0
186;anti_air_building;4116.00;10.07;711.00;1.90;0
186;synthetic_refinery;4118.00;10.00;707.00;6.03;0
186;fuel_silo;4116.00;10.07;710.00;1.31;0
186;radar_station;4116.00;10.07;710.00;5.27;0
186;rocket_site;4115.00;10.00;713.00;1.81;0
186;nuclear_reactor;4116.00;10.07;711.00;4.47;0
187;arms_factory;3749.00;9.90;709.00;5.45;0
187;arms_factory;3751.00;9.50;705.00;3.29;0
187;arms_factory;3752.00;9.90;707.00;5.96;0
187;arms_factory;3751.00;9.50;705.00;2.34;0
187;arms_factory;3752.00;9.90;707.00;3.90;0
187;arms_factory;3748.00;9.50;708.00;1.74;0
187;industrial_complex;3747.00;9.50;708.00;4.40;0
187;industrial_complex;3748.00;9.50;708.00;0.79;0
187;industrial_complex;3749.00;9.65;708.00;3.81;0
187;industrial_complex;3749.00;9.65;708.00;0.19;0
187;industrial_complex;3750.00;9.90;708.00;2.85;0
187;industrial_complex;3751.00;9.65;706.00;4.41;0
187;air_base;3752.00;9.90;706.00;2.25;0
187;naval_base;3748.00;9.90;709.00;-1.57;3924
187;bunker;3749.00;9.50;707.00;1.30;0
187;coastal_bunker;3750.00;9.90;707.00;-1.57;0
187;dockyard;3750.00;9.90;707.00;-1.57;0
187;anti_air_building;3751.00;9.90;707.00;1.90;0
187;anti_air_building;3752.00;9.90;707.00;6.03;0
187;anti_air_building;3751.00;9.90;707.00;1.31;0
187;synthetic_refinery;3747.00;9.50;708.00;3.97;0
187;fuel_silo;3752.00;9.50;705.00;1.81;0
187;radar_station;3750.00;9.90;707.00;4.50;0
187;rocket_site;3748.00;9.50;708.00;6.03;0
187;nuclear_reactor;3750.00;9.50;706.00;2.41;0
188;arms_factory;2522.00;9.90;697.00;5.96;0
188;arms_factory;2522.00;9.90;696.00;2.34;0
188;arms_factory;2522.00;9.90;697.00;3.90;0
188;arms_factory;2522.00;9.90;697.00;1.74;0
188;arms_factory;2522.00;9.90;696.00;4.40;0
188;arms_factory;2522.00;9.90;697.00;0.79;0
188;industrial_complex;2522.00;9.90;696.00;3.81;0
188;industrial_complex;2522.00;9.90;696.00;0.19;0
188;industrial_complex;2522.00;9.90;697.00;2.85;0
188;industrial_complex;2522.00;9.90;696.00;4.41;0
188;industrial_complex;2522.00;9.90;697.00;2.25;0
188;industrial_complex;2522.00;9.90;697.00;3.46;0
188;air_base;2522.00;9.90;696.00;1.30;0
188;naval_base;2523.00;9.90;698.00;-1.57;3655
188;bunker;2522.00;9.90;697.00;5.52;0
188;coastal_bunker;2520.00;9.50;698.00;-2.03;0
188;dockyard;2523.00;9.50;694.00;-1.57;0
188;anti_air_building;2522.00;9.90;696.00;1.31;0
188;anti_air_building;2522.00;9.90;696.00;3.97;0
188;anti_air_building;2522.00;9.90;697.00;1.81;0
188;synthetic_refinery;2522.00;9.90;696.00;4.47;0
188;fuel_silo;2522.00;9.90;697.00;6.03;0
188;radar_station;2523.00;9.90;696.00;2.63;0
188;rocket_site;2522.00;9.90;696.00;0.26;0
188;nuclear_reactor;2522.00;9.90;697.00;0.36;0
190;arms_factory;3551.00;9.98;673.00;4.40;0
190;arms_factory;3552.00;9.98;672.00;0.79;0
190;arms_factory;3553.00;9.98;671.00;3.81;0
190;arms_factory;3549.00;9.85;680.00;0.19;0
190;arms_factory;3549.00;9.88;679.00;2.85;0
190;arms_factory;3551.00;9.93;682.00;4.41;0
190;industrial_complex;3552.00;9.98;681.00;2.25;0
190;industrial_complex;3555.00;10.03;685.00;3.46;0
190;industrial_complex;3554.00;9.95;667.00;1.30;0
190;industrial_complex;3556.00;9.93;665.00;2.86;0
190;industrial_complex;3547.00;9.88;676.00;5.52;0
190;industrial_complex;3547.00;9.85;675.00;1.90;0
190;air_base;3547.00;9.85;674.00;6.03;0
190;naval_base;3558.00;9.65;679.00;0.79;4216
190;bunker;3552.00;9.98;681.00;3.97;0
190;coastal_bunker;3545.00;9.85;678.00;-2.25;0
190;dockyard;3558.00;9.90;683.00;0.79;0
190;anti_air_building;3555.00;9.98;665.00;6.03;0
190;anti_air_building;3555.00;9.95;670.00;2.41;0
190;anti_air_building;3554.00;9.90;674.00;0.26;0
190;synthetic_refinery;3551.00;9.95;678.00;0.36;0
190;fuel_silo;3549.00;9.90;677.00;4.48;0
190;radar_station;3553.00;9.95;674.00;2.56;0
190;rocket_site;3556.00;10.03;684.00;3.52;0
190;nuclear_reactor;3555.00;10.05;683.00;0.26;0
191;arms_factory;3510.00;10.00;627.00;3.81;0
191;arms_factory;3502.00;9.85;647.00;0.19;0
191;arms_factory;3526.00;9.90;609.00;2.85;0
191;arms_factory;3511.00;10.07;656.00;4.41;0
191;arms_factory;3516.00;9.90;622.00;2.25;0
191;arms_factory;3509.00;9.90;647.00;3.46;0
191;industrial_complex;3528.00;9.90;658.00;1.30;0
191;industrial_complex;3518.00;10.10;656.00;2.86;0
191;industrial_complex;3521.00;10.15;639.00;5.52;0
191;industrial_complex;3505.00;9.85;636.00;1.90;0
191;industrial_complex;3525.00;9.98;660.00;6.03;0
191;industrial_complex;3518.00;9.90;621.00;1.31;0
191;air_base;3528.00;10.10;639.00;3.97;0
191;naval_base;3504.00;9.50;623.00;0.00;4558
191;naval_base;3498.00;9.60;653.00;-2.50;3390
191;naval_base;3537.00;9.88;650.00;1.28;4216
191;bunker;3516.00;9.90;670.00;2.41;0
191;bunker;3509.00;10.00;631.00;0.26;0
191;bunker;3525.00;10.00;654.00;0.36;0
191;coastal_bunker;3516.00;9.82;612.00;0.00;0
191;coastal_bunker;3500.00;9.60;655.00;-2.50;0
191;coastal_bunker;3529.00;9.85;657.00;-3.39;0
191;dockyard;3508.00;9.50;663.00;-2.50;0
191;anti_air_building;3520.00;9.90;666.00;2.93;0
191;anti_air_building;3507.00;9.90;628.00;5.59;0
191;anti_air_building;3534.00;10.05;647.00;1.97;0
191;synthetic_refinery;3525.00;9.93;611.00;4.99;0
191;fuel_silo;3520.00;9.90;667.00;6.20;0
191;radar_station;3519.00;10.07;633.00;3.58;0
191;rocket_site;3508.00;9.90;648.00;0.42;0
191;nuclear_reactor;3521.00;9.90;595.00;3.44;0
192;arms_factory;2478.00;9.95;638.00;2.85;0
192;arms_factory;2473.00;9.98;647.00;4.41;0
192;arms_factory;2479.00;9.95;644.00;2.25;0
192;arms_factory;2478.00;9.88;636.00;3.46;0
192;arms_factory;2475.00;10.00;645.00;1.30;0
192;arms_factory;2481.00;9.90;642.00;2.86;0
192;industrial_complex;2482.00;9.90;645.00;5.52;0
192;industrial_complex;2475.00;10.00;643.00;1.90;0
192;industrial_complex;2472.00;9.90;641.00;6.03;0
192;industrial_complex;2481.00;9.93;643.00;1.31;0
192;industrial_complex;2479.00;9.93;641.00;3.97;0
192;industrial_complex;2467.00;9.90;652.00;1.81;0
192;air_base;2472.00;9.88;642.00;4.47;0
192;naval_base;2466.00;9.90;628.00;0.00;3923
192;bunker;2470.00;9.93;649.00;2.41;0
192;coastal_bunker;2477.00;9.88;648.00;0.00;0
192;dockyard;2469.00;9.50;637.00;-1.57;0
192;anti_air_building;2474.00;10.00;646.00;4.48;0
192;anti_air_building;2473.00;9.95;638.00;0.86;0
192;anti_air_building;2481.00;9.90;646.00;3.52;0
192;synthetic_refinery;2474.00;9.98;644.00;0.26;0
192;fuel_silo;2475.00;10.00;647.00;2.93;0
192;radar_station;2474.00;9.95;642.00;6.21;0
192;rocket_site;2476.00;10.00;642.00;1.97;0
192;nuclear_reactor;2476.00;9.98;645.00;4.99;0
193;arms_factory;3549.00;9.65;646.00;2.25;0
193;arms_factory;3547.00;9.50;644.00;3.46;0
193;arms_factory;3548.00;9.90;646.00;1.30;0
193;arms_factory;3547.00;9.82;645.00;2.86;0
193;arms_factory;3547.00;9.62;646.00;5.52;0
193;arms_factory;3546.00;9.50;645.00;1.90;0
193;industrial_complex;3549.00;9.90;647.00;6.03;0
193;industrial_complex;3546.00;9.50;644.00;1.31;0
193;industrial_complex;3548.00;9.65;647.00;3.97;0
193;industrial_complex;3547.00;9.82;645.00;1.81;0
193;industrial_complex;3548.00;9.90;646.00;4.47;0
193;industrial_complex;3547.00;9.82;645.00;6.03;0
193;air_base;3549.00;9.90;647.00;2.41;0
193;naval_base;3546.00;9.50;645.00;-1.57;4216
193;bunker;3549.00;9.65;646.00;0.36;0
193;coastal_bunker;3548.00;9.62;645.00;-1.57;0
193;dockyard;3548.00;9.65;647.00;-1.57;0
193;anti_air_building;3547.00;9.82;645.00;3.52;0
193;anti_air_building;3546.00;9.50;644.00;0.26;0
193;anti_air_building;3546.00;9.50;645.00;2.93;0
193;synthetic_refinery;3549.00;9.90;647.00;5.59;0
193;fuel_silo;3548.00;9.90;646.00;1.97;0
193;radar_station;3548.00;9.90;646.00;5.45;0
193;rocket_site;3547.00;9.62;646.00;6.20;0
193;nuclear_reactor;3546.00;9.50;644.00;4.04;0
194;arms_factory;3140.00;9.82;630.00;1.30;0
194;arms_factory;3140.00;9.85;631.00;2.86;0
194;arms_factory;3140.00;9.85;631.00;5.52;0
194;arms_factory;3143.00;9.85;636.00;1.90;0
194;arms_factory;3140.00;9.82;630.00;6.03;0
194;arms_factory;3143.00;9.85;636.00;1.31;0
194;industrial_complex;3140.00;9.85;631.00;3.97;0
194;industrial_complex;3140.00;9.85;631.00;1.81;0
194;industrial_complex;3140.00;9.85;631.00;4.47;0
194;industrial_complex;3143.00;9.85;636.00;6.03;0
194;industrial_complex;3140.00;9.82;630.00;2.41;0
194;industrial_complex;3140.00;9.82;630.00;0.26;0
194;air_base;3140.00;9.82;630.00;0.36;0
194;naval_base;3141.00;9.82;634.00;-1.57;3491
194;bunker;3143.00;9.85;636.00;0.86;0
194;coastal_bunker;3143.00;9.85;635.00;-1.57;0
194;dockyard;3140.00;9.60;633.00;-1.57;0
194;anti_air_building;3140.00;9.82;630.00;2.93;0
194;anti_air_building;3140.00;9.85;631.00;5.59;0
194;anti_air_building;3143.00;9.85;636.00;1.97;0
194;synthetic_refinery;3140.00;9.85;631.00;4.99;0
194;fuel_silo;3140.00;9.82;630.00;6.20;0
194;radar_station;3142.00;9.60;633.00;3.58;0
194;rocket_site;3140.00;9.82;630.00;0.42;0
194;nuclear_reactor;3140.00;9.82;630.00;3.44;0
195;arms_factory;2522.00;10.10;572.00;5.52;0
195;arms_factory;2580.00;10.07;600.00;1.90;0
195;arms_factory;2572.00;10.45;583.00;6.03;0
195;arms_factory;2577.00;10.20;608.00;1.31;0
195;arms_factory;2575.00;9.90;573.00;3.97;0
195;arms_factory;2524.00;10.00;570.00;1.81;0
195;industrial_complex;2527.00;9.88;562.00;4.47;0
195;industrial_complex;2504.00;9.95;574.00;6.03;0
195;industrial_complex;2575.00;10.20;593.00;2.41;0
195;industrial_complex;2577.00;10.20;589.00;0.26;0
195;industrial_complex;2566.00;10.40;582.00;0.36;0
195;industrial_complex;2526.00;9.95;585.00;4.48;0
195;air_base;2543.00;10.07;581.00;0.86;0
195;naval_base;2512.00;9.93;590.00;-3.46;3923
195;naval_base;2578.00;9.90;617.00;-2.94;3655
195;naval_base;2586.00;9.88;597.00;1.28;4433
195;naval_base;2538.00;9.88;570.00;-0.17;4134
195;naval_base;2519.00;9.85;563.00;-0.14;4134
195;naval_base;2491.00;9.68;585.00;-0.24;4134
195;naval_base;2553.00;9.88;569.00;0.46;4433
195;bunker;2495.00;9.93;578.00;4.04;0
195;bunker;2543.00;10.07;578.00;0.42;0
195;bunker;2547.00;10.00;574.00;3.44;0
195;bunker;2572.00;9.90;609.00;4.64;0
195;bunker;2581.00;10.03;580.00;2.48;0
195;bunker;2508.00;10.00;592.00;0.32;0
195;bunker;2481.00;9.95;592.00;0.43;0
195;coastal_bunker;2532.00;9.50;563.00;-0.17;0
195;coastal_bunker;2563.00;9.50;568.00;0.46;0
195;coastal_bunker;2517.00;9.60;561.00;-0.14;0
195;coastal_bunker;2573.00;9.90;632.00;-2.94;0
195;coastal_bunker;2578.00;9.65;574.00;1.28;0
195;coastal_bunker;2478.00;9.50;598.00;-2.47;0
195;coastal_bunker;2512.00;9.93;591.00;-3.46;0
195;dockyard;2575.00;9.90;631.00;-2.94;0
195;anti_air_building;2520.00;9.95;585.00;6.26;0
195;anti_air_building;2583.00;10.00;601.00;4.10;0
195;anti_air_building;2572.00;10.03;619.00;5.66;0
195;synthetic_refinery;2569.00;10.20;577.00;2.05;0
195;fuel_silo;2563.00;10.00;574.00;4.71;0
195;radar_station;2533.00;9.90;588.00;1.83;0
195;rocket_site;2515.00;10.35;578.00;4.11;0
195;nuclear_reactor;2509.00;9.90;555.00;0.49;0
196;arms_factory;2514.00;10.30;626.00;6.03;0
196;arms_factory;2528.00;9.90;620.00;1.31;0
196;arms_factory;2512.00;10.15;627.00;3.97;0
196;arms_factory;2515.00;10.15;627.00;1.81;0
196;arms_factory;2518.00;9.93;627.00;4.47;0
196;arms_factory;2516.00;9.93;617.00;6.03;0
196;industrial_complex;2520.00;9.95;617.00;2.41;0
196;industrial_complex;2523.00;9.98;617.00;0.26;0
196;industrial_complex;2526.00;10.00;617.00;0.36;0
196;industrial_complex;2520.00;10.00;622.00;4.48;0
196;industrial_complex;2510.00;10.00;623.00;0.86;0
196;industrial_complex;2513.00;10.05;623.00;3.52;0
196;air_base;2529.00;9.90;614.00;0.26;0
196;naval_base;2524.00;9.65;613.00;-1.57;3923
196;bunker;2536.00;9.90;614.00;5.59;0
196;coastal_bunker;2513.00;9.93;630.00;-1.57;0
196;dockyard;2512.00;9.95;630.00;-1.57;0
196;anti_air_building;2517.00;10.00;620.00;6.20;0
196;anti_air_building;2520.00;10.10;620.00;4.04;0
196;anti_air_building;2523.00;10.00;620.00;0.42;0
196;synthetic_refinery;2526.00;9.95;620.00;3.44;0
196;fuel_silo;2510.00;10.00;627.00;4.64;0
196;radar_station;2523.00;9.93;623.00;3.51;0
196;rocket_site;2516.00;10.05;627.00;0.32;0
196;nuclear_reactor;2538.00;9.95;616.00;0.43;0
198;arms_factory;4497.00;10.75;556.00;4.47;0
198;arms_factory;4560.00;11.50;547.00;6.03;0
198;arms_factory;4528.00;9.90;590.00;2.41;0
198;arms_factory;4506.00;10.50;568.00;0.26;0
198;arms_factory;4558.00;10.20;606.00;0.36;0
198;arms_factory;4566.00;10.35;588.00;4.48;0
198;industrial_complex;4520.00;10.80;556.00;0.86;0
198;industrial_complex;4633.00;10.10;547.00;3.52;0
198;industrial_complex;4444.00;10.57;517.00;0.26;0
198;industrial_complex;4408.00;10.03;523.00;2.93;0
198;industrial_complex;4486.00;10.80;528.00;5.59;0
198;industrial_complex;4568.00;12.25;517.00;1.97;0
198;air_base;4500.00;10.90;543.00;4.99;0
198;naval_base;4532.00;9.80;607.00;-2.74;3707
198;naval_base;4603.00;9.85;618.00;1.34;4043
198;naval_base;4470.00;9.50;562.00;-2.76;3692
198;naval_base;4505.00;9.50;583.00;-2.28;3692
198;naval_base;4423.00;9.80;535.00;-4.14;3692
198;naval_base;4641.00;9.85;585.00;-3.64;4363
198;naval_base;4477.00;9.90;566.00;-2.66;3692
198;naval_base;4633.00;9.82;581.00;-3.37;4043
198;naval_base;4594.00;9.85;581.00;-4.43;4043
198;bunker;4435.00;10.45;519.00;0.93;0
198;bunker;4412.00;10.10;522.00;2.49;0
198;bunker;4466.00;9.90;555.00;5.15;0
198;bunker;4643.00;9.90;559.00;2.99;0
198;bunker;4575.00;10.00;590.00;4.20;0
198;bunker;4632.00;10.00;568.00;0.94;0
198;bunker;4519.00;10.15;576.00;3.60;0
198;bunker;4589.00;9.90;618.00;6.26;0
198;bunker;4568.00;11.00;553.00;4.10;0
198;bunker;4498.00;10.78;553.00;5.66;0
198;bunker;4528.00;10.00;588.00;2.05;0
198;bunker;4546.00;11.60;529.00;4.71;0
198;coastal_bunker;4612.00;9.85;612.00;1.34;0
198;coastal_bunker;4636.00;9.88;583.00;-3.03;0
198;coastal_bunker;4397.00;9.80;531.00;-2.36;0
198;coastal_bunker;4601.00;9.80;577.00;-3.37;0
198;coastal_bunker;4475.00;9.90;566.00;-2.66;0
198;coastal_bunker;4551.00;9.90;612.00;-2.74;0
198;coastal_bunker;4439.00;9.82;544.00;-2.76;0
198;coastal_bunker;4593.00;9.88;581.00;-4.43;0
198;coastal_bunker;4511.00;9.85;583.00;-2.28;0
198;dockyard;4425.00;9.82;535.00;-4.14;0
198;anti_air_building;4509.00;10.80;557.00;3.67;0
198;anti_air_building;4484.00;10.10;563.00;0.05;0
198;anti_air_building;4548.00;11.00;570.00;1.61;0
198;synthetic_refinery;4532.00;9.93;595.00;5.73;0
198;fuel_silo;4452.00;11.20;507.00;0.65;0
198;radar_station;4526.00;10.80;555.00;4.95;0
198;rocket_site;4561.00;10.43;596.00;0.06;0
198;nuclear_reactor;4554.00;11.68;535.00;4.18;0
199;arms_factory;3199.00;9.90;613.00;2.41;0
199;arms_factory;3206.00;10.05;611.00;0.26;0
199;arms_factory;3206.00;10.05;611.00;0.36;0
199;arms_factory;3202.00;9.90;608.00;4.48;0
199;arms_factory;3204.00;9.90;606.00;0.86;0
199;arms_factory;3204.00;9.90;606.00;3.52;0
199;industrial_complex;3202.00;9.98;612.00;0.26;0
199;industrial_complex;3197.00;9.85;615.00;2.93;0
199;industrial_complex;3210.00;10.10;610.00;5.59;0
199;industrial_complex;3206.00;10.00;607.00;1.97;0
199;industrial_complex;3203.00;9.95;609.00;4.99;0
199;industrial_complex;3211.00;9.93;604.00;6.20;0
199;air_base;3211.00;9.93;604.00;4.04;0
199;naval_base;3198.00;9.90;616.00;-0.79;3729
199;bunker;3209.00;9.98;613.00;3.44;0
199;coastal_bunker;3203.00;9.90;613.00;-0.79;0
199;dockyard;3206.00;9.93;613.00;-0.79;0
199;anti_air_building;3207.00;10.03;608.00;0.32;0
199;anti_air_building;3211.00;9.95;614.00;0.43;0
199;anti_air_building;3209.00;9.95;606.00;4.55;0
199;synthetic_refinery;3207.00;9.98;612.00;0.93;0
199;fuel_silo;3203.00;9.95;609.00;2.49;0
199;radar_station;3205.00;9.98;608.00;0.11;0
199;rocket_site;3211.00;10.03;607.00;2.99;0
199;nuclear_reactor;3211.00;10.03;607.00;4.20;0
200;arms_factory;3429.00;9.85;569.00;0.36;0
200;arms_factory;3428.00;9.98;611.00;4.48;0
200;arms_factory;3450.00;10.00;592.00;0.86;0
200;arms_factory;3411.00;9.93;590.00;3.52;0
200;arms_factory;3445.00;10.07;607.00;0.26;0
200;arms_factory;3457.00;10.00;599.00;2.93;0
200;industrial_complex;3465.00;9.90;571.00;5.59;0
200;industrial_complex;3430.00;10.03;581.00;1.97;0
200;industrial_complex;3458.00;9.82;550.00;4.99;0
200;industrial_complex;3438.00;10.00;603.00;6.20;0
200;industrial_complex;3430.00;10.00;605.00;4.04;0
200;industrial_complex;3431.00;10.00;589.00;0.42;0
200;air_base;3463.00;10.07;610.00;3.44;0
200;naval_base;3482.00;9.60;607.00;-4.33;4558
200;naval_base;3411.00;9.60;606.00;-3.24;4487
200;naval_base;3467.00;9.80;557.00;1.25;4237
200;naval_base;3463.00;9.65;616.00;-4.28;4558
200;naval_base;3468.00;9.50;563.00;1.49;4237
200;bunker;3435.00;9.90;598.00;0.93;0
200;bunker;3446.00;9.80;580.00;2.49;0
200;bunker;3425.00;9.98;577.00;5.15;0
200;bunker;3423.00;10.30;594.00;2.99;0
200;bunker;3459.00;9.90;595.00;4.20;0
200;bunker;3453.00;10.00;544.00;0.94;0
200;bunker;3450.00;10.00;602.00;3.60;0
200;coastal_bunker;3459.00;9.80;529.00;1.25;0
200;coastal_bunker;3408.00;9.50;597.00;-1.18;0
200;coastal_bunker;3465.00;9.80;561.00;1.49;0
200;coastal_bunker;3480.00;9.60;604.00;-4.33;0
200;coastal_bunker;3451.00;9.85;613.00;-2.90;0
200;dockyard;3475.00;9.80;593.00;-4.33;0
200;anti_air_building;3446.00;9.90;574.00;4.11;0
200;anti_air_building;3428.00;10.10;584.00;0.49;0
200;anti_air_building;3462.00;9.80;554.00;3.15;0
200;synthetic_refinery;3438.00;9.90;566.00;6.18;0
200;fuel_silo;3423.00;10.05;608.00;1.10;0
200;radar_station;3447.00;9.90;571.00;6.18;0
200;rocket_site;3470.00;10.00;613.00;3.06;0
200;nuclear_reactor;3452.00;10.03;603.00;3.16;0
201;arms_factory;3834.00;9.90;587.00;0.86;0
201;arms_factory;3865.00;10.15;565.00;3.52;0
201;arms_factory;3833.00;9.90;572.00;0.26;0
201;arms_factory;3853.00;9.95;567.00;2.93;0
201;arms_factory;3832.00;9.93;578.00;5.59;0
201;arms_factory;3883.00;9.98;574.00;1.97;0
201;industrial_complex;3883.00;9.98;566.00;4.99;0
201;industrial_complex;3885.00;9.82;584.00;6.20;0
201;industrial_complex;3850.00;10.10;562.00;4.04;0
201;industrial_complex;3833.00;10.00;581.00;0.42;0
201;industrial_complex;3847.00;10.07;564.00;3.44;0
201;industrial_complex;3846.00;10.25;568.00;4.64;0
201;air_base;3840.00;9.90;604.00;2.48;0
201;naval_base;3882.00;9.50;591.00;-3.03;3870
201;naval_base;3831.00;9.50;569.00;-0.17;4203
201;naval_base;3823.00;9.50;588.00;-3.46;4149
201;bunker;3886.00;9.98;575.00;0.93;0
201;bunker;3832.00;9.93;591.00;2.49;0
201;bunker;3849.00;10.07;561.00;5.15;0
201;coastal_bunker;3842.00;9.90;579.00;-2.68;0
201;coastal_bunker;3841.00;9.60;607.00;-3.46;0
201;coastal_bunker;3885.00;9.85;596.00;-3.03;0
201;dockyard;3862.00;9.95;568.00;-4.66;0
201;anti_air_building;3877.00;9.95;562.00;6.26;0
201;anti_air_building;3837.00;9.93;564.00;4.10;0
201;anti_air_building;3882.00;10.07;570.00;5.66;0
201;synthetic_refinery;3885.00;9.95;593.00;2.05;0
201;fuel_silo;3835.00;10.05;572.00;4.71;0
201;radar_station;3848.00;9.90;573.00;1.83;0
201;rocket_site;3839.00;9.90;602.00;4.11;0
201;nuclear_reactor;3832.00;9.90;594.00;0.49;0
202;arms_factory;3013.00;9.90;604.00;0.26;0
202;arms_factory;3028.00;9.95;599.00;2.93;0
202;arms_factory;3016.00;9.90;601.00;5.59;0
202;arms_factory;3023.00;9.93;601.00;1.97;0
202;arms_factory;3027.00;9.90;585.00;4.99;0
202;arms_factory;3031.00;9.90;592.00;6.20;0
202;industrial_complex;3031.00;9.90;592.00;4.04;0
202;industrial_complex;3021.00;9.95;602.00;0.42;0
202;industrial_complex;3021.00;9.95;602.00;3.44;0
202;industrial_complex;3014.00;9.93;603.00;4.64;0
202;industrial_complex;3025.00;9.90;598.00;2.48;0
202;industrial_complex;3025.00;9.90;598.00;0.32;0
202;air_base;3027.00;10.00;599.00;0.43;0
202;naval_base;3019.00;9.65;606.00;-3.14;3840
202;bunker;3018.00;9.95;604.00;0.93;0
202;coastal_bunker;3022.00;9.50;599.00;-3.14;0
202;dockyard;3016.00;9.93;605.00;-3.14;0
202;anti_air_building;3014.00;9.88;602.00;2.99;0
202;anti_air_building;3014.00;9.88;602.00;4.20;0
202;anti_air_building;3035.00;9.90;592.00;0.94;0
202;synthetic_refinery;3030.00;9.90;595.00;3.60;0
202;fuel_silo;3030.00;9.90;595.00;6.26;0
202;radar_station;3024.00;9.50;596.00;4.46;0
202;rocket_site;3018.00;10.00;603.00;5.66;0
202;nuclear_reactor;3026.00;9.93;603.00;2.05;0
203;arms_factory;3059.00;9.80;605.00;5.59;0
203;arms_factory;3059.00;9.80;605.00;1.97;0
203;arms_factory;3059.00;9.80;605.00;4.99;0
203;arms_factory;3059.00;9.80;605.00;6.20;0
203;arms_factory;3059.00;9.80;605.00;4.04;0
203;arms_factory;3059.00;9.80;605.00;0.42;0
203;industrial_complex;3059.00;9.80;605.00;3.44;0
203;industrial_complex;3059.00;9.80;605.00;4.64;0
203;industrial_complex;3059.00;9.80;605.00;2.48;0
203;industrial_complex;3059.00;9.80;605.00;0.32;0
203;industrial_complex;3059.00;9.80;605.00;0.43;0
203;industrial_complex;3059.00;9.80;605.00;4.55;0
203;air_base;3059.00;9.80;605.00;0.93;0
203;naval_base;3060.00;9.80;595.00;-1.57;3840
203;bunker;3059.00;9.80;605.00;5.15;0
203;coastal_bunker;3059.00;9.50;595.00;-1.57;0
203;dockyard;3060.00;9.82;598.00;-1.57;0
203;anti_air_building;3059.00;9.80;605.00;0.94;0
203;anti_air_building;3059.00;9.80;605.00;3.60;0
203;anti_air_building;3059.00;9.80;605.00;6.26;0
203;synthetic_refinery;3059.00;9.80;605.00;4.10;0
203;fuel_silo;3059.00;9.80;605.00;5.66;0
203;radar_station;3059.00;9.50;601.00;2.59;0
203;rocket_site;3059.00;9.80;605.00;4.71;0
203;nuclear_reactor;3059.00;9.80;605.00;2.55;0
204;arms_factory;4140.00;9.90;600.00;4.99;0
204;arms_factory;4140.00;9.90;600.00;6.20;0
204;arms_factory;4143.00;9.90;599.00;4.04;0
204;arms_factory;4140.00;9.90;600.00;0.42;0
204;arms_factory;4143.00;9.90;599.00;3.44;0
204;arms_factory;4143.00;9.90;599.00;4.64;0
204;industrial_complex;4140.00;9.90;600.00;2.48;0
204;industrial_complex;4143.00;9.90;599.00;0.32;0
204;industrial_complex;4140.00;9.90;600.00;0.43;0
204;industrial_complex;4140.00;9.90;600.00;4.55;0
204;industrial_complex;4143.00;9.90;599.00;0.93;0
204;industrial_complex;4140.00;9.90;600.00;2.49;0
204;air_base;4143.00;9.90;599.00;5.15;0
204;naval_base;4144.00;9.62;598.00;-1.57;4029
204;bunker;4140.00;9.90;600.00;4.20;0
204;coastal_bunker;4142.00;9.50;598.00;-1.57;0
204;dockyard;4147.00;9.65;596.00;-1.57;0
204;anti_air_building;4140.00;9.90;600.00;6.26;0
204;anti_air_building;4143.00;9.90;599.00;4.10;0
204;anti_air_building;4140.00;9.90;600.00;5.66;0
204;synthetic_refinery;4140.00;9.90;600.00;2.05;0
204;fuel_silo;4143.00;9.90;599.00;4.71;0
204;radar_station;4144.00;9.90;599.00;1.83;0
204;rocket_site;4143.00;9.90;599.00;4.11;0
204;nuclear_reactor;4143.00;9.90;599.00;0.49;0
205;arms_factory;3059.00;10.00;574.00;4.04;0
205;arms_factory;3060.00;9.98;571.00;0.42;0
205;arms_factory;3064.00;9.85;591.00;3.44;0
205;arms_factory;3063.00;9.90;577.00;4.64;0
205;arms_factory;3056.00;9.98;575.00;2.48;0
205;arms_factory;3057.00;9.93;573.00;0.32;0
205;industrial_complex;3061.00;9.90;568.00;0.43;0
205;industrial_complex;3060.00;9.90;582.00;4.55;0
205;industrial_complex;3055.00;9.93;576.00;0.93;0
205;industrial_complex;3062.00;10.00;574.00;2.49;0
205;industrial_complex;3061.00;10.00;571.00;5.15;0
205;industrial_complex;3064.00;9.85;593.00;2.99;0
205;air_base;3062.00;9.90;578.00;4.20;0
205;naval_base;3064.00;9.65;570.00;1.57;4140
205;bunker;3061.00;10.00;573.00;3.60;0
205;coastal_bunker;3058.00;9.50;569.00;-0.27;0
205;dockyard;3068.00;9.65;578.00;1.57;0
205;anti_air_building;3056.00;9.95;576.00;5.66;0
205;anti_air_building;3064.00;10.00;574.00;2.05;0
205;anti_air_building;3058.00;9.93;572.00;4.71;0
205;synthetic_refinery;3065.00;9.90;593.00;2.55;0
205;fuel_silo;3063.00;9.90;579.00;4.11;0
205;radar_station;3059.00;9.62;582.00;1.07;0
205;rocket_site;3062.00;10.00;573.00;3.15;0
205;nuclear_reactor;3061.00;9.95;570.00;6.18;0
206;arms_factory;3095.00;9.85;597.00;3.44;0
206;arms_factory;3095.00;9.85;597.00;4.64;0
206;arms_factory;3095.00;9.85;598.00;2.48;0
206;arms_factory;3095.00;9.85;597.00;0.32;0
206;arms_factory;3095.00;9.85;598.00;0.43;0
206;arms_factory;3095.00;9.85;598.00;4.55;0
206;industrial_complex;3095.00;9.85;597.00;0.93;0
206;industrial_complex;3095.00;9.85;598.00;2.49;0
206;industrial_complex;3095.00;9.85;597.00;5.15;0
206;industrial_complex;3095.00;9.85;597.00;2.99;0
206;industrial_complex;3095.00;9.85;598.00;4.20;0
206;industrial_complex;3095.00;9.85;597.00;0.94;0
206;air_base;3095.00;9.85;597.00;3.60;0
206;naval_base;3097.00;9.57;598.00;-1.57;4140
206;bunker;3095.00;9.85;597.00;4.10;0
206;coastal_bunker;3092.00;9.57;595.00;-1.57;0
206;dockyard;3094.00;9.50;597.00;-1.57;0
206;anti_air_building;3095.00;9.85;597.00;4.71;0
206;anti_air_building;3095.00;9.85;598.00;2.55;0
206;anti_air_building;3095.00;9.85;597.00;4.11;0
206;synthetic_refinery;3095.00;9.85;597.00;0.49;0
206;fuel_silo;3095.00;9.85;598.00;3.15;0
206;radar_station;3095.00;9.85;598.00;0.65;0
206;rocket_site;3095.00;9.85;598.00;1.10;0
206;nuclear_reactor;3095.00;9.85;598.00;5.22;0
208;arms_factory;3856.00;9.90;595.00;0.43;0
208;arms_factory;3856.00;9.90;595.00;4.55;0
208;arms_factory;3855.00;9.90;595.00;0.93;0
208;arms_factory;3856.00;9.90;596.00;2.49;0
208;arms_factory;3855.00;9.90;596.00;5.15;0
208;arms_factory;3855.00;9.90;596.00;2.99;0
208;industrial_complex;3856.00;9.90;595.00;4.20;0
208;industrial_complex;3855.00;9.90;595.00;0.94;0
208;industrial_complex;3855.00;9.90;595.00;3.60;0
208;industrial_complex;3856.00;9.90;596.00;6.26;0
208;industrial_complex;3855.00;9.90;596.00;4.10;0
208;industrial_complex;3856.00;9.90;595.00;5.66;0
208;air_base;3856.00;9.90;595.00;2.05;0
208;naval_base;3858.00;9.65;598.00;1.57;4149
208;bunker;3856.00;9.90;596.00;2.55;0
208;coastal_bunker;3854.00;9.50;596.00;1.57;0
208;dockyard;3858.00;9.90;599.00;1.57;0
208;anti_air_building;3856.00;9.90;595.00;3.15;0
208;anti_air_building;3855.00;9.90;595.00;6.18;0
208;anti_air_building;3856.00;9.90;596.00;1.10;0
208;synthetic_refinery;3856.00;9.90;596.00;5.22;0
208;fuel_silo;3855.00;9.90;596.00;3.06;0
208;radar_station;3857.00;9.90;597.00;5.41;0
208;rocket_site;3856.00;9.90;595.00;1.00;0
208;nuclear_reactor;3855.00;9.90;595.00;3.67;0
210;arms_factory;4378.00;9.90;556.00;5.15;0
210;arms_factory;4385.00;10.05;575.00;2.99;0
210;arms_factory;4383.00;10.00;574.00;4.20;0
210;arms_factory;4394.00;9.90;584.00;0.94;0
210;arms_factory;4389.00;10.07;565.00;3.60;0
210;arms_factory;4396.00;9.90;564.00;6.26;0
210;industrial_complex;4381.00;10.00;575.00;4.10;0
210;industrial_complex;4379.00;9.93;574.00;5.66;0
210;industrial_complex;4381.00;9.90;556.00;2.05;0
210;industrial_complex;4385.00;10.15;565.00;4.71;0
210;industrial_complex;4392.00;10.00;564.00;2.55;0
210;industrial_complex;4396.00;9.90;584.00;4.11;0
210;air_base;4376.00;9.90;574.00;0.49;0
210;naval_base;4372.00;9.50;573.00;-0.62;3442
210;bunker;4383.00;10.05;575.00;6.18;0
210;coastal_bunker;4366.00;9.57;584.00;-0.62;0
210;dockyard;4368.00;9.82;564.00;-0.62;0
210;anti_air_building;4372.00;9.80;584.00;3.06;0
210;anti_air_building;4373.00;9.90;556.00;3.16;0
210;anti_air_building;4380.00;9.98;575.00;1.00;0
210;synthetic_refinery;4378.00;9.90;574.00;3.67;0
210;fuel_silo;4389.00;9.98;584.00;0.05;0
210;radar_station;4385.00;10.00;573.00;2.78;0
210;rocket_site;4391.00;10.00;564.00;5.73;0
210;nuclear_reactor;4389.00;9.90;554.00;0.65;0
212;arms_factory;2416.00;9.50;589.00;3.60;0
212;arms_factory;2418.00;9.90;590.00;6.26;0
212;arms_factory;2416.00;9.50;589.00;4.10;0
212;arms_factory;2418.00;9.90;590.00;5.66;0
212;arms_factory;2413.00;9.50;587.00;2.05;0
212;arms_factory;2418.00;9.50;589.00;4.71;0
212;industrial_complex;2413.00;9.50;587.00;2.55;0
212;industrial_complex;2412.00;9.50;588.00;4.11;0
212;industrial_complex;2412.00;9.50;588.00;0.49;0
212;industrial_complex;2413.00;9.90;588.00;3.15;0
212;industrial_complex;2412.00;9.50;589.00;6.18;0
212;industrial_complex;2413.00;9.90;588.00;1.10;0
212;air_base;2413.00;9.90;589.00;5.22;0
212;naval_base;2415.00;9.90;590.00;-1.57;3541
212;bunker;2413.00;9.90;589.00;3.16;0
212;coastal_bunker;2415.00;9.50;589.00;-1.57;0
212;dockyard;2417.00;9.90;590.00;-1.57;0
212;anti_air_building;2415.00;9.50;589.00;0.05;0
212;anti_air_building;2417.00;9.90;590.00;1.61;0
212;anti_air_building;2412.00;9.50;587.00;5.73;0
212;synthetic_refinery;2418.00;9.90;590.00;0.65;0
212;fuel_silo;2412.00;9.50;587.00;4.78;0
212;radar_station;2416.00;9.50;589.00;1.60;0
212;rocket_site;2412.00;9.50;590.00;4.18;0
212;nuclear_reactor;2412.00;9.50;588.00;0.56;0
215;arms_factory;3865.00;9.90;580.00;2.55;0
215;arms_factory;3864.00;9.90;580.00;4.11;0
215;arms_factory;3864.00;9.90;580.00;0.49;0
215;arms_factory;3863.00;9.90;580.00;3.15;0
215;arms_factory;3863.00;9.90;579.00;6.18;0
215;arms_factory;3865.00;9.90;580.00;1.10;0
215;industrial_complex;3865.00;9.90;580.00;5.22;0
215;industrial_complex;3864.00;9.90;580.00;3.06;0
215;industrial_complex;3863.00;9.90;580.00;3.16;0
215;industrial_complex;3863.00;9.90;580.00;1.00;0
215;industrial_complex;3863.00;9.90;579.00;3.67;0
215;industrial_complex;3865.00;9.90;580.00;0.05;0
215;air_base;3864.00;9.90;580.00;1.61;0
215;naval_base;3866.00;9.50;579.00;-3.93;3870
215;bunker;3863.00;9.90;580.00;0.65;0
215;coastal_bunker;3864.00;9.90;579.00;-3.93;0
215;dockyard;3864.00;9.90;581.00;-3.93;0
215;anti_air_building;3865.00;9.90;580.00;4.18;0
215;anti_air_building;3864.00;9.90;580.00;0.56;0
215;anti_air_building;3863.00;9.90;580.00;2.12;0
215;synthetic_refinery;3863.00;9.90;579.00;6.24;0
215;fuel_silo;3863.00;9.90;579.00;1.17;0
215;radar_station;3865.00;9.90;580.00;4.49;0
215;rocket_site;3864.00;9.90;580.00;0.57;0
215;nuclear_reactor;3864.00;9.90;580.00;3.23;0
219;arms_factory;2980.00;9.85;565.00;3.16;0
219;arms_factory;2982.00;9.85;564.00;1.00;0
219;arms_factory;2982.00;9.85;564.00;3.67;0
219;arms_factory;2980.00;9.82;564.00;0.05;0
219;arms_factory;2980.00;9.82;564.00;1.61;0
219;arms_factory;2987.00;9.85;567.00;5.73;0
219;industrial_complex;2979.00;9.80;564.00;0.65;0
219;industrial_complex;2980.00;9.82;567.00;4.78;0
219;industrial_complex;2980.00;9.85;566.00;0.06;0
219;industrial_complex;2981.00;9.90;566.00;4.18;0
219;industrial_complex;2979.00;9.80;566.00;0.56;0
219;industrial_complex;2979.00;9.80;566.00;2.12;0
219;air_base;2980.00;9.85;565.00;6.24;0
219;naval_base;2984.00;9.50;563.00;1.57;3536
219;bunker;2979.00;9.80;565.00;5.29;0
219;coastal_bunker;2977.00;9.50;562.00;1.57;0
219;dockyard;2988.00;9.80;565.00;1.57;0
219;anti_air_building;2979.00;9.80;564.00;5.89;0
219;anti_air_building;2980.00;9.82;567.00;3.73;0
219;anti_air_building;2991.00;9.80;567.00;3.84;0
219;synthetic_refinery;2979.00;9.80;567.00;1.68;0
219;fuel_silo;2979.00;9.80;567.00;5.80;0
219;radar_station;2987.00;9.80;565.00;1.79;0
219;rocket_site;2986.00;9.80;565.00;3.74;0
219;nuclear_reactor;2987.00;9.80;565.00;0.12;0
223;arms_factory;2500.00;10.15;494.00;0.06;0
223;arms_factory;2518.00;10.40;453.00;4.18;0
223;arms_factory;2504.00;10.30;498.00;0.56;0
223;arms_factory;2528.00;10.05;460.00;2.12;0
223;arms_factory;2614.00;10.00;495.00;6.24;0
223;arms_factory;2663.00;10.10;482.00;1.17;0
223;industrial_complex;2608.00;9.90;501.00;5.29;0
223;industrial_complex;2541.00;10.10;496.00;0.57;0
223;industrial_complex;2623.00;10.10;505.00;3.23;0
223;industrial_complex;2538.00;10.32;502.00;5.89;0
223;industrial_complex;2500.00;10.30;482.00;3.73;0
223;industrial_complex;2575.00;10.40;520.00;3.84;0
223;air_base;2508.00;10.03;443.00;1.68;0
223;naval_base;2607.00;9.60;496.00;-0.36;3792
223;naval_base;2491.00;9.65;471.00;-1.57;4567
223;naval_base;2615.00;9.82;541.00;-4.31;4433
223;naval_base;2497.00;9.60;442.00;-1.01;4567
223;naval_base;2525.00;9.85;531.00;-2.84;4134
223;naval_base;2567.00;9.80;544.00;-3.46;4433
223;naval_base;2674.00;9.85;492.00;-3.55;3762
223;naval_base;2550.00;9.50;484.00;0.53;3792
223;naval_base;2651.00;9.90;493.00;-3.85;3762
223;naval_base;2570.00;9.50;497.00;0.54;3792
223;naval_base;2592.00;9.88;550.00;-3.31;4433
223;naval_base;2492.00;9.90;500.00;-3.00;4134
223;naval_base;2651.00;9.90;494.00;1.57;3762
223;naval_base;2525.00;9.60;438.00;0.40;3492
223;naval_base;2594.00;9.88;502.00;0.32;3792
223;naval_base;2538.00;9.90;466.00;1.33;3792
223;naval_base;2518.00;9.85;526.00;-2.50;4134
223;naval_base;2535.00;9.80;537.00;-2.16;4134
223;naval_base;2516.00;9.82;428.00;-0.38;4567
223;naval_base;2626.00;9.88;520.00;-4.17;3508
223;naval_base;2600.00;9.50;501.00;-0.15;3792
223;bunker;2620.00;10.00;519.00;4.42;0
223;bunker;2512.00;10.10;449.00;2.26;0
223;bunker;2591.00;10.10;515.00;4.92;0
223;bunker;2527.00;10.03;452.00;0.19;0
223;bunker;2583.00;9.98;542.00;2.86;0
223;bunker;2534.00;10.38;512.00;0.70;0
223;bunker;2540.00;10.10;522.00;1.91;0
223;bunker;2517.00;10.00;523.00;4.93;0
223;bunker;2539.00;9.95;475.00;1.31;0
223;bunker;2612.00;10.05;499.00;3.97;0
223;bunker;2552.00;9.93;491.00;0.35;0
223;bunker;2588.00;9.90;546.00;3.37;0
223;bunker;2635.00;10.00;498.00;6.04;0
223;bunker;2545.00;10.30;511.00;2.42;0
223;bunker;2495.00;9.90;468.00;0.26;0
223;bunker;2493.00;9.98;496.00;0.36;0
223;bunker;2643.00;10.15;487.00;4.48;0
223;bunker;2566.00;10.05;537.00;0.86;0
223;bunker;2524.00;10.38;469.00;3.88;0
223;bunker;2514.00;10.40;503.00;5.09;0
223;bunker;2578.00;10.30;507.00;2.93;0
223;bunker;2671.00;9.95;487.00;5.59;0
223;bunker;2596.00;9.90;539.00;0.87;0
223;bunker;2515.00;9.90;432.00;4.99;0
223;coastal_bunker;2598.00;9.50;561.00;-3.31;0
223;coastal_bunker;2651.00;9.90;494.00;1.57;0
223;coastal_bunker;2574.00;9.50;497.00;0.32;0
223;coastal_bunker;2663.00;9.50;489.00;-3.55;0
223;coastal_bunker;2560.00;9.82;489.00;0.54;0
223;coastal_bunker;2527.00;9.88;438.00;0.40;0
223;coastal_bunker;2614.00;9.82;544.00;-4.31;0
223;coastal_bunker;2595.00;9.88;504.00;-0.15;0
223;coastal_bunker;2485.00;9.50;494.00;-0.79;0
223;coastal_bunker;2651.00;9.90;493.00;-3.85;0
223;coastal_bunker;2530.00;9.50;533.00;-2.16;0
223;coastal_bunker;2490.00;9.50;471.00;-1.57;0
223;coastal_bunker;2618.00;9.90;522.00;-2.78;0
223;coastal_bunker;2580.00;9.50;546.00;-3.46;0
223;coastal_bunker;2540.00;9.50;466.00;1.33;0
223;coastal_bunker;2513.00;9.50;426.00;-0.38;0
223;coastal_bunker;2607.00;9.60;495.00;-0.36;0
223;coastal_bunker;2495.00;9.50;446.00;-1.01;0
223;coastal_bunker;2523.00;9.82;529.00;-2.84;0
223;coastal_bunker;2500.00;9.85;511.00;-2.50;0
223;coastal_bunker;2541.00;9.88;478.00;0.53;0
223;dockyard;2628.00;9.65;481.00;-0.59;0
223;anti_air_building;2502.00;10.25;500.00;4.11;0
223;anti_air_building;2600.00;9.90;511.00;0.50;0
223;anti_air_building;2515.00;10.38;505.00;2.05;0
223;synthetic_refinery;2668.00;10.07;484.00;6.18;0
223;fuel_silo;2538.00;9.93;467.00;1.10;0
223;radar_station;2587.00;9.50;497.00;4.91;0
223;rocket_site;2596.00;9.90;539.00;0.50;0
223;nuclear_reactor;2498.00;10.07;462.00;4.62;0
225;arms_factory;3102.00;9.90;556.00;6.24;0
225;arms_factory;3101.00;9.85;557.00;1.17;0
225;arms_factory;3101.00;9.85;557.00;5.29;0
225;arms_factory;3102.00;9.90;557.00;0.57;0
225;arms_factory;3102.00;9.90;557.00;3.23;0
225;arms_factory;3103.00;9.90;557.00;5.89;0
225;industrial_complex;3101.00;9.85;558.00;3.73;0
225;industrial_complex;3103.00;9.90;557.00;3.84;0
225;industrial_complex;3102.00;9.90;558.00;1.68;0
225;industrial_complex;3102.00;9.90;558.00;5.80;0
225;industrial_complex;3102.00;9.90;558.00;0.72;0
225;industrial_complex;3101.00;9.85;555.00;3.74;0
225;air_base;3102.00;9.85;555.00;0.12;0
225;naval_base;3100.00;9.50;554.00;-1.57;4140
225;bunker;3102.00;9.85;555.00;4.35;0
225;coastal_bunker;3104.00;9.88;558.00;-1.57;0
225;dockyard;3103.00;9.88;559.00;-1.57;0
225;anti_air_building;3102.00;9.90;556.00;1.23;0
225;anti_air_building;3101.00;9.85;557.00;2.79;0
225;anti_air_building;3101.00;9.85;557.00;0.63;0
225;synthetic_refinery;3102.00;9.90;557.00;3.30;0
225;fuel_silo;3102.00;9.90;557.00;5.96;0
225;radar_station;3104.00;9.88;558.00;2.74;0
225;rocket_site;3101.00;9.85;558.00;3.90;0
225;nuclear_reactor;3101.00;9.85;558.00;1.74;0
230;arms_factory;3072.00;10.03;536.00;0.72;0
230;arms_factory;3068.00;10.10;531.00;3.74;0
230;arms_factory;3078.00;10.05;537.00;0.12;0
230;arms_factory;3066.00;10.05;534.00;4.25;0
230;arms_factory;3073.00;10.20;539.00;4.35;0
230;arms_factory;3076.00;10.05;535.00;2.19;0
230;industrial_complex;3065.00;10.00;531.00;4.85;0
230;industrial_complex;3074.00;10.15;537.00;1.23;0
230;industrial_complex;3068.00;10.10;533.00;2.79;0
230;industrial_complex;3070.00;10.05;539.00;0.63;0
230;industrial_complex;3073.00;10.03;535.00;3.30;0
230;industrial_complex;3075.00;10.05;540.00;5.96;0
230;air_base;3070.00;10.07;537.00;2.70;0
230;naval_base;3059.00;9.50;527.00;-0.67;4480
230;bunker;3075.00;10.15;538.00;1.74;0
230;coastal_bunker;3061.00;9.50;541.00;-2.55;0
230;dockyard;3062.00;9.50;523.00;-0.67;0
230;anti_air_building;3076.00;10.10;536.00;2.35;0
230;anti_air_building;3061.00;9.88;533.00;0.19;0
230;anti_air_building;3071.00;10.10;538.00;1.39;0
230;synthetic_refinery;3069.00;10.10;534.00;4.42;0
230;fuel_silo;3068.00;10.00;540.00;2.26;0
230;radar_station;3072.00;10.00;535.00;4.45;0
230;rocket_site;3068.00;10.10;531.00;0.19;0
230;nuclear_reactor;3067.00;10.07;538.00;2.86;0
20;arms_factory;2305.00;10.32;1749.00;5.43;0
20;arms_factory;2297.00;10.90;1718.00;3.27;0
20;arms_factory;2305.00;10.55;1766.00;4.48;0
20;arms_factory;2330.00;10.30;1735.00;2.32;0
20;arms_factory;2313.00;10.30;1752.00;3.88;0
20;arms_factory;2296.00;10.70;1724.00;1.72;0
20;industrial_complex;2320.00;10.30;1768.00;4.39;0
20;industrial_complex;2329.00;10.30;1741.00;5.94;0
20;industrial_complex;2304.00;10.10;1753.00;3.78;0
20;industrial_complex;2343.00;9.88;1768.00;4.99;0
20;industrial_complex;2333.00;10.35;1768.00;2.83;0
20;industrial_complex;2344.00;10.00;1744.00;4.39;0
20;air_base;2327.00;10.10;1739.00;0.77;0
20;naval_base;2350.00;9.80;1775.00;-3.99;4517
20;bunker;2327.00;10.43;1772.00;1.28;0
20;bunker;2292.00;10.60;1747.00;1.38;0
20;bunker;2305.00;10.40;1782.00;5.50;0
20;bunker;2291.00;10.70;1767.00;3.34;0
20;bunker;2302.00;10.80;1728.00;4.55;0
20;bunker;2276.00;11.00;1782.00;1.28;0
20;bunker;2307.00;10.40;1745.00;3.95;0
20;bunker;2320.00;10.45;1741.00;1.78;0
20;bunker;2330.00;10.20;1738.00;1.89;0
20;bunker;2342.00;10.07;1762.00;6.01;0
20;bunker;2279.00;10.05;1731.00;2.39;0
20;bunker;2317.00;10.10;1779.00;5.06;0
20;bunker;2316.00;10.65;1727.00;0.33;0
20;coastal_bunker;2350.00;9.80;1782.00;-3.99;0
20;dockyard;2355.00;9.57;1769.00;1.28;0
20;anti_air_building;2276.00;10.80;1772.00;3.51;0
20;anti_air_building;2315.00;11.15;1719.00;0.24;0
20;anti_air_building;2294.00;10.53;1749.00;1.45;0
20;synthetic_refinery;2333.00;10.25;1780.00;5.57;0
20;fuel_silo;2289.00;10.88;1772.00;1.95;0
20;radar_station;2308.00;10.30;1751.00;0.09;0
20;rocket_site;2286.00;10.53;1750.00;6.18;0
20;nuclear_reactor;2328.00;10.20;1783.00;4.01;0
25;naval_base;2335.57;9.80;1797.71;-4.33;4517
25;coastal_bunker;2333.00;9.90;1798.00;-4.33;0
25;dockyard;2335.00;9.82;1798.00;-4.33;0
24;arms_factory;2247.62;12.50;1794.48;2.54;0
24;arms_factory;2243.15;12.20;1795.47;4.10;0
24;arms_factory;2221.05;11.00;1791.21;0.48;0
24;arms_factory;2236.81;11.90;1794.48;3.15;0
24;arms_factory;2232.60;12.60;1791.68;6.16;0
24;arms_factory;2239.91;13.20;1791.77;1.09;0
24;industrial_complex;2236.00;12.15;1794.00;5.21;0
24;industrial_complex;2233.00;11.55;1796.00;1.59;0
24;industrial_complex;2237.00;12.60;1793.00;3.15;0
24;industrial_complex;2229.00;11.68;1795.00;0.99;0
24;industrial_complex;2235.00;12.60;1792.00;3.66;0
24;industrial_complex;2242.00;12.60;1793.00;0.04;0
24;air_base;2237.64;12.90;1792.20;1.60;0
24;bunker;2242.45;11.70;1796.61;3.92;0
24;bunker;2228.92;11.70;1794.29;4.25;0
24;bunker;2259.38;10.80;1798.28;3.77;0
24;anti_air_building;2238.00;12.68;1793.00;0.04;0
24;anti_air_building;2231.00;11.65;1795.00;4.17;0
24;anti_air_building;2236.00;12.73;1792.00;5.37;0
24;synthetic_refinery;2228.00;11.60;1794.00;3.21;0
24;fuel_silo;2231.00;11.50;1796.00;6.23;0
24;radar_station;2242.00;12.25;1795.00;2.49;0
24;rocket_site;2233.00;11.85;1794.00;5.28;0
24;nuclear_reactor;2237.00;13.05;1791.00;0.55;0
16;arms_factory;2181.00;10.00;1805.00;4.19;0
16;arms_factory;2176.00;9.88;1801.00;0.92;0
16;arms_factory;2201.00;11.00;1818.00;3.59;0
16;arms_factory;2201.00;10.93;1813.00;6.25;0
16;arms_factory;2214.00;13.78;1808.00;2.64;0
16;arms_factory;2239.00;12.98;1818.00;5.65;0
16;industrial_complex;2227.00;14.53;1814.00;2.04;0
16;industrial_complex;2230.00;13.45;1811.00;4.70;0
16;industrial_complex;2198.00;10.62;1800.00;2.54;0
16;industrial_complex;2208.00;10.80;1796.00;4.10;0
16;industrial_complex;2240.00;12.25;1827.00;0.48;0
16;industrial_complex;2188.00;10.10;1802.00;3.15;0
16;air_base;2180.00;9.90;1800.00;6.16;0
16;naval_base;2195.00;9.75;1815.00;-1.65;4067
16;naval_base;2185.00;9.90;1795.00;-1.57;4067
16;naval_base;2215.00;10.30;1796.00;-0.98;4067
16;bunker;2184.00;9.93;1812.00;3.15;0
16;bunker;2223.00;15.70;1821.00;0.99;0
16;bunker;2207.00;12.40;1804.00;3.66;0
16;bunker;2204.00;12.10;1809.00;0.04;0
16;coastal_bunker;2191.00;9.65;1795.00;-1.57;0
16;coastal_bunker;2194.00;9.50;1794.00;-0.98;0
16;coastal_bunker;2195.00;9.75;1815.00;-1.65;0
16;dockyard;2180.00;9.88;1811.00;-1.57;0
16;anti_air_building;2223.00;12.62;1803.00;0.04;0
16;anti_air_building;2226.00;11.95;1801.00;4.17;0
16;anti_air_building;2201.00;11.23;1802.00;5.37;0
16;synthetic_refinery;2181.00;9.90;1811.00;3.21;0
16;fuel_silo;2191.00;10.10;1804.00;6.23;0
16;radar_station;2210.00;13.45;1813.00;2.49;0
16;rocket_site;2208.00;12.80;1817.00;5.28;0
16;nuclear_reactor;2213.00;14.20;1812.00;0.55;0
19;arms_factory;2217.00;10.68;1787.00;0.71;0
19;arms_factory;2272.00;11.00;1786.00;3.73;0
19;arms_factory;2234.00;13.75;1788.00;0.11;0
19;arms_factory;2333.00;9.98;1788.00;2.78;0
19;arms_factory;2341.00;9.95;1790.00;5.44;0
19;arms_factory;2282.00;11.25;1791.00;2.17;0
19;industrial_complex;2217.00;10.68;1787.00;4.84;0
19;industrial_complex;2235.00;14.60;1785.00;1.23;0
19;industrial_complex;2257.00;11.00;1791.00;2.78;0
19;industrial_complex;2348.00;9.90;1787.00;0.62;0
19;industrial_complex;2277.00;11.20;1788.00;1.83;0
19;industrial_complex;2282.00;11.25;1791.00;5.95;0
19;air_base;2281.60;11.30;1787.37;2.68;0
19;naval_base;2214.00;9.90;1788.00;-1.77;4067
19;naval_base;2350.00;9.85;1788.00;-4.17;4517
19;bunker;2276.00;11.15;1788.00;5.96;0
19;bunker;2207.00;10.60;1782.00;2.34;0
19;bunker;2316.00;10.30;1787.00;0.18;0
19;bunker;2255.00;11.53;1786.00;1.39;0
19;bunker;2233.00;14.73;1783.00;4.40;0
19;bunker;2336.00;9.90;1791.00;0.79;0
19;bunker;2248.00;12.90;1791.00;4.91;0
19;bunker;2294.00;10.80;1789.00;0.18;0
19;bunker;2329.00;10.03;1787.00;2.85;0
19;bunker;2299.00;10.60;1792.00;0.69;0
19;bunker;2271.00;11.05;1788.00;1.90;0
19;coastal_bunker;2338.00;9.80;1794.00;-4.17;0
19;coastal_bunker;2213.00;10.00;1787.00;-1.77;0
19;dockyard;2346.00;9.88;1792.00;-4.17;0
19;anti_air_building;2290.00;11.00;1790.00;3.36;0
19;anti_air_building;2263.00;10.90;1784.00;4.57;0
19;anti_air_building;2271.00;11.00;1787.00;2.41;0
19;synthetic_refinery;2299.00;10.70;1790.00;0.25;0
19;fuel_silo;2344.00;9.90;1788.00;0.35;0
19;radar_station;2278.00;11.23;1788.00;4.47;0
19;rocket_site;2215.00;11.10;1784.00;0.85;0
19;nuclear_reactor;2268.00;10.93;1783.00;3.87;0
4;arms_factory;2180.46;11.00;1979.02;6.25;0
4;arms_factory;2160.62;10.80;1978.55;4.09;0
4;arms_factory;2160.33;11.50;1968.16;0.47;0
4;arms_factory;2170.49;11.60;1961.65;2.04;0
4;arms_factory;2188.65;10.70;1971.40;4.70;0
4;arms_factory;2180.44;10.90;1965.67;2.54;0
4;industrial_complex;2169.04;10.70;1983.29;3.74;0
4;industrial_complex;2159.13;11.30;1973.44;0.48;0
4;industrial_complex;2176.91;11.30;1959.50;3.14;0
4;industrial_complex;2192.15;10.80;1969.49;5.81;0
4;industrial_complex;2164.76;11.40;1964.61;2.54;0
4;industrial_complex;2164.86;10.60;1982.33;5.21;0
4;air_base;2177.19;11.00;1973.52;1.59;0
4;bunker;2176.95;13.00;1948.42;0.67;0
4;bunker;2193.80;12.10;1983.30;3.09;0
4;bunker;2157.22;12.60;1956.44;-0.02;0
4;bunker;2153.96;11.00;1985.60;-1.56;0
4;bunker;2150.03;11.90;1970.40;5.40;0
4;bunker;2177.47;11.00;1963.47;1.64;0
4;bunker;2183.82;10.90;1972.58;1.54;0
4;bunker;2169.67;10.70;1976.59;0.68;0
4;bunker;2165.74;11.00;1971.68;2.31;0
4;bunker;2189.00;10.70;1963.66;1.71;0
4;bunker;2172.44;10.90;1992.65;3.85;0
4;anti_air_building;2172.78;11.30;1966.36;3.21;0
4;anti_air_building;2181.75;10.80;1976.25;4.77;0
4;anti_air_building;2172.26;10.70;1981.52;1.16;0
4;synthetic_refinery;2161.75;11.20;1975.36;5.28;0
4;fuel_silo;2167.63;10.50;1980.36;0.20;0
4;radar_station;2172.19;11.20;1971.64;5.93;0
4;rocket_site;2169.09;11.30;1967.21;5.88;0
4;nuclear_reactor;2183.12;11.20;1959.76;0.76;0
15;arms_factory;2270.00;10.25;1829.00;2.78;0
15;arms_factory;2269.00;10.15;1831.00;5.44;0
15;arms_factory;2274.00;10.15;1826.00;2.17;0
15;arms_factory;2276.00;10.03;1820.00;3.38;0
15;arms_factory;2273.00;10.35;1821.00;1.22;0
15;arms_factory;2266.00;10.38;1828.00;5.34;0
15;industrial_complex;2279.00;10.00;1821.00;5.45;0
15;industrial_complex;2278.00;10.00;1825.00;3.29;0
15;industrial_complex;2268.00;10.30;1830.00;5.95;0
15;industrial_complex;2279.00;10.00;1822.00;2.33;0
15;industrial_complex;2265.00;10.45;1827.00;3.89;0
15;industrial_complex;2266.00;10.60;1821.00;1.73;0
15;air_base;2272.00;10.25;1827.00;4.40;0
15;bunker;2272.00;10.12;1828.00;0.78;0
15;anti_air_building;2265.00;10.60;1822.00;2.34;0
15;anti_air_building;2269.00;10.30;1829.00;0.18;0
15;anti_air_building;2268.00;10.25;1831.00;2.84;0
15;synthetic_refinery;2273.00;10.25;1826.00;5.50;0
15;fuel_silo;2275.00;10.07;1820.00;2.24;0
15;radar_station;2274.00;10.15;1826.00;5.20;0
15;rocket_site;2265.00;10.40;1828.00;1.29;0
15;nuclear_reactor;2278.00;10.03;1821.00;2.85;0
13;naval_base;2329.79;9.90;1851.58;-4.88;4145
4;supply_node;2173.07;10.90;1975.50;5.10;0
222;arms_factory;2511.00;9.90;1104.00;4.67;0
222;arms_factory;2513.00;9.93;1097.00;6.23;0
222;arms_factory;2515.00;9.90;1103.00;2.61;0
222;arms_factory;2508.00;9.90;1105.00;0.45;0
222;arms_factory;2510.00;10.00;1077.00;2.01;0
222;arms_factory;2513.00;10.00;1083.00;4.67;0
222;industrial_complex;2512.00;10.07;1076.00;1.06;0
222;industrial_complex;2499.00;9.90;1091.00;5.18;0
222;industrial_complex;2508.00;9.93;1084.00;5.28;0
222;industrial_complex;2503.00;9.90;1090.00;3.12;0
222;industrial_complex;2512.00;9.90;1104.00;5.79;0
222;industrial_complex;2514.00;9.90;1097.00;3.63;0
222;air_base;2515.00;9.90;1103.00;3.73;0
222;supply_node;2507.00;9.90;1079.00;4.31;0
222;supply_node;2502.00;9.90;1091.00;0.97;0
222;supply_node;2510.00;9.90;1100.00;3.90;0
222;naval_base;2502.00;9.50;1101.00;-3.14;3654
222;naval_base;2501.00;9.80;1098.00;-1.82;3654
222;naval_base;2503.00;9.50;1075.00;-1.41;3654
222;bunker;2512.00;9.98;1098.00;4.23;0
222;bunker;2507.00;9.95;1071.00;2.07;0
222;bunker;2503.00;9.90;1090.00;3.29;0
222;coastal_bunker;2500.00;9.50;1098.00;-1.82;0
222;coastal_bunker;2504.00;9.60;1070.00;-0.46;0
222;coastal_bunker;2509.00;9.80;1108.00;-3.14;0
222;dockyard;2504.00;9.60;1070.00;-0.46;0
222;anti_air_building;2505.00;9.90;1085.00;5.86;0
222;anti_air_building;2500.00;9.90;1091.00;2.59;0
222;anti_air_building;2506.00;9.90;1092.00;3.80;0
222;synthetic_refinery;2513.00;9.93;1098.00;1.63;0
222;fuel_silo;2510.00;9.90;1091.00;4.30;0
222;radar_station;2508.00;9.90;1089.00;3.32;0
222;rocket_site;2511.00;10.00;1078.00;2.24;0
222;nuclear_reactor;2510.00;9.90;1105.00;0.08;0
222;floating_harbor;2510.00;9.50;1112.00;0.00;2101
34;arms_factory;3485.00;9.90;1513.00;5.84;0
34;arms_factory;3483.00;10.00;1513.00;2.22;0
34;arms_factory;3474.00;9.98;1529.00;3.78;0
34;arms_factory;3479.00;10.10;1514.00;1.62;0
34;arms_factory;3477.00;10.53;1505.00;2.83;0
34;arms_factory;3458.00;10.00;1524.00;0.67;0
34;industrial_complex;3483.00;9.95;1506.00;2.23;0
34;industrial_complex;3475.00;10.03;1524.00;4.89;0
34;industrial_complex;3473.00;10.10;1524.00;2.73;0
34;industrial_complex;3461.00;10.05;1525.00;5.40;0
34;industrial_complex;3469.00;10.20;1519.00;0.67;0
34;industrial_complex;3468.00;10.10;1519.00;3.34;0
34;air_base;3463.00;10.00;1520.00;1.18;0
34;supply_node;3471.00;10.30;1518.00;0.26;0
34;naval_base;3485.00;9.90;1528.00;-3.34;3636
34;bunker;3478.00;10.00;1520.00;1.78;0
34;coastal_bunker;3485.00;9.90;1515.00;-3.34;0
34;dockyard;3478.00;9.90;1529.00;-3.34;0
34;anti_air_building;3484.00;9.93;1514.00;3.85;0
34;anti_air_building;3482.00;10.03;1505.00;1.69;0
34;anti_air_building;3480.00;10.20;1505.00;2.90;0
34;synthetic_refinery;3477.00;10.50;1507.00;5.91;0
34;fuel_silo;3480.00;9.93;1524.00;2.29;0
34;radar_station;3469.00;10.20;1519.00;1.98;0
34;rocket_site;3466.00;10.00;1525.00;1.34;0
34;nuclear_reactor;3464.00;10.03;1525.00;4.36;0
34;floating_harbor;3490.00;9.50;1545.00;-0.69;2449
27;arms_factory;3643.00;9.85;1583.00;0.60;0
27;arms_factory;3620.00;10.00;1560.00;4.72;0
27;arms_factory;3621.00;9.93;1574.00;4.83;0
27;arms_factory;3638.00;9.88;1598.00;2.66;0
27;arms_factory;3640.00;9.80;1578.00;5.33;0
27;arms_factory;3645.00;9.93;1585.00;2.06;0
27;industrial_complex;3616.00;9.90;1567.00;3.27;0
27;industrial_complex;3643.00;9.90;1592.00;1.11;0
27;industrial_complex;3649.00;9.85;1600.00;5.23;0
27;industrial_complex;3628.00;9.93;1580.00;5.33;0
27;industrial_complex;3625.00;9.88;1555.00;3.17;0
27;industrial_complex;3613.00;9.90;1574.00;5.84;0
27;air_base;3644.00;9.93;1594.00;2.22;0
27;supply_node;3642.00;9.90;1590.00;2.25;0
27;supply_node;3614.00;10.00;1559.00;4.83;0
27;supply_node;3635.00;9.90;1567.00;1.49;0
27;supply_node;3651.00;9.57;1558.00;4.42;0
27;supply_node;3585.00;9.90;1551.00;0.72;0
27;naval_base;3660.00;9.60;1593.00;-3.46;3653
27;naval_base;3611.00;9.60;1562.00;-1.89;3776
27;naval_base;3657.00;9.85;1578.00;1.28;3931
27;naval_base;3653.00;9.80;1560.00;-3.93;3931
27;naval_base;3581.00;9.50;1550.00;-1.57;3776
27;bunker;3644.00;9.90;1569.00;1.18;0
27;bunker;3645.00;9.90;1584.00;2.74;0
27;bunker;3616.00;10.10;1556.00;5.40;0
27;bunker;3588.00;9.93;1552.00;1.78;0
27;bunker;3652.00;9.57;1560.00;5.91;0
27;coastal_bunker;3613.00;9.82;1576.00;-1.89;0
27;coastal_bunker;3653.00;9.88;1573.00;1.28;0
27;coastal_bunker;3632.00;9.80;1596.00;-3.46;0
27;coastal_bunker;3651.00;9.50;1556.00;-3.93;0
27;coastal_bunker;3588.00;9.90;1554.00;-1.57;0
27;dockyard;3651.00;9.80;1603.00;-3.46;0
27;anti_air_building;3644.00;9.88;1572.00;4.96;0
27;anti_air_building;3653.00;9.57;1558.00;1.34;0
27;anti_air_building;3628.00;9.82;1555.00;4.36;0
27;synthetic_refinery;3628.00;9.90;1584.00;5.57;0
27;fuel_silo;3645.00;9.90;1591.00;3.41;0
27;radar_station;3622.00;9.80;1578.00;3.39;0
27;rocket_site;3648.00;9.90;1598.00;2.80;0
27;nuclear_reactor;3637.00;9.95;1558.00;5.47;0
27;floating_harbor;3575.00;9.50;1557.00;1.03;3221
23;arms_factory;3459.00;13.28;1665.00;6.28;0
23;arms_factory;3527.00;11.80;1672.00;1.55;0
23;arms_factory;3530.00;10.93;1693.00;4.22;0
23;arms_factory;3529.00;10.30;1714.00;0.60;0
23;arms_factory;3427.00;11.95;1648.00;4.72;0
23;arms_factory;3469.00;10.35;1645.00;4.83;0
23;industrial_complex;3430.00;10.88;1631.00;2.66;0
23;industrial_complex;3465.00;13.38;1668.00;5.33;0
23;industrial_complex;3428.00;10.20;1617.00;2.06;0
23;industrial_complex;3443.00;10.00;1621.00;3.27;0
23;industrial_complex;3514.00;11.68;1702.00;1.11;0
23;industrial_complex;3481.00;11.12;1689.00;5.23;0
23;air_base;3523.00;12.55;1671.00;5.33;0
23;supply_node;3428.00;13.00;1659.00;0.08;0
23;supply_node;3513.00;10.90;1718.00;4.12;0
23;supply_node;3462.00;12.20;1654.00;5.60;0
23;supply_node;3473.00;10.20;1632.00;2.25;0
23;supply_node;3406.00;9.93;1668.00;4.83;0
23;supply_node;3403.00;10.10;1592.00;1.49;0
23;supply_node;3486.00;10.55;1655.00;4.42;0
23;supply_node;3497.00;13.45;1685.00;0.72;0
23;supply_node;3415.00;11.30;1637.00;3.66;0
23;supply_node;3524.00;13.40;1677.00;5.14;0
23;supply_node;3470.00;11.53;1677.00;2.90;0
23;supply_node;3527.00;11.15;1698.00;5.83;0
23;supply_node;3442.00;10.30;1677.00;1.03;0
23;supply_node;3404.00;10.10;1613.00;5.07;0
23;supply_node;3510.00;9.98;1645.00;0.26;0
23;supply_node;3498.00;10.45;1704.00;3.20;0
23;supply_node;3395.00;10.00;1636.00;5.79;0
23;supply_node;3426.00;9.95;1615.00;2.44;0
23;supply_node;3390.00;10.30;1653.00;5.37;0
23;supply_node;3534.00;10.05;1713.00;1.67;0
23;supply_node;3476.00;10.35;1696.00;4.61;0
23;supply_node;3421.00;9.90;1684.00;6.09;0
23;supply_node;3542.00;10.32;1687.00;3.85;0
23;supply_node;3505.00;13.60;1666.00;0.50;0
23;supply_node;3541.00;10.10;1668.00;1.98;0
23;supply_node;3525.00;10.35;1652.00;6.02;0
23;supply_node;3444.00;10.70;1641.00;1.21;0
23;supply_node;3441.00;10.20;1625.00;4.15;0
23;supply_node;3485.00;9.93;1612.00;1.91;0
23;supply_node;3519.00;9.50;1747.00;3.39;0
23;supply_node;3458.00;9.90;1597.00;0.04;0
23;naval_base;3416.00;9.82;1605.00;0.46;4272
23;naval_base;3542.00;9.85;1709.00;-4.12;4051
23;naval_base;3472.00;9.50;1622.00;-0.79;4066
23;naval_base;3496.00;9.50;1723.00;-1.71;4071
23;naval_base;3474.00;9.90;1649.00;1.08;4066
23;naval_base;3486.00;9.95;1707.00;-2.55;4071
23;naval_base;3426.00;9.80;1691.00;-3.14;4071
23;naval_base;3520.00;9.50;1630.00;0.00;4066
23;naval_base;3404.00;9.57;1679.00;-2.88;4211
23;naval_base;3456.00;9.90;1604.00;1.57;3636
23;naval_base;3485.00;9.50;1599.00;0.59;4066
23;naval_base;3536.00;9.50;1654.00;-4.59;4051
23;naval_base;3405.00;9.50;1582.00;0.00;4272
23;naval_base;3544.00;9.90;1662.00;1.19;4051
23;naval_base;3518.00;9.50;1747.00;-3.14;3502
23;naval_base;3443.00;9.50;1617.00;0.40;4272
23;naval_base;3547.00;9.90;1694.00;-4.51;4051
23;naval_base;3391.00;9.50;1666.00;-1.74;3617
23;naval_base;3398.00;9.57;1606.00;-1.57;3617
23;naval_base;3538.00;9.93;1701.00;-4.43;4051
23;naval_base;3463.00;9.65;1697.00;-2.25;4071
23;naval_base;3478.00;9.50;1650.00;-0.09;4066
23;naval_base;3505.00;9.50;1621.00;1.57;4066
23;naval_base;3392.00;9.50;1632.00;-1.25;3617
23;naval_base;3450.00;9.90;1685.00;-3.41;4071
23;naval_base;3463.00;9.50;1692.00;-2.49;4071
23;naval_base;3459.00;9.50;1634.00;1.13;4066
23;bunker;3508.00;14.05;1678.00;4.59;0
23;bunker;3519.00;10.03;1636.00;0.98;0
23;bunker;3456.00;9.90;1603.00;5.10;0
23;bunker;3411.00;10.40;1616.00;0.03;0
23;bunker;3514.00;11.23;1705.00;3.04;0
23;bunker;3513.00;14.07;1687.00;0.88;0
23;bunker;3437.00;10.48;1626.00;3.54;0
23;bunker;3525.00;10.10;1642.00;6.21;0
23;bunker;3467.00;10.20;1689.00;1.49;0
23;bunker;3446.00;12.85;1665.00;5.61;0
23;bunker;3405.00;9.88;1675.00;0.53;0
23;bunker;3396.00;10.43;1655.00;4.66;0
23;bunker;3424.00;11.95;1647.00;6.22;0
23;bunker;3490.00;9.85;1642.00;2.60;0
23;bunker;3519.00;9.90;1748.00;5.27;0
23;bunker;3507.00;10.95;1704.00;3.10;0
23;bunker;3389.00;9.88;1636.00;4.66;0
23;bunker;3539.00;10.53;1672.00;1.04;0
23;bunker;3453.00;10.00;1634.00;5.17;0
23;bunker;3537.00;10.35;1696.00;5.27;0
23;bunker;3480.00;10.25;1697.00;3.11;0
23;bunker;3469.00;10.40;1648.00;5.77;0
23;bunker;3541.00;10.38;1688.00;3.61;0
23;bunker;3402.00;10.60;1650.00;3.71;0
23;bunker;3426.00;10.85;1676.00;1.56;0
23;bunker;3531.00;11.40;1674.00;4.22;0
23;bunker;3469.00;9.90;1628.00;0.60;0
23;bunker;3490.00;9.95;1608.00;3.62;0
23;bunker;3534.00;9.93;1719.00;0.00;0
23;bunker;3420.00;10.30;1619.00;2.66;0
23;bunker;3402.00;10.07;1586.00;5.33;0
23;bunker;3507.00;9.50;1620.00;2.07;0
23;coastal_bunker;3503.00;9.68;1715.00;-2.55;0
23;coastal_bunker;3435.00;9.90;1609.00;0.46;0
23;coastal_bunker;3448.00;9.90;1622.00;1.57;0
23;coastal_bunker;3536.00;9.90;1718.00;-4.12;0
23;coastal_bunker;3531.00;9.95;1646.00;0.27;0
23;coastal_bunker;3391.00;9.50;1666.00;-1.74;0
23;coastal_bunker;3468.00;9.68;1637.00;-0.79;0
23;coastal_bunker;3485.00;9.62;1602.00;0.59;0
23;coastal_bunker;3501.00;9.68;1728.00;-3.05;0
23;coastal_bunker;3466.00;9.65;1597.00;1.57;0
23;coastal_bunker;3551.00;9.90;1670.00;1.19;0
23;coastal_bunker;3547.00;9.82;1701.00;-4.43;0
23;coastal_bunker;3393.00;9.60;1632.00;-1.25;0
23;coastal_bunker;3409.00;9.93;1585.00;0.00;0
23;coastal_bunker;3400.00;9.62;1607.00;-1.57;0
23;coastal_bunker;3466.00;9.90;1698.00;-2.25;0
23;coastal_bunker;3547.00;9.95;1685.00;-4.51;0
23;coastal_bunker;3409.00;9.50;1687.00;-3.14;0
23;coastal_bunker;3509.00;9.65;1643.00;0.00;0
23;coastal_bunker;3489.00;9.50;1641.00;-0.09;0
23;coastal_bunker;3518.00;9.50;1748.00;-3.14;0
23;coastal_bunker;3395.00;9.50;1670.00;-2.03;0
23;coastal_bunker;3463.00;9.50;1692.00;-2.49;0
23;coastal_bunker;3459.00;9.50;1634.00;1.13;0
23;coastal_bunker;3474.00;9.90;1648.00;1.08;0
23;coastal_bunker;3439.00;9.85;1689.00;-3.41;0
23;coastal_bunker;3509.00;9.50;1617.00;1.57;0
23;dockyard;3409.00;9.90;1588.00;0.00;0
23;anti_air_building;3490.00;14.05;1677.00;4.96;0
23;anti_air_building;3407.00;10.88;1653.00;0.24;0
23;anti_air_building;3504.00;10.75;1654.00;4.36;0
23;synthetic_refinery;3390.00;10.07;1656.00;0.74;0
23;fuel_silo;3435.00;12.30;1651.00;2.30;0
23;radar_station;3465.00;13.40;1663.00;3.58;0
23;rocket_site;3410.00;10.60;1626.00;2.81;0
23;nuclear_reactor;3405.00;10.20;1615.00;4.01;0
23;floating_harbor;3490.00;9.50;1545.00;-2.60;3215
228;arms_factory;3099.00;10.68;936.00;4.94;0
228;arms_factory;3130.00;10.38;893.00;0.21;0
228;arms_factory;3132.00;11.00;922.00;2.88;0
228;arms_factory;3092.00;10.05;948.00;0.72;0
228;arms_factory;3118.00;10.95;927.00;1.93;0
228;arms_factory;3119.00;10.03;940.00;4.94;0
228;industrial_complex;3154.00;11.80;909.00;2.78;0
228;industrial_complex;3111.00;10.55;919.00;3.99;0
228;industrial_complex;3137.00;9.90;878.00;1.83;0
228;industrial_complex;3137.00;10.35;928.00;3.39;0
228;industrial_complex;3099.00;10.70;939.00;6.06;0
228;industrial_complex;3120.00;10.50;933.00;2.44;0
228;air_base;3105.00;10.00;948.00;5.45;0
228;supply_node;3136.00;11.25;920.00;0.18;0
228;supply_node;3160.00;10.38;934.00;4.23;0
228;supply_node;3113.00;10.35;939.00;5.71;0
228;supply_node;3146.00;11.80;904.00;2.36;0
228;supply_node;3121.00;10.05;894.00;4.94;0
228;supply_node;3128.00;10.75;907.00;1.60;0
228;supply_node;3091.00;10.38;945.00;4.53;0
228;supply_node;3112.00;10.05;909.00;0.83;0
228;supply_node;3135.00;9.98;935.00;3.77;0
228;supply_node;3098.00;10.50;931.00;5.25;0
228;supply_node;3120.00;11.00;925.00;3.00;0
228;supply_node;3151.00;11.03;922.00;5.94;0
228;supply_node;3103.00;10.15;919.00;1.14;0
228;supply_node;3135.00;10.35;890.00;5.18;0
228;supply_node;3134.00;9.90;879.00;0.37;0
228;naval_base;3117.00;9.50;891.00;-0.59;3758
228;naval_base;3118.00;9.85;944.00;-3.42;4089
228;naval_base;3104.00;9.85;950.00;-2.76;4089
228;naval_base;3104.00;9.65;909.00;-0.93;3758
228;naval_base;3140.00;9.90;938.00;-3.52;4089
228;naval_base;3087.00;9.50;927.00;-1.19;3758
228;naval_base;3155.00;9.95;938.00;-2.60;4089
228;naval_base;3139.00;9.80;876.00;0.00;3758
228;naval_base;3099.00;9.65;917.00;-1.57;3758
228;bunker;3132.00;10.98;906.00;3.63;0
228;bunker;3106.00;10.00;911.00;1.46;0
228;bunker;3152.00;10.53;929.00;3.02;0
228;bunker;3154.00;10.05;935.00;5.69;0
228;bunker;3143.00;10.82;922.00;3.52;0
228;bunker;3121.00;10.78;930.00;3.63;0
228;bunker;3142.00;11.50;895.00;1.47;0
228;bunker;3131.00;10.35;930.00;4.13;0
228;bunker;3087.00;9.95;944.00;0.52;0
228;bunker;3090.00;10.03;932.00;2.07;0
228;bunker;3146.00;11.68;906.00;6.20;0
228;bunker;3121.00;10.32;900.00;2.58;0
228;bunker;3132.00;9.88;880.00;5.25;0
228;bunker;3118.00;10.05;939.00;1.98;0
228;bunker;3099.00;9.90;920.00;4.64;0
228;coastal_bunker;3126.00;9.50;884.00;-0.59;0
228;coastal_bunker;3130.00;9.93;941.00;-3.52;0
228;coastal_bunker;3081.00;9.50;954.00;-2.76;0
228;coastal_bunker;3114.00;9.90;946.00;-3.42;0
228;coastal_bunker;3142.00;9.88;880.00;0.00;0
228;coastal_bunker;3113.00;9.68;903.00;-0.93;0
228;coastal_bunker;3163.00;9.95;942.00;-2.60;0
228;coastal_bunker;3087.00;9.50;928.00;-1.19;0
228;coastal_bunker;3097.00;9.50;922.00;-1.57;0
228;dockyard;3102.00;9.50;912.00;-0.93;0
228;anti_air_building;3117.00;11.00;923.00;2.14;0
228;anti_air_building;3146.00;10.82;922.00;6.26;0
228;anti_air_building;3146.00;11.73;905.00;1.19;0
228;synthetic_refinery;3116.00;10.40;912.00;4.20;0
228;fuel_silo;3088.00;9.90;928.00;0.59;0
228;rocket_site;3117.00;9.95;898.00;5.92;0
228;nuclear_reactor;3124.00;10.75;928.00;2.65;0
228;floating_harbor;3134.00;9.50;871.00;-3.14;2994
217;arms_factory;2388.00;9.93;569.00;0.06;0
217;arms_factory;2389.00;9.88;530.00;4.18;0
217;arms_factory;2403.00;9.90;552.00;0.56;0
217;arms_factory;2387.00;9.90;564.00;2.12;0
217;arms_factory;2390.00;9.90;527.00;6.24;0
217;arms_factory;2403.00;9.90;550.00;1.17;0
217;industrial_complex;2386.00;9.50;563.00;5.29;0
217;industrial_complex;2403.00;9.90;551.00;0.57;0
217;industrial_complex;2389.00;9.90;531.00;3.23;0
217;industrial_complex;2389.00;9.98;570.00;5.89;0
217;industrial_complex;2403.00;9.90;549.00;3.73;0
217;industrial_complex;2389.00;9.85;529.00;3.84;0
217;air_base;2390.00;9.93;569.00;1.68;0
217;supply_node;2385.00;9.50;564.00;1.79;0
217;supply_node;2402.00;9.90;548.00;4.72;0
217;supply_node;2389.00;9.85;529.00;6.21;0
217;naval_base;2389.00;9.90;572.00;-1.57;3541
217;naval_base;2391.00;9.85;527.00;-3.93;3541
217;naval_base;2384.00;9.50;566.00;-3.93;3541
217;naval_base;2402.00;9.65;544.00;-3.14;3541
217;bunker;2391.00;9.90;532.00;2.79;0
217;bunker;2403.00;9.90;548.00;0.63;0
217;bunker;2384.00;9.50;566.00;3.30;0
217;coastal_bunker;2392.00;9.90;568.00;-1.57;0
217;coastal_bunker;2388.00;9.60;530.00;-3.93;0
217;coastal_bunker;2385.00;9.90;566.00;-3.93;0
217;dockyard;2389.00;9.50;567.00;-1.57;0
217;anti_air_building;2385.00;9.50;564.00;5.97;0
217;anti_air_building;2389.00;9.88;527.00;2.35;0
217;anti_air_building;2403.00;9.90;549.00;0.19;0
217;synthetic_refinery;2388.00;9.93;571.00;1.39;0
217;fuel_silo;2403.00;9.90;550.00;4.42;0
217;rocket_site;2387.00;9.90;570.00;4.92;0
217;nuclear_reactor;2403.00;9.90;548.00;0.19;0
107;arms_factory;2175.00;11.35;1358.00;0.04;0
107;arms_factory;2186.00;10.48;1381.00;3.07;0
107;arms_factory;2195.00;11.30;1359.00;4.27;0
107;arms_factory;2158.00;10.00;1376.00;2.11;0
107;arms_factory;2200.00;10.10;1388.00;4.78;0
107;arms_factory;2201.00;10.75;1368.00;0.05;0
107;industrial_complex;2200.00;10.70;1374.00;4.17;0
107;industrial_complex;2204.00;11.75;1352.00;0.56;0
107;industrial_complex;2179.00;10.45;1380.00;3.22;0
107;industrial_complex;2202.00;10.38;1381.00;4.78;0
107;industrial_complex;2211.00;11.35;1359.00;2.62;0
107;industrial_complex;2231.00;11.45;1374.00;3.83;0
107;air_base;2190.00;10.50;1390.00;0.56;0
107;supply_node;2186.00;11.43;1361.00;4.05;0
107;supply_node;2221.00;11.50;1359.00;0.71;0
107;supply_node;2243.00;11.20;1366.00;4.75;0
107;supply_node;2211.00;10.85;1379.00;6.23;0
107;supply_node;2168.00;11.25;1348.00;2.88;0
107;supply_node;2159.00;10.00;1378.00;5.47;0
107;supply_node;2193.00;10.50;1380.00;2.12;0
107;supply_node;2203.00;11.68;1356.00;3.59;0
107;supply_node;2175.00;10.15;1383.00;1.35;0
107;supply_node;2238.00;10.48;1380.00;4.29;0
107;supply_node;2171.00;10.85;1370.00;5.77;0
107;supply_node;2154.00;10.20;1364.00;3.52;0
107;naval_base;2150.00;9.68;1372.00;-2.43;4325
107;naval_base;2155.00;9.68;1382.00;-2.36;4325
107;naval_base;2178.00;9.73;1387.00;-2.50;4325
107;bunker;2174.00;10.80;1369.00;5.45;0
107;bunker;2209.00;10.20;1388.00;3.29;0
107;bunker;2204.00;11.05;1363.00;5.96;0
107;bunker;2230.00;11.50;1374.00;1.24;0
107;bunker;2222.00;11.55;1366.00;5.36;0
107;bunker;2185.00;11.80;1353.00;1.74;0
107;bunker;2174.00;11.50;1351.00;4.40;0
107;bunker;2197.00;10.70;1369.00;5.96;0
107;bunker;2162.00;10.00;1381.00;3.81;0
107;bunker;2234.00;11.35;1367.00;5.01;0
107;bunker;2164.00;10.53;1366.00;2.85;0
107;bunker;2180.00;10.60;1378.00;4.41;0
107;coastal_bunker;2173.00;9.95;1387.00;-2.50;0
107;coastal_bunker;2154.00;9.98;1375.00;-2.36;0
107;coastal_bunker;2148.00;9.98;1370.00;-2.43;0
107;dockyard;2147.00;9.95;1370.00;-2.43;0
107;anti_air_building;2221.00;11.50;1361.00;5.52;0
107;anti_air_building;2237.00;11.15;1367.00;3.36;0
107;anti_air_building;2179.00;10.95;1368.00;3.46;0
107;synthetic_refinery;2217.00;11.45;1367.00;1.31;0
107;fuel_silo;2212.00;11.35;1370.00;3.97;0
107;rocket_site;2229.00;11.60;1369.00;1.91;0
107;nuclear_reactor;2217.00;11.18;1377.00;6.03;0
107;floating_harbor;2143.44;9.50;1376.31;0.71;2536
115;arms_factory;2117.00;11.15;1125.00;5.97;0
115;arms_factory;2150.00;12.18;1138.00;0.89;0
115;arms_factory;2108.00;10.55;1106.00;3.91;0
115;arms_factory;2110.00;10.57;1137.00;0.30;0
115;arms_factory;2115.00;10.93;1121.00;2.96;0
115;arms_factory;2100.00;10.30;1134.00;5.62;0
115;industrial_complex;2125.00;11.43;1102.00;2.36;0
115;industrial_complex;2113.00;10.70;1115.00;5.02;0
115;industrial_complex;2118.00;11.20;1130.00;4.07;0
115;industrial_complex;2126.00;11.53;1112.00;0.80;0
115;industrial_complex;2134.00;11.45;1142.00;3.47;0
115;supply_node;2091.00;10.07;1123.00;6.04;0
115;supply_node;2105.00;10.40;1113.00;3.80;0
115;supply_node;2146.00;11.98;1144.00;0.45;0
115;supply_node;2110.00;10.30;1149.00;5.98;0
115;supply_node;2109.00;10.60;1131.00;1.17;0
115;supply_node;2124.00;11.15;1118.00;1.87;0
115;supply_node;2128.00;11.18;1138.00;3.34;0
115;supply_node;2091.00;10.00;1138.00;6.28;0
115;supply_node;2074.00;10.00;1134.00;2.58;0
115;supply_node;2115.00;11.03;1101.00;2.17;0
115;naval_base;2083.00;9.65;1124.00;-1.25;4344
115;naval_base;2074.00;9.95;1139.00;-2.36;4344
115;naval_base;2091.00;9.50;1146.00;-2.21;4344
115;bunker;2114.00;11.07;1101.00;1.48;0
115;bunker;2137.00;11.60;1144.00;4.14;0
115;bunker;2100.00;10.30;1117.00;0.52;0
115;bunker;2116.00;10.57;1149.00;6.21;0
115;bunker;2101.00;10.30;1133.00;2.59;0
115;bunker;2095.00;10.10;1136.00;0.43;0
115;bunker;2077.00;9.98;1129.00;4.65;0
115;bunker;2131.00;11.30;1141.00;1.04;0
115;bunker;2092.00;10.00;1120.00;3.70;0
115;bunker;2131.00;11.53;1119.00;3.10;0
115;coastal_bunker;2075.00;9.95;1139.00;-2.36;0
115;coastal_bunker;2089.00;9.50;1117.00;-1.25;0
115;coastal_bunker;2085.00;9.95;1139.00;-2.21;0
115;dockyard;2092.00;9.68;1117.00;-1.25;0
115;anti_air_building;2120.00;10.60;1146.00;4.21;0
115;anti_air_building;2118.00;10.70;1142.00;5.77;0
115;anti_air_building;2128.00;11.53;1121.00;3.61;0
115;synthetic_refinery;2092.00;10.00;1142.00;4.81;0
115;fuel_silo;2116.00;10.65;1142.00;2.66;0
115;radar_station;2117.00;11.20;1126.00;3.30;0
115;nuclear_reactor;2094.00;10.05;1136.00;3.26;0
115;floating_harbor;2067.05;9.50;1140.95;0.79;2739
99;arms_factory;2069.00;10.30;1113.00;3.39;0
99;arms_factory;2117.00;10.65;1030.00;0.13;0
99;arms_factory;2074.00;10.50;1055.00;1.34;0
99;arms_factory;2088.00;11.48;1089.00;5.46;0
99;arms_factory;2047.00;10.38;1067.00;1.84;0
99;arms_factory;2085.00;11.00;1066.00;3.40;0
99;industrial_complex;2100.00;10.68;1098.00;6.06;0
99;industrial_complex;2076.00;10.48;1099.00;3.91;0
99;industrial_complex;2085.00;10.40;1013.00;4.01;0
99;industrial_complex;2070.00;10.40;1044.00;1.85;0
99;industrial_complex;2035.00;10.00;1099.00;5.97;0
99;industrial_complex;2052.00;10.00;1017.00;0.89;0
99;air_base;2063.00;10.55;1085.00;3.91;0
99;supply_node;2026.00;10.10;1070.00;4.33;0
99;supply_node;2068.00;10.70;1082.00;0.99;0
99;supply_node;2062.00;10.10;1040.00;5.03;0
99;supply_node;2096.00;11.15;1087.00;0.22;0
99;supply_node;2048.00;10.53;1079.00;3.15;0
99;supply_node;2073.00;10.15;1115.00;5.74;0
99;supply_node;2087.00;10.60;1026.00;2.39;0
99;supply_node;2095.00;10.93;1047.00;5.33;0
99;supply_node;2050.00;10.10;1098.00;1.63;0
99;supply_node;2090.00;10.20;1007.00;4.57;0
99;supply_node;2046.00;10.05;1029.00;6.04;0
99;supply_node;2083.00;10.93;1071.00;3.80;0
99;supply_node;2078.00;10.60;1053.00;0.45;0
99;supply_node;2040.00;10.00;1050.00;1.94;0
99;supply_node;2060.00;10.00;1064.00;5.98;0
99;supply_node;2077.00;10.32;1004.00;1.17;0
99;supply_node;2061.00;10.03;1120.00;4.11;0
99;supply_node;2066.00;10.10;1103.00;1.87;0
99;supply_node;2079.00;10.65;1097.00;3.34;0
99;supply_node;2103.00;11.50;1068.00;6.28;0
99;supply_node;2041.00;10.32;1065.00;2.58;0
99;supply_node;2027.00;10.00;1053.00;5.52;0
99;supply_node;2111.00;10.93;1047.00;2.17;0
99;supply_node;2111.00;10.70;1033.00;4.75;0
99;supply_node;2073.00;10.55;1025.00;1.41;0
99;supply_node;2064.00;10.05;1000.00;2.88;0
99;naval_base;2021.00;9.50;1082.00;-1.89;3930
99;naval_base;2025.00;9.68;1079.00;-1.74;3930
99;naval_base;2037.00;9.65;1047.00;0.46;3930
99;naval_base;2062.00;9.90;1127.00;-2.90;4344
99;naval_base;2062.00;9.50;1001.00;-1.57;3696
99;naval_base;2022.00;9.50;1060.00;-0.98;3930
99;naval_base;2057.00;9.50;1013.00;-1.11;3696
99;naval_base;2047.00;9.95;1039.00;-1.82;3930
99;naval_base;2064.00;9.68;1064.00;-0.20;3930
99;naval_base;2099.00;9.98;1009.00;0.54;3696
99;naval_base;2082.00;9.98;1117.00;-3.82;4344
99;naval_base;2051.00;9.50;1106.00;-2.78;4344
99;naval_base;2057.00;9.98;1046.00;-2.50;3930
99;naval_base;2085.00;10.00;1114.00;-2.85;4344
99;naval_base;2072.00;9.50;997.00;0.14;3696
99;naval_base;2101.00;9.50;1009.00;0.08;3696
99;naval_base;2063.00;10.00;1060.00;-1.98;3930
99;bunker;2096.00;10.50;1032.00;5.77;0
99;bunker;2023.00;10.05;1075.00;3.61;0
99;bunker;2046.00;10.05;1097.00;4.81;0
99;bunker;2069.00;10.10;1107.00;2.66;0
99;bunker;2099.00;11.30;1062.00;4.22;0
99;bunker;2091.00;10.70;1101.00;0.60;0
99;bunker;2113.00;10.50;1028.00;3.26;0
99;bunker;2096.00;11.12;1055.00;1.10;0
99;bunker;2064.00;10.40;1033.00;2.66;0
99;bunker;2071.00;10.35;1004.00;5.33;0
99;bunker;2105.00;10.60;1044.00;3.17;0
99;bunker;2077.00;10.48;1044.00;5.83;0
99;bunker;2099.00;10.00;1010.00;1.11;0
99;bunker;2051.00;10.45;1085.00;3.77;0
99;bunker;2038.00;10.30;1060.00;1.61;0
99;bunker;2065.00;10.43;1089.00;1.72;0
99;bunker;2079.00;10.60;1021.00;5.84;0
99;bunker;2079.00;10.00;1118.00;2.22;0
99;bunker;2094.00;11.20;1089.00;4.88;0
99;bunker;2070.00;10.38;1011.00;0.16;0
99;bunker;2087.00;11.20;1077.00;4.29;0
99;bunker;2095.00;10.50;1026.00;0.67;0
99;bunker;2027.00;10.00;1091.00;3.33;0
99;bunker;2075.00;10.45;1097.00;0.06;0
99;bunker;2057.00;10.00;1063.00;1.27;0
99;bunker;2062.00;10.00;1122.00;5.39;0
99;bunker;2038.00;10.10;1055.00;1.78;0
99;bunker;2045.00;10.00;1032.00;3.34;0
99;bunker;2069.00;10.00;998.00;6.00;0
99;bunker;2031.00;10.30;1060.00;3.84;0
99;coastal_bunker;2060.00;9.90;1127.00;-2.90;0
99;coastal_bunker;2074.00;10.00;1121.00;-3.82;0
99;coastal_bunker;2023.00;9.68;1060.00;-0.98;0
99;coastal_bunker;2022.00;9.70;1077.00;-1.74;0
99;coastal_bunker;2056.00;9.50;1015.00;-1.11;0
99;coastal_bunker;2048.00;9.68;1051.00;0.46;0
99;coastal_bunker;2099.00;9.98;1009.00;0.54;0
99;coastal_bunker;2036.00;9.50;1032.00;-1.82;0
99;coastal_bunker;2039.00;9.93;1100.00;-2.78;0
99;coastal_bunker;2057.00;9.98;1046.00;-2.50;0
99;coastal_bunker;2057.00;9.68;1059.00;-0.20;0
99;coastal_bunker;2066.00;9.68;995.00;-1.57;0
99;coastal_bunker;2035.00;9.98;1101.00;-3.46;0
99;coastal_bunker;2078.00;9.50;997.00;0.14;0
99;coastal_bunker;2085.00;10.00;1114.00;-2.85;0
99;coastal_bunker;2100.00;9.68;1009.00;0.08;0
99;coastal_bunker;2063.00;10.00;1060.00;-1.98;0
99;dockyard;2052.00;9.50;1042.00;-2.50;0
99;anti_air_building;2096.00;10.50;1028.00;4.51;0
99;anti_air_building;2050.00;10.50;1082.00;1.25;0
99;anti_air_building;2119.00;11.43;1048.00;2.46;0
99;synthetic_refinery;2076.00;10.50;1048.00;0.30;0
99;fuel_silo;2069.00;10.30;1113.00;2.96;0
99;radar_station;2072.00;10.38;1061.00;3.76;0
99;rocket_site;2041.00;9.98;1032.00;2.36;0
99;nuclear_reactor;2088.00;11.48;1089.00;5.03;0
99;floating_harbor;2056.00;9.50;1000.00;1.57;2912
144;arms_factory;2531.00;9.90;970.00;4.27;0
144;arms_factory;2541.00;9.50;970.00;1.00;0
144;arms_factory;2548.00;10.00;980.00;3.66;0
144;arms_factory;2533.00;9.90;971.00;0.05;0
144;arms_factory;2535.00;9.98;974.00;2.71;0
144;arms_factory;2549.00;9.98;983.00;5.73;0
144;industrial_complex;2530.00;10.00;976.00;2.11;0
144;industrial_complex;2544.00;9.95;977.00;4.78;0
144;industrial_complex;2541.00;9.68;967.00;2.61;0
144;industrial_complex;2541.00;10.00;978.00;2.72;0
144;industrial_complex;2532.00;10.00;978.00;0.56;0
144;industrial_complex;2533.00;9.95;973.00;3.22;0
144;air_base;2539.00;9.68;964.00;4.78;0
144;supply_node;2538.00;9.90;977.00;2.82;0
144;supply_node;2540.00;9.93;965.00;5.76;0
144;naval_base;2539.00;9.50;979.00;-4.19;3517
144;naval_base;2539.00;9.93;963.00;-3.14;3517
144;bunker;2547.00;10.00;980.00;1.07;0
144;bunker;2542.00;9.50;965.00;3.73;0
144;coastal_bunker;2531.00;9.50;967.00;-0.66;0
144;coastal_bunker;2540.00;9.93;965.00;-3.14;0
144;dockyard;2544.00;9.50;976.00;-4.19;0
144;anti_air_building;2543.00;9.95;977.00;0.72;0
144;anti_air_building;2542.00;9.93;966.00;4.84;0
144;anti_air_building;2540.00;9.98;978.00;0.12;0
144;synthetic_refinery;2531.00;9.98;978.00;2.78;0
144;fuel_silo;2532.00;9.95;973.00;5.45;0
144;radar_station;2540.00;9.95;977.00;3.36;0
144;rocket_site;2538.00;9.90;962.00;4.85;0
144;nuclear_reactor;2535.00;9.93;976.00;1.23;0
144;floating_harbor;2540.00;9.50;973.00;0.00;3304
32;arms_factory;2210.00;11.40;1121.00;0.92;0
32;arms_factory;2201.00;11.90;1137.00;2.48;0
32;arms_factory;2257.00;11.10;1153.00;5.14;0
32;arms_factory;2191.00;12.07;1133.00;2.98;0
32;arms_factory;2180.00;11.85;1134.00;4.19;0
32;arms_factory;2202.00;11.40;1115.00;0.92;0
32;industrial_complex;2191.00;11.90;1123.00;3.59;0
32;industrial_complex;2260.00;11.15;1139.00;6.25;0
32;industrial_complex;2190.00;11.15;1102.00;2.64;0
32;industrial_complex;2173.00;11.60;1107.00;5.65;0
32;industrial_complex;2290.00;11.90;1142.00;2.04;0
32;industrial_complex;2228.00;11.25;1154.00;4.70;0
32;air_base;2210.00;11.98;1146.00;2.54;0
32;supply_node;2214.00;10.75;1106.00;5.70;0
32;supply_node;2232.00;10.98;1132.00;0.90;0
32;supply_node;2241.00;11.43;1115.00;4.94;0
32;supply_node;2163.00;12.05;1102.00;0.13;0
32;supply_node;2241.00;11.00;1156.00;3.07;0
32;supply_node;2250.00;10.70;1136.00;0.83;0
32;supply_node;2214.00;11.70;1142.00;2.31;0
32;supply_node;2182.00;11.65;1111.00;5.24;0
32;supply_node;2170.00;11.60;1119.00;1.55;0
32;supply_node;2256.00;11.20;1159.00;4.48;0
32;supply_node;2224.00;11.55;1155.00;1.13;0
32;supply_node;2281.00;11.57;1148.00;3.71;0
32;supply_node;2267.00;11.20;1141.00;0.37;0
32;supply_node;2178.00;11.93;1138.00;1.85;0
32;supply_node;2195.00;12.05;1140.00;5.89;0
32;supply_node;2204.00;11.45;1126.00;2.54;0
32;supply_node;2219.00;11.20;1122.00;4.02;0
32;supply_node;2194.00;11.05;1104.00;1.78;0
32;bunker;2203.00;11.65;1134.00;3.21;0
32;bunker;2243.00;11.00;1152.00;6.23;0
32;bunker;2225.00;10.90;1117.00;1.16;0
32;bunker;2228.00;11.30;1156.00;5.28;0
32;bunker;2194.00;11.05;1104.00;0.55;0
32;bunker;2206.00;12.03;1143.00;3.22;0
32;bunker;2284.00;11.90;1142.00;5.88;0
32;bunker;2178.00;11.60;1113.00;3.73;0
32;bunker;2210.00;11.20;1117.00;3.83;0
32;bunker;2173.00;11.45;1116.00;1.67;0
32;bunker;2223.00;11.12;1131.00;4.33;0
32;bunker;2241.00;11.35;1111.00;0.71;0
32;bunker;2252.00;11.40;1169.00;3.73;0
32;bunker;2261.00;11.20;1136.00;0.11;0
32;bunker;2248.00;10.85;1133.00;2.78;0
32;bunker;2164.00;12.10;1101.00;5.44;0
32;bunker;2184.00;11.95;1132.00;2.17;0
32;bunker;2207.00;11.45;1130.00;4.84;0
32;anti_air_building;2240.00;11.03;1154.00;1.23;0
32;anti_air_building;2190.00;11.93;1127.00;2.78;0
32;anti_air_building;2202.00;11.00;1104.00;0.62;0
32;synthetic_refinery;2165.00;12.00;1103.00;1.83;0
32;fuel_silo;2242.00;11.10;1121.00;5.95;0
32;radar_station;2222.00;11.35;1133.00;3.68;0
32;rocket_site;2243.00;11.18;1118.00;3.90;0
32;nuclear_reactor;2242.00;11.35;1110.00;1.73;0
130;arms_factory;2338.00;10.43;1116.00;5.65;0
130;arms_factory;2337.00;10.10;1134.00;2.04;0
130;arms_factory;2399.00;10.10;1127.00;5.06;0
130;arms_factory;2357.00;10.20;1121.00;6.26;0
130;arms_factory;2340.00;10.40;1116.00;4.10;0
130;arms_factory;2370.00;10.50;1102.00;0.48;0
130;industrial_complex;2390.00;10.05;1124.00;2.04;0
130;industrial_complex;2359.00;10.20;1121.00;4.71;0
130;industrial_complex;2356.00;10.00;1137.00;2.55;0
130;industrial_complex;2359.00;10.30;1103.00;2.65;0
130;industrial_complex;2392.00;10.00;1124.00;0.49;0
130;industrial_complex;2382.00;10.00;1109.00;4.61;0
130;air_base;2350.00;9.90;1138.00;5.82;0
130;supply_node;2378.00;10.20;1106.00;3.40;0
130;supply_node;2348.00;10.10;1100.00;5.99;0
130;supply_node;2344.00;10.30;1117.00;2.64;0
130;supply_node;2392.00;10.20;1120.00;5.57;0
130;supply_node;2370.00;10.20;1091.00;1.87;0
130;supply_node;2352.00;10.10;1132.00;4.81;0
130;supply_node;2326.00;10.00;1100.00;0.01;0
130;supply_node;2406.00;10.05;1129.00;4.05;0
130;supply_node;2371.00;10.00;1135.00;5.52;0
130;supply_node;2337.00;10.03;1136.00;2.18;0
130;supply_node;2377.00;10.15;1124.00;6.22;0
130;supply_node;2362.00;10.10;1120.00;1.41;0
130;supply_node;2328.00;10.50;1114.00;4.35;0
130;supply_node;2363.00;10.30;1106.00;0.65;0
130;supply_node;2309.00;10.00;1088.00;3.59;0
130;supply_node;2329.00;9.73;1085.00;0.24;0
130;naval_base;2381.00;9.98;1101.00;1.19;3955
130;naval_base;2316.00;9.68;1098.00;-0.59;3971
130;naval_base;2364.00;9.50;1084.00;0.93;3955
130;naval_base;2384.00;9.95;1130.00;-3.76;3539
130;naval_base;2354.00;9.95;1138.00;-3.68;3539
130;naval_base;2389.00;9.98;1127.00;-3.27;3539
130;naval_base;2340.00;9.90;1144.00;-3.93;3539
130;naval_base;2330.00;10.00;1087.00;-3.93;3971
130;naval_base;2306.00;9.50;1091.00;1.57;3971
130;naval_base;2372.00;9.68;1141.00;-3.14;3539
130;naval_base;2347.00;9.50;1096.00;0.00;3971
130;naval_base;2401.00;9.68;1132.00;-4.25;3539
130;naval_base;2366.00;9.95;1128.00;-3.39;3539
130;bunker;2345.00;10.30;1108.00;5.45;0
130;bunker;2375.00;10.25;1093.00;2.19;0
130;bunker;2375.00;10.32;1105.00;4.85;0
130;bunker;2390.00;10.10;1117.00;1.23;0
130;bunker;2338.00;10.35;1105.00;5.35;0
130;bunker;2355.00;10.10;1122.00;5.45;0
130;bunker;2404.00;10.05;1128.00;3.29;0
130;bunker;2368.00;10.38;1101.00;5.96;0
130;bunker;2329.00;10.57;1116.00;2.34;0
130;bunker;2345.00;10.03;1131.00;3.90;0
130;bunker;2335.00;10.20;1102.00;1.74;0
130;bunker;2377.00;10.05;1131.00;4.40;0
130;bunker;2357.00;10.03;1132.00;0.79;0
130;bunker;2374.00;10.00;1133.00;3.81;0
130;bunker;2307.00;9.95;1090.00;0.19;0
130;bunker;2330.00;10.00;1085.00;2.85;0
130;coastal_bunker;2408.00;9.95;1135.00;-4.25;0
130;coastal_bunker;2313.00;9.98;1086.00;1.57;0
130;coastal_bunker;2383.00;9.98;1108.00;1.19;0
130;coastal_bunker;2370.00;9.65;1139.00;-3.14;0
130;coastal_bunker;2360.00;10.00;1086.00;-1.19;0
130;coastal_bunker;2373.00;9.68;1131.00;-3.76;0
130;coastal_bunker;2396.00;9.73;1127.00;-3.27;0
130;coastal_bunker;2331.00;9.73;1097.00;-0.59;0
130;coastal_bunker;2340.00;9.65;1143.00;-3.93;0
130;coastal_bunker;2351.00;9.93;1140.00;-3.68;0
130;coastal_bunker;2332.00;10.00;1086.00;-3.93;0
130;coastal_bunker;2353.00;9.73;1093.00;0.00;0
130;coastal_bunker;2364.00;9.93;1128.00;-3.39;0
130;dockyard;2362.00;10.00;1086.00;-1.19;0
130;anti_air_building;2329.00;10.45;1112.00;0.26;0
130;anti_air_building;2384.00;10.10;1115.00;0.36;0
130;anti_air_building;2378.00;10.20;1126.00;4.48;0
130;synthetic_refinery;2374.00;10.40;1095.00;0.86;0
130;fuel_silo;2331.00;10.45;1112.00;3.52;0
130;radar_station;2362.00;10.35;1114.00;0.69;0
130;rocket_site;2311.00;9.95;1085.00;2.93;0
130;nuclear_reactor;2376.00;10.30;1095.00;5.59;0
130;floating_harbor;2334.95;9.50;1090.95;-0.79;3290
141;arms_factory;2147.00;11.40;1016.00;4.61;0
141;arms_factory;2130.00;10.35;1010.00;5.82;0
141;arms_factory;2178.00;11.65;1062.00;2.55;0
141;arms_factory;2143.00;10.70;1035.00;5.22;0
141;arms_factory;2153.00;13.03;1005.00;1.60;0
141;arms_factory;2157.00;11.00;1045.00;4.27;0
141;industrial_complex;2124.00;10.20;989.00;1.00;0
141;industrial_complex;2172.00;11.20;1042.00;3.66;0
141;industrial_complex;2139.00;10.60;1028.00;0.05;0
141;industrial_complex;2154.00;11.43;1028.00;2.71;0
141;industrial_complex;2120.00;9.98;997.00;5.73;0
141;industrial_complex;2131.00;10.30;982.00;2.11;0
141;air_base;2121.00;10.05;1011.00;4.78;0
141;supply_node;2171.00;11.30;1039.00;1.41;0
141;supply_node;2132.00;10.32;1013.00;4.35;0
141;supply_node;2125.00;10.25;987.00;0.65;0
141;supply_node;2153.00;10.70;1043.00;3.59;0
141;supply_node;2142.00;10.65;1026.00;0.24;0
141;supply_node;2180.00;11.35;1057.00;2.82;0
141;supply_node;2144.00;12.75;999.00;5.76;0
141;supply_node;2166.00;10.80;1046.00;0.96;0
141;supply_node;2158.00;11.45;1032.00;5.00;0
141;supply_node;2121.00;10.00;1003.00;1.65;0
141;supply_node;2167.00;11.53;1016.00;3.13;0
141;supply_node;2136.00;12.05;989.00;0.89;0
141;supply_node;2149.00;12.78;1009.00;2.36;0
141;supply_node;2153.00;11.82;1022.00;5.30;0
141;naval_base;2117.00;9.50;982.00;-0.90;3696
141;naval_base;2118.00;9.50;995.00;-2.16;3696
141;naval_base;2127.00;9.73;1021.00;-2.19;3696
141;bunker;2127.00;10.30;1008.00;2.78;0
141;bunker;2158.00;12.65;1013.00;5.45;0
141;bunker;2172.00;10.68;1050.00;2.19;0
141;bunker;2149.00;13.00;1001.00;4.85;0
141;bunker;2158.00;11.00;1044.00;1.23;0
141;bunker;2159.00;12.70;1014.00;5.35;0
141;bunker;2124.00;10.15;987.00;5.45;0
141;bunker;2173.00;11.12;1047.00;3.29;0
141;bunker;2132.00;10.98;985.00;5.96;0
141;bunker;2140.00;10.70;1032.00;2.34;0
141;bunker;2127.00;10.32;1004.00;3.90;0
141;bunker;2170.00;10.98;1043.00;1.74;0
141;bunker;2165.00;11.65;1014.00;4.40;0
141;bunker;2152.00;11.12;1033.00;0.79;0
141;coastal_bunker;2123.00;9.73;979.00;-0.90;0
141;coastal_bunker;2128.00;10.00;1021.00;-2.19;0
141;coastal_bunker;2119.00;9.98;996.00;-2.16;0
141;dockyard;2121.00;9.50;980.00;-0.90;0
141;anti_air_building;2143.00;11.30;1012.00;2.25;0
141;anti_air_building;2174.00;11.48;1060.00;3.46;0
141;anti_air_building;2153.00;10.93;1035.00;1.30;0
141;synthetic_refinery;2157.00;11.45;1029.00;2.86;0
141;fuel_silo;2133.00;11.05;1000.00;5.52;0
141;radar_station;2153.00;11.68;1023.00;3.09;0
141;rocket_site;2175.00;11.03;1055.00;6.03;0
141;nuclear_reactor;2136.00;10.48;1025.00;1.31;0
141;floating_harbor;2112.18;9.50;1008.88;0.98;2901
140;arms_factory;2480.00;10.05;1033.00;0.18;0
140;arms_factory;2476.00;10.03;1034.00;1.74;0
140;arms_factory;2476.00;10.03;1034.00;4.40;0
140;arms_factory;2476.00;10.03;1033.00;0.79;0
140;arms_factory;2477.00;10.05;1033.00;4.91;0
140;arms_factory;2476.00;10.03;1033.00;5.01;0
140;industrial_complex;2474.00;10.00;1033.00;2.85;0
140;industrial_complex;2473.00;10.00;1033.00;5.52;0
140;industrial_complex;2472.00;10.00;1033.00;0.79;0
140;industrial_complex;2478.00;10.00;1032.00;4.91;0
140;industrial_complex;2478.00;10.00;1032.00;1.29;0
140;industrial_complex;2479.00;10.03;1032.00;5.42;0
140;air_base;2474.00;9.98;1032.00;5.52;0
140;supply_node;2497.00;10.00;1041.00;4.36;0
140;supply_node;2449.00;10.00;1017.00;5.84;0
140;naval_base;2503.00;10.00;1042.00;-1.57;4101
140;naval_base;2471.00;10.00;1033.00;-1.57;4101
140;naval_base;2447.00;9.50;1017.00;-3.14;3955
140;bunker;2479.00;10.00;1030.00;0.85;0
140;bunker;2495.00;10.00;1041.00;3.87;0
140;bunker;2448.00;9.50;1015.00;5.08;0
140;coastal_bunker;2450.00;9.73;1018.00;-3.14;0
140;coastal_bunker;2476.00;9.73;1036.00;-1.57;0
140;coastal_bunker;2496.00;10.03;1043.00;-1.57;0
140;dockyard;2477.00;9.50;1023.00;-1.57;0
140;anti_air_building;2478.00;10.00;1026.00;1.36;0
140;anti_air_building;2450.00;9.73;1019.00;2.92;0
140;anti_air_building;2450.00;9.73;1019.00;5.59;0
140;synthetic_refinery;2451.00;10.00;1019.00;1.97;0
140;fuel_silo;2450.00;10.00;1017.00;6.09;0
140;rocket_site;2450.00;9.73;1018.00;4.03;0
140;nuclear_reactor;2448.00;10.00;1017.00;1.87;0
140;floating_harbor;2449.00;9.50;1025.00;0.00;3297
139;arms_factory;2301.00;10.30;1033.00;4.40;0
139;arms_factory;2291.00;10.50;1020.00;0.79;0
139;arms_factory;2248.00;10.55;1029.00;4.91;0
139;arms_factory;2284.00;10.57;1036.00;5.01;0
139;arms_factory;2281.00;10.62;1023.00;2.85;0
139;arms_factory;2267.00;10.57;1037.00;5.52;0
139;industrial_complex;2300.00;10.48;1004.00;0.79;0
139;industrial_complex;2305.00;10.25;1035.00;4.91;0
139;industrial_complex;2289.00;10.65;1027.00;1.29;0
139;industrial_complex;2246.00;10.50;1038.00;5.42;0
139;industrial_complex;2285.00;10.50;1039.00;5.52;0
139;industrial_complex;2305.00;10.45;1016.00;3.36;0
139;air_base;2252.00;10.70;1024.00;6.03;0
139;supply_node;2319.00;10.10;1029.00;3.59;0
139;supply_node;2244.00;10.48;1045.00;5.07;0
139;supply_node;2317.00;10.62;1010.00;1.73;0
139;supply_node;2283.00;10.35;1043.00;5.77;0
139;supply_node;2265.00;11.53;1021.00;0.96;0
139;supply_node;2271.00;10.50;1035.00;3.90;0
139;supply_node;2260.00;10.40;1043.00;0.20;0
139;supply_node;2301.00;10.30;1033.00;3.14;0
139;supply_node;2298.00;10.40;1018.00;6.07;0
139;supply_node;2249.00;10.57;1028.00;2.37;0
139;supply_node;2286.00;10.10;1007.00;5.31;0
139;supply_node;2300.00;10.60;1007.00;0.50;0
139;supply_node;2274.00;11.00;1011.00;4.54;0
139;supply_node;2281.00;10.85;1019.00;1.20;0
139;supply_node;2320.00;10.35;1018.00;2.68;0
139;supply_node;2282.00;10.70;1028.00;0.43;0
139;naval_base;2246.00;10.00;1055.00;-3.25;3971
139;naval_base;2314.00;10.03;1037.00;-3.55;3971
139;naval_base;2257.00;10.05;1053.00;-3.39;3971
139;naval_base;2279.00;9.68;1050.00;-3.42;3971
139;naval_base;2311.00;9.98;1043.00;-3.68;3971
139;bunker;2288.00;10.80;1031.00;2.48;0
139;bunker;2262.00;10.38;1045.00;5.15;0
139;bunker;2245.00;10.50;1035.00;0.42;0
139;bunker;2248.00;10.10;1051.00;4.54;0
139;bunker;2270.00;11.43;1018.00;5.76;0
139;bunker;2296.00;10.50;1010.00;3.59;0
139;bunker;2292.00;10.50;1015.00;0.33;0
139;bunker;2312.00;10.32;1023.00;1.53;0
139;bunker;2275.00;10.50;1033.00;5.65;0
139;bunker;2281.00;11.07;1032.00;2.04;0
139;bunker;2317.00;10.30;1021.00;5.06;0
139;bunker;2280.00;10.60;1027.00;6.26;0
139;bunker;2311.00;10.90;1008.00;4.10;0
139;bunker;2287.00;10.10;1007.00;0.48;0
139;bunker;2284.00;10.57;1036.00;2.04;0
139;bunker;2271.00;11.18;1015.00;4.71;0
139;coastal_bunker;2257.00;10.05;1053.00;-3.39;0
139;coastal_bunker;2328.00;10.00;1035.00;-3.55;0
139;coastal_bunker;2297.00;10.00;1047.00;-3.42;0
139;coastal_bunker;2305.00;9.98;1041.00;-3.68;0
139;coastal_bunker;2241.00;9.95;1054.00;-3.25;0
139;dockyard;2248.00;10.03;1053.00;-3.25;0
139;anti_air_building;2302.00;10.30;1020.00;5.22;0
139;anti_air_building;2251.00;10.40;1046.00;1.60;0
139;anti_air_building;2302.00;10.30;1033.00;4.27;0
139;synthetic_refinery;2267.00;11.55;1020.00;1.00;0
139;fuel_silo;2250.00;10.60;1029.00;3.66;0
139;radar_station;2283.00;11.05;1030.00;0.01;0
139;rocket_site;2276.00;11.15;1024.00;2.71;0
139;nuclear_reactor;2279.00;10.60;1029.00;5.73;0
139;floating_harbor;2310.60;9.50;1049.00;-0.54;1898
125;arms_factory;2364.00;10.50;1004.00;4.68;0
125;arms_factory;2405.00;10.05;1027.00;5.89;0
125;arms_factory;2385.00;10.65;1022.00;2.62;0
125;arms_factory;2342.00;10.35;1010.00;5.28;0
125;arms_factory;2354.00;10.45;1013.00;1.67;0
125;arms_factory;2389.00;10.25;1035.00;4.33;0
125;industrial_complex;2374.00;11.15;1021.00;1.07;0
125;industrial_complex;2364.00;10.25;1027.00;2.27;0
125;industrial_complex;2397.00;10.45;1015.00;0.11;0
125;industrial_complex;2357.00;10.50;1008.00;2.78;0
125;industrial_complex;2380.00;10.85;1028.00;4.34;0
125;industrial_complex;2383.00;10.65;1010.00;2.17;0
125;air_base;2365.00;10.70;1022.00;4.84;0
125;supply_node;2365.00;10.53;1009.00;1.00;0
125;supply_node;2392.00;10.10;1004.00;3.93;0
125;supply_node;2403.00;10.45;1017.00;1.70;0
125;supply_node;2334.00;10.40;1016.00;3.17;0
125;supply_node;2381.00;10.70;1015.00;6.11;0
125;supply_node;2395.00;10.20;1041.00;2.41;0
125;supply_node;2375.00;10.35;1000.00;5.35;0
125;supply_node;2349.00;10.40;1013.00;2.00;0
125;supply_node;2352.00;10.68;1024.00;4.58;0
125;supply_node;2369.00;10.80;1025.00;1.24;0
125;supply_node;2388.00;10.70;1024.00;2.71;0
125;supply_node;2335.00;10.53;1029.00;0.47;0
125;supply_node;2383.00;10.62;1033.00;1.95;0
125;supply_node;2402.00;10.30;1035.00;4.89;0
125;naval_base;2411.00;9.73;1043.00;-3.76;3955
125;naval_base;2354.00;10.03;1029.00;-3.61;3955
125;naval_base;2331.00;10.18;1034.00;-3.66;3971
125;naval_base;2415.00;10.00;1037.00;-3.93;3955
125;naval_base;2403.00;10.00;1003.00;1.41;3955
125;naval_base;2367.00;10.12;1029.00;-2.98;3955
125;naval_base;2415.00;9.75;1015.00;1.05;3955
125;naval_base;2381.00;10.00;1035.00;-2.94;3955
125;naval_base;2396.00;10.07;1038.00;-3.93;3955
125;naval_base;2382.00;9.50;995.00;0.79;4380
125;bunker;2381.00;10.88;1029.00;6.03;0
125;bunker;2369.00;10.98;1022.00;2.41;0
125;bunker;2366.00;10.53;1008.00;3.96;0
125;bunker;2340.00;10.30;1021.00;1.81;0
125;bunker;2394.00;10.30;1040.00;3.02;0
125;bunker;2408.00;10.07;1028.00;0.85;0
125;bunker;2383.00;10.60;1025.00;3.87;0
125;bunker;2347.00;10.57;1026.00;5.08;0
125;bunker;2403.00;10.07;1027.00;2.92;0
125;bunker;2388.00;10.68;1014.00;4.48;0
125;bunker;2367.00;10.40;1000.00;0.86;0
125;bunker;2407.00;10.48;1021.00;3.52;0
125;bunker;2346.00;10.32;1019.00;1.36;0
125;bunker;2339.00;10.55;1029.00;2.92;0
125;bunker;2394.00;10.40;1011.00;5.59;0
125;coastal_bunker;2396.00;10.10;1035.00;-3.76;0
125;coastal_bunker;2397.00;9.75;1038.00;-3.93;0
125;coastal_bunker;2402.00;9.73;1002.00;1.28;0
125;coastal_bunker;2406.00;9.73;1029.00;-3.93;0
125;coastal_bunker;2348.00;9.98;1031.00;-2.63;0
125;coastal_bunker;2339.00;10.00;1036.00;-3.66;0
125;coastal_bunker;2382.00;10.00;1036.00;-2.94;0
125;coastal_bunker;2370.00;9.70;1030.00;-2.98;0
125;coastal_bunker;2413.00;9.50;1013.00;1.05;0
125;coastal_bunker;2379.00;9.50;995.00;0.79;0
125;dockyard;2418.00;10.00;1031.00;-3.93;0
125;anti_air_building;2365.00;10.60;1011.00;5.76;0
125;anti_air_building;2399.00;10.07;1044.00;3.59;0
125;anti_air_building;2386.00;10.85;1029.00;0.33;0
125;synthetic_refinery;2337.00;10.30;1019.00;1.53;0
125;fuel_silo;2343.00;10.45;1021.00;5.65;0
125;radar_station;2375.00;11.00;1023.00;2.45;0
125;rocket_site;2411.00;10.10;1030.00;5.06;0
125;nuclear_reactor;2385.00;10.55;1024.00;6.26;0
125;floating_harbor;2411.07;9.50;1047.70;-0.62;4676
150;arms_factory;2299.00;10.40;1112.00;0.85;0
150;arms_factory;2307.00;10.30;1127.00;3.87;0
150;arms_factory;2296.00;10.57;1108.00;5.08;0
150;arms_factory;2310.00;10.10;1125.00;2.92;0
150;arms_factory;2264.00;11.65;1125.00;4.48;0
150;arms_factory;2311.00;10.10;1123.00;0.86;0
150;industrial_complex;2256.00;11.75;1123.00;3.52;0
150;industrial_complex;2260.00;10.75;1103.00;1.36;0
150;industrial_complex;2264.00;11.68;1120.00;2.92;0
150;industrial_complex;2341.00;9.90;1155.00;5.59;0
150;industrial_complex;2304.00;10.48;1133.00;1.97;0
150;industrial_complex;2324.00;11.40;1153.00;6.09;0
150;air_base;2293.00;11.53;1131.00;1.37;0
150;supply_node;2296.00;11.62;1129.00;4.85;0
150;supply_node;2262.00;11.55;1121.00;1.15;0
150;supply_node;2314.00;10.48;1113.00;4.08;0
150;supply_node;2331.00;10.50;1152.00;0.74;0
150;supply_node;2286.00;10.55;1102.00;3.32;0
150;supply_node;2324.00;11.00;1133.00;6.26;0
150;supply_node;2307.00;11.05;1147.00;1.45;0
150;supply_node;2295.00;11.55;1154.00;4.39;0
150;supply_node;2312.00;10.55;1136.00;2.15;0
150;supply_node;2278.00;11.80;1131.00;3.63;0
150;supply_node;2278.00;12.10;1115.00;0.28;0
150;supply_node;2297.00;10.55;1113.00;2.87;0
150;supply_node;2263.00;10.82;1105.00;5.80;0
150;naval_base;2264.00;9.73;1099.00;0.67;3971
150;naval_base;2303.00;10.07;1115.00;1.25;3971
150;naval_base;2307.00;9.68;1113.00;-0.79;3971
150;naval_base;2342.00;9.90;1147.00;1.37;3539
150;naval_base;2287.00;9.50;1099.00;0.59;3971
150;bunker;2281.00;11.68;1135.00;2.04;0
150;bunker;2333.00;10.50;1147.00;4.71;0
150;bunker;2322.00;10.78;1137.00;2.55;0
150;bunker;2284.00;12.05;1114.00;2.65;0
150;bunker;2264.00;11.60;1122.00;0.49;0
150;bunker;2290.00;10.40;1101.00;4.61;0
150;bunker;2260.00;10.00;1099.00;5.82;0
150;bunker;2302.00;10.98;1141.00;2.55;0
150;bunker;2311.00;10.15;1126.00;5.22;0
150;bunker;2298.00;11.93;1157.00;1.60;0
150;bunker;2309.00;10.20;1115.00;4.27;0
150;bunker;2315.00;10.90;1147.00;1.00;0
150;bunker;2289.00;12.00;1120.00;3.66;0
150;coastal_bunker;2295.00;9.68;1099.00;0.59;0
150;coastal_bunker;2342.00;9.50;1153.00;1.37;0
150;coastal_bunker;2301.00;9.95;1110.00;1.25;0
150;coastal_bunker;2269.00;10.45;1103.00;0.67;0
150;coastal_bunker;2310.00;9.68;1110.00;-0.79;0
150;dockyard;2307.00;9.68;1115.00;-0.79;0
150;anti_air_building;2292.00;11.62;1124.00;2.72;0
150;anti_air_building;2276.00;13.00;1119.00;0.56;0
150;anti_air_building;2288.00;12.10;1122.00;3.22;0
150;synthetic_refinery;2271.00;12.60;1120.00;4.78;0
150;fuel_silo;2261.00;11.30;1111.00;1.16;0
150;radar_station;2297.00;11.60;1131.00;5.76;0
150;rocket_site;2298.00;11.05;1118.00;0.21;0
150;nuclear_reactor;2260.00;11.25;1114.00;3.23;0
150;floating_harbor;2271.37;9.50;1094.53;-2.47;2783
133;arms_factory;2286.00;10.95;1207.00;2.78;0
133;arms_factory;2316.00;10.98;1189.00;0.62;0
133;arms_factory;2307.00;10.75;1206.00;1.83;0
133;arms_factory;2347.00;10.05;1203.00;4.85;0
133;arms_factory;2334.00;10.30;1200.00;1.23;0
133;arms_factory;2288.00;11.10;1189.00;5.35;0
133;industrial_complex;2271.00;10.95;1180.00;0.28;0
133;industrial_complex;2350.00;9.90;1216.00;3.29;0
133;industrial_complex;2305.00;11.05;1180.00;1.13;0
133;industrial_complex;2307.00;11.03;1198.00;2.34;0
133;industrial_complex;2299.00;11.48;1174.00;0.18;0
133;industrial_complex;2284.00;10.90;1204.00;1.74;0
133;air_base;2276.00;10.95;1181.00;4.40;0
133;supply_node;2288.00;11.00;1193.00;2.65;0
133;supply_node;2334.00;10.32;1199.00;4.12;0
133;supply_node;2278.00;11.60;1166.00;0.77;0
133;supply_node;2312.00;10.70;1185.00;3.36;0
133;supply_node;2346.00;10.00;1210.00;0.01;0
133;supply_node;2309.00;11.07;1203.00;2.95;0
133;supply_node;2272.00;10.75;1190.00;5.53;0
133;supply_node;2276.00;11.07;1204.00;2.19;0
133;supply_node;2265.00;11.20;1174.00;3.66;0
133;supply_node;2294.00;11.65;1173.00;1.42;0
133;bunker;2302.00;10.70;1191.00;3.36;0
133;bunker;2287.00;11.05;1182.00;6.03;0
133;bunker;2283.00;11.40;1173.00;2.41;0
133;bunker;2335.00;10.30;1201.00;3.96;0
133;bunker;2271.00;10.70;1188.00;1.81;0
133;bunker;2348.00;10.00;1212.00;3.02;0
133;bunker;2318.00;10.60;1181.00;0.85;0
133;bunker;2263.00;11.30;1173.00;3.87;0
133;bunker;2299.00;11.57;1171.00;5.08;0
133;bunker;2276.00;11.10;1203.00;2.92;0
133;anti_air_building;2272.00;11.12;1178.00;4.48;0
133;anti_air_building;2342.00;10.00;1214.00;0.86;0
133;anti_air_building;2313.00;10.90;1178.00;3.52;0
133;synthetic_refinery;2305.00;10.85;1197.00;1.36;0
133;fuel_silo;2295.00;11.68;1173.00;2.92;0
133;radar_station;2306.00;10.70;1191.00;1.20;0
133;rocket_site;2295.00;11.18;1181.00;1.97;0
133;nuclear_reactor;2286.00;11.70;1162.00;6.09;0
116;arms_factory;2305.00;11.30;1160.00;5.22;0
116;arms_factory;2322.00;10.50;1174.00;0.49;0
116;arms_factory;2306.00;11.12;1166.00;4.61;0
116;arms_factory;2313.00;10.95;1159.00;5.82;0
116;arms_factory;2359.00;9.90;1170.00;3.66;0
116;arms_factory;2317.00;11.00;1165.00;5.22;0
116;industrial_complex;2308.00;11.10;1159.00;1.60;0
116;industrial_complex;2354.00;9.90;1170.00;5.72;0
116;industrial_complex;2312.00;10.98;1165.00;2.10;0
116;industrial_complex;2366.00;9.98;1175.00;3.66;0
116;industrial_complex;2367.00;9.98;1169.00;0.04;0
116;industrial_complex;2368.00;10.00;1197.00;4.17;0
116;air_base;2361.00;10.00;1175.00;5.38;0
116;supply_node;2341.00;9.93;1166.00;3.44;0
116;supply_node;2361.00;10.00;1169.00;6.03;0
116;supply_node;2362.00;9.90;1206.00;2.68;0
116;supply_node;2382.00;10.00;1196.00;4.16;0
116;supply_node;2352.00;10.00;1185.00;1.92;0
116;supply_node;2334.00;9.90;1182.00;4.86;0
116;supply_node;2376.00;10.00;1209.00;0.05;0
116;supply_node;2388.00;9.98;1206.00;2.98;0
116;supply_node;2369.00;9.50;1187.00;5.57;0
116;supply_node;2322.00;10.65;1168.00;2.22;0
116;supply_node;2310.00;11.03;1162.00;5.16;0
116;supply_node;2351.00;9.90;1158.00;1.46;0
116;naval_base;2380.00;9.50;1189.00;0.90;3998
116;naval_base;2349.00;9.50;1152.00;0.79;3539
116;naval_base;2361.00;9.90;1158.00;1.43;3539
116;naval_base;2376.00;9.50;1183.00;0.79;3539
116;naval_base;2389.00;9.98;1209.00;-3.93;3998
116;naval_base;2368.00;9.98;1219.00;-3.57;3998
116;naval_base;2370.00;9.93;1217.00;-2.94;3998
116;naval_base;2370.00;9.90;1179.00;1.25;3539
116;bunker;2359.00;10.10;1177.00;0.62;0
116;bunker;2367.00;9.90;1191.00;1.83;0
116;bunker;2391.00;10.00;1208.00;4.85;0
116;bunker;2361.00;9.95;1172.00;1.23;0
116;bunker;2321.00;10.70;1167.00;5.35;0
116;bunker;2339.00;9.90;1185.00;0.28;0
116;bunker;2376.00;10.00;1199.00;3.29;0
116;bunker;2355.00;9.90;1158.00;1.13;0
116;bunker;2360.00;10.00;1197.00;2.34;0
116;bunker;2337.00;10.00;1173.00;0.18;0
116;bunker;2310.00;11.07;1167.00;1.74;0
116;bunker;2378.00;10.00;1207.00;4.40;0
116;coastal_bunker;2376.00;9.90;1213.00;-2.94;0
116;coastal_bunker;2393.00;9.95;1207.00;-3.93;0
116;coastal_bunker;2389.00;9.98;1200.00;0.90;0
116;coastal_bunker;2368.00;9.98;1218.00;-3.57;0
116;coastal_bunker;2350.00;9.50;1152.00;0.79;0
116;coastal_bunker;2369.00;9.93;1169.00;1.43;0
116;coastal_bunker;2375.00;9.50;1184.00;0.79;0
116;coastal_bunker;2370.00;9.90;1179.00;1.25;0
116;dockyard;2391.00;9.95;1192.00;0.90;0
116;anti_air_building;2346.00;9.95;1159.00;5.52;0
116;anti_air_building;2316.00;10.95;1166.00;3.36;0
116;anti_air_building;2364.00;10.00;1177.00;6.03;0
116;synthetic_refinery;2357.00;9.90;1158.00;2.41;0
116;fuel_silo;2369.00;10.00;1198.00;3.96;0
116;radar_station;2349.00;9.95;1185.00;1.73;0
116;rocket_site;2352.00;9.90;1158.00;3.02;0
116;nuclear_reactor;2364.00;10.00;1198.00;0.85;0
116;floating_harbor;2358.95;9.50;1150.05;-2.36;2719
135;arms_factory;2428.00;10.15;1052.00;0.18;0
135;arms_factory;2431.00;10.30;1056.00;1.74;0
135;arms_factory;2436.00;10.00;1064.00;4.40;0
135;arms_factory;2455.00;10.00;1069.00;0.79;0
135;arms_factory;2455.00;9.95;1075.00;4.91;0
135;arms_factory;2434.00;10.10;1057.00;5.01;0
135;industrial_complex;2430.00;10.15;1059.00;2.85;0
135;industrial_complex;2450.00;9.98;1066.00;5.52;0
135;industrial_complex;2427.00;10.03;1051.00;0.79;0
135;industrial_complex;2426.00;10.05;1053.00;4.91;0
135;industrial_complex;2431.00;10.10;1060.00;1.29;0
135;industrial_complex;2436.00;10.00;1066.00;5.42;0
135;air_base;2454.00;10.00;1070.00;5.52;0
135;supply_node;2453.00;10.00;1071.00;4.36;0
135;supply_node;2429.00;10.30;1054.00;5.84;0
135;supply_node;2434.00;9.98;1064.00;3.59;0
135;naval_base;2434.00;9.68;1067.00;-3.61;3955
135;naval_base;2450.00;9.98;1068.00;-0.46;3955
135;naval_base;2426.00;9.75;1058.00;0.00;3955
135;bunker;2436.00;10.10;1060.00;0.85;0
135;bunker;2452.00;9.95;1073.00;3.87;0
135;bunker;2428.00;10.00;1050.00;5.08;0
135;coastal_bunker;2449.00;9.68;1066.00;-0.46;0
135;coastal_bunker;2440.00;9.70;1067.00;-3.61;0
135;coastal_bunker;2433.00;9.50;1051.00;0.00;0
135;dockyard;2428.00;9.73;1061.00;0.00;0
135;anti_air_building;2426.00;10.05;1053.00;1.36;0
135;anti_air_building;2434.00;10.10;1057.00;2.92;0
135;anti_air_building;2438.00;10.00;1068.00;5.59;0
135;synthetic_refinery;2454.00;10.00;1070.00;1.97;0
135;fuel_silo;2427.00;10.03;1051.00;6.09;0
135;rocket_site;2434.00;10.00;1063.00;4.03;0
135;nuclear_reactor;2436.00;10.00;1066.00;1.87;0
135;floating_harbor;2438.13;9.50;1072.26;-0.46;2812
1;arms_factory;2062.00;11.12;1930.00;1.29;0
1;arms_factory;2034.00;10.70;1954.00;2.85;0
1;arms_factory;2223.00;10.60;2019.00;5.51;0
1;arms_factory;2098.00;11.07;1970.00;1.90;0
1;arms_factory;2110.00;11.55;1984.00;6.02;0
1;arms_factory;2038.00;10.85;1968.00;6.12;0
1;industrial_complex;2253.00;11.12;2045.00;3.96;0
1;industrial_complex;1999.00;10.30;2016.00;1.80;0
1;industrial_complex;1961.00;10.40;2034.00;4.46;0
1;industrial_complex;1972.00;10.15;1938.00;6.03;0
1;industrial_complex;2131.00;11.93;2023.00;2.41;0
1;industrial_complex;2082.00;11.00;1957.00;0.25;0
1;air_base;2072.00;11.60;1974.00;1.45;0
1;supply_node;2260.00;11.00;2033.00;5.74;0
1;supply_node;1997.00;10.65;2027.00;2.04;0
1;supply_node;2042.00;11.00;1981.00;4.98;0
1;supply_node;2033.00;10.38;1930.00;1.63;0
1;supply_node;2067.00;12.23;2030.00;4.21;0
1;supply_node;2094.00;11.68;1999.00;0.87;0
1;supply_node;2141.00;12.25;2033.00;2.34;0
1;supply_node;1976.00;10.43;1950.00;0.10;0
1;supply_node;2123.00;10.70;1966.00;3.04;0
1;supply_node;2143.00;11.57;2006.00;4.52;0
1;supply_node;2200.00;10.95;2023.00;2.27;0
1;supply_node;2000.00;10.40;1980.00;3.75;0
1;supply_node;2080.00;11.20;1950.00;0.41;0
1;supply_node;1969.00;10.35;1989.00;4.45;0
1;naval_base;1934.00;9.50;1984.00;-0.13;4217
1;naval_base;2023.00;9.98;1917.00;-0.75;3786
1;naval_base;1968.00;9.68;1960.00;-1.77;4217
1;naval_base;1961.00;9.50;1970.00;-0.52;4217
1;bunker;2099.00;10.75;1961.00;5.14;0
1;bunker;2196.00;11.68;2039.00;2.98;0
1;bunker;2034.00;11.40;2039.00;4.19;0
1;bunker;2152.00;11.57;2026.00;0.92;0
1;bunker;1923.00;10.10;2031.00;3.59;0
1;bunker;2050.00;11.40;1994.00;6.25;0
1;bunker;2109.00;12.10;1994.00;2.64;0
1;bunker;1969.00;10.25;2008.00;5.65;0
1;bunker;2173.00;11.12;1998.00;2.04;0
1;bunker;2023.00;11.30;2040.00;4.70;0
1;bunker;2095.00;11.05;1975.00;2.54;0
1;bunker;2264.00;10.62;2041.00;4.10;0
1;bunker;2004.00;10.30;1942.00;0.48;0
1;bunker;2012.00;10.30;1937.00;3.15;0
1;bunker;2002.00;10.60;1958.00;6.16;0
1;coastal_bunker;1944.00;9.65;1972.00;-0.13;0
1;coastal_bunker;1999.00;9.50;1937.00;0.30;0
1;coastal_bunker;2028.00;9.50;1917.00;-0.75;0
1;coastal_bunker;1961.00;9.50;1970.00;-0.52;0
1;dockyard;1916.00;9.73;2028.00;-0.13;0
1;anti_air_building;2049.00;11.20;2017.00;3.66;0
1;anti_air_building;2057.00;11.48;1988.00;0.04;0
1;anti_air_building;2000.00;10.60;1958.00;1.60;0
1;synthetic_refinery;2118.00;12.53;2005.00;5.72;0
1;fuel_silo;2152.00;11.20;2016.00;0.65;0
1;radar_station;2103.00;11.10;1973.00;5.89;0
1;rocket_site;2030.00;11.00;2030.00;0.04;0
1;nuclear_reactor;1963.00;10.85;2040.00;4.17;0
1;floating_harbor;1954.49;9.50;1963.94;-3.67;4646
1;floating_harbor;2016.25;9.50;1911.86;-3.89;983
1;floating_harbor;1915.00;9.50;1977.00;-3.93;1378
1;floating_harbor;1982.06;9.50;1930.31;-2.84;1697
2;supply_node;3847.00;11.62;42.00;4.83;0
2;supply_node;3936.00;13.40;9.00;0.03;0
2;supply_node;3796.00;11.53;59.00;4.07;0
2;supply_node;3876.00;12.10;14.00;5.55;0
2;supply_node;3815.00;11.05;11.00;2.20;0
3;supply_node;2877.00;12.00;17.00;4.07;0
3;supply_node;2829.00;10.05;25.00;5.55;0
3;supply_node;2929.00;10.90;87.00;2.20;0
3;supply_node;2906.00;11.50;61.00;6.25;0
3;supply_node;2922.00;12.53;26.00;1.44;0
3;supply_node;2953.00;10.93;61.00;4.37;0
3;supply_node;2868.00;11.00;60.00;0.68;0
3;supply_node;2991.00;11.90;58.00;3.61;0
3;supply_node;2969.00;12.80;15.00;0.26;0
4;supply_node;2162.00;10.20;1972.00;2.20;0
4;supply_node;2159.00;13.00;1957.00;6.25;0
4;supply_node;2180.00;10.40;1974.00;1.44;0
4;supply_node;2177.00;12.60;1950.00;4.37;0
4;supply_node;2187.00;10.20;1964.00;0.68;0
4;supply_node;2173.00;10.05;1965.00;3.61;0
4;supply_node;2151.00;11.45;1970.00;0.26;0
4;supply_node;2193.00;11.90;1980.00;2.85;0
4;supply_node;2154.00;10.95;1984.00;5.79;0
4;supply_node;2172.00;11.93;1990.00;0.98;0
5;supply_node;2137.00;11.10;1930.00;1.44;0
5;supply_node;2108.00;11.10;1917.00;4.37;0
5;supply_node;2067.00;11.10;1888.00;0.68;0
5;supply_node;2062.00;11.05;1840.00;3.61;0
5;supply_node;2153.00;11.98;1880.00;0.26;0
5;supply_node;2130.00;10.75;1827.00;2.85;0
5;supply_node;2104.00;10.40;1807.00;5.79;0
5;supply_node;2139.00;12.50;1899.00;0.98;0
5;supply_node;2151.00;11.10;1853.00;5.02;0
5;supply_node;2078.00;10.15;1815.00;1.67;0
5;naval_base;2073.00;9.73;1814.00;-0.64;3615
5;coastal_bunker;2074.00;9.50;1810.00;-0.64;0
5;floating_harbor;2034.01;9.50;1886.73;-4.67;863
5;floating_harbor;2035.00;9.50;1805.00;-3.48;996
5;floating_harbor;2139.96;9.50;1805.66;-2.70;1554
5;floating_harbor;2086.85;9.50;1797.65;-4.21;1615
5;floating_harbor;2070.80;9.50;1805.40;-3.79;4628
6;supply_node;2239.00;10.30;1971.00;0.68;0
6;supply_node;2298.00;10.05;1994.00;3.61;0
6;supply_node;2481.00;10.45;2033.00;0.26;0
6;supply_node;2451.00;10.40;1997.00;2.85;0
6;supply_node;2268.00;10.30;2004.00;5.79;0
6;supply_node;2406.00;10.25;2040.00;0.98;0
6;supply_node;2322.00;10.95;2028.00;5.02;0
6;supply_node;2272.00;10.07;1969.00;1.67;0
6;supply_node;2208.00;11.20;1966.00;3.15;0
6;supply_node;2210.00;12.90;1992.00;0.91;0
6;supply_node;2233.00;11.53;2007.00;2.39;0
6;naval_base;2293.00;9.90;1969.00;1.57;4373
6;coastal_bunker;2293.00;9.90;1971.00;1.57;0
6;floating_harbor;2314.66;9.50;1981.88;-2.20;94
6;floating_harbor;2509.00;9.50;1974.00;-2.96;155
6;floating_harbor;2429.06;9.50;1994.07;-4.58;230
6;floating_harbor;2394.00;9.50;2002.00;-3.41;2129
6;floating_harbor;2328.43;9.50;1997.15;-2.94;2324
6;floating_harbor;2301.00;9.50;1969.00;-1.57;4639
7;supply_node;2262.00;10.10;1917.00;0.26;0
7;supply_node;2220.00;12.12;1917.00;2.85;0
7;supply_node;2250.00;10.10;1939.00;5.79;0
7;supply_node;2283.00;9.98;1949.00;0.98;0
7;supply_node;2209.00;10.80;1943.00;5.02;0
7;naval_base;2301.00;9.50;1953.00;-4.35;4373
7;coastal_bunker;2294.00;9.90;1954.00;-4.35;0
7;floating_harbor;2290.99;9.50;1918.32;-1.53;95
7;floating_harbor;2328.00;9.50;1965.00;-1.24;2330
8;supply_node;3559.00;13.18;57.00;5.79;0
8;supply_node;3616.00;12.65;32.00;0.98;0
8;supply_node;3531.00;11.00;102.00;5.02;0
8;supply_node;3520.00;12.78;16.00;1.67;0
8;supply_node;3451.00;13.10;49.00;3.15;0
8;supply_node;3468.00;12.90;13.00;0.91;0
8;supply_node;3574.00;13.55;12.00;2.39;0
8;supply_node;3506.00;11.65;56.00;5.32;0
8;supply_node;3479.00;11.35;96.00;1.63;0
9;supply_node;2195.00;18.25;1877.00;5.02;0
9;supply_node;2168.00;13.45;1841.00;1.67;0
9;supply_node;2204.00;13.12;1833.00;3.15;0
9;supply_node;2171.00;16.15;1903.00;0.91;0
9;supply_node;2195.00;16.83;1853.00;2.39;0
9;supply_node;2171.00;10.20;1827.00;5.32;0
9;supply_node;2155.00;13.57;1941.00;1.63;0
9;supply_node;2178.00;14.75;1936.00;4.56;0
9;supply_node;2159.00;14.60;1920.00;1.21;0
9;supply_node;2173.00;15.82;1872.00;3.80;0
9;supply_node;2224.00;12.55;1837.00;0.45;0
9;supply_node;2210.00;12.55;1886.00;1.93;0
9;supply_node;2189.00;19.73;1895.00;5.97;0
9;supply_node;2204.00;13.50;1900.00;2.63;0
9;supply_node;2187.00;17.48;1917.00;4.10;0
9;floating_harbor;2171.00;9.50;1815.00;-3.14;1768
10;supply_node;2232.00;12.00;1896.00;3.15;0
10;supply_node;2232.00;10.57;1857.00;0.91;0
10;supply_node;2263.00;10.40;1864.00;2.39;0
10;supply_node;2271.00;10.40;1893.00;5.32;0
10;supply_node;2284.00;10.10;1878.00;1.63;0
10;supply_node;2220.00;10.95;1871.00;4.56;0
10;supply_node;2245.00;10.65;1880.00;1.21;0
10;floating_harbor;2294.99;9.50;1865.28;-1.53;958
10;floating_harbor;2295.96;9.50;1895.77;-1.46;1337
10;floating_harbor;2300.97;9.50;1876.30;-1.67;1535
11;supply_node;2104.00;11.45;1854.00;2.39;0
11;supply_node;2094.00;11.25;1836.00;5.32;0
11;supply_node;2113.00;11.20;1838.00;1.63;0
11;supply_node;2129.00;11.70;1862.00;4.56;0
11;supply_node;2114.00;11.70;1875.00;1.21;0
11;supply_node;2097.00;11.90;1879.00;3.80;0
12;supply_node;2249.00;10.75;1806.00;1.63;0
12;supply_node;2323.00;10.10;1822.00;4.56;0
12;supply_node;2296.00;10.70;1822.00;1.21;0
12;supply_node;2248.00;11.40;1839.00;3.80;0
12;supply_node;2273.00;11.45;1839.00;0.45;0
12;supply_node;2301.00;10.48;1807.00;1.93;0
12;supply_node;2285.00;10.53;1851.00;5.97;0
12;supply_node;2314.00;10.32;1837.00;2.63;0
12;supply_node;2261.00;11.43;1816.00;4.10;0
12;supply_node;2280.00;11.40;1810.00;1.86;0
12;supply_node;2321.00;10.00;1804.00;3.34;0
12;supply_node;2299.00;10.45;1836.00;6.28;0
12;floating_harbor;2338.64;9.50;1816.79;-1.89;461
12;floating_harbor;2304.69;9.50;1857.06;-1.27;2337
12;floating_harbor;2312.13;9.50;1851.95;0.12;2338
12;floating_harbor;2333.90;9.50;1806.15;-1.41;2346
12;floating_harbor;2310.95;9.50;1847.95;-0.79;3210
13;supply_node;2338.00;9.95;1858.00;1.21;0
13;supply_node;2326.00;10.00;1843.00;3.80;0
13;supply_node;2340.00;9.90;1842.00;0.45;0
13;naval_base;2342.00;9.50;1833.00;1.57;4517
13;naval_base;2335.00;9.65;1859.00;-3.14;4145
13;coastal_bunker;2346.00;9.95;1840.00;1.57;0
13;coastal_bunker;2336.00;9.50;1854.00;-3.14;0
13;floating_harbor;2338.00;9.50;1867.00;0.00;869
13;floating_harbor;2325.00;9.50;1893.00;0.05;2071
13;floating_harbor;2333.87;9.50;1854.26;0.46;2210
15;supply_node;2272.00;11.70;1824.00;5.97;0
16;supply_node;2185.00;10.35;1804.00;4.10;0
16;supply_node;2207.00;11.25;1814.00;1.86;0
16;supply_node;2233.00;13.15;1817.00;3.34;0
16;supply_node;2214.00;10.75;1799.00;6.28;0
16;floating_harbor;2160.00;9.50;1773.00;-3.72;1553
16;floating_harbor;2160.00;9.50;1773.00;-3.84;2342
16;floating_harbor;2199.18;9.50;1789.12;-4.12;2348
17;supply_node;2298.00;10.30;1540.00;3.34;0
17;supply_node;2315.00;10.30;1534.00;6.28;0
17;supply_node;2332.00;10.05;1535.00;4.03;0
17;supply_node;2337.00;10.38;1548.00;5.51;0
17;supply_node;2322.00;10.62;1546.00;2.16;0
17;supply_node;2283.00;10.00;1544.00;4.75;0
17;supply_node;2290.00;10.00;1528.00;1.40;0
17;floating_harbor;2304.60;9.50;1523.50;-2.76;1546
17;floating_harbor;2315.00;9.50;1520.00;-3.14;1813
17;floating_harbor;2338.95;9.50;1528.05;-2.36;1844
17;floating_harbor;2351.00;9.50;1548.00;-1.57;2100
17;floating_harbor;2275.05;9.50;1536.05;-3.93;2444
17;floating_harbor;2284.05;9.50;1522.05;-3.93;2450
18;supply_node;2272.00;10.45;1797.00;4.03;0
18;supply_node;2293.00;10.50;1797.00;5.51;0
18;supply_node;2283.00;10.80;1797.00;2.16;0
19;supply_node;2256.00;10.50;1787.00;2.16;0
19;supply_node;2302.00;10.10;1788.00;4.75;0
19;supply_node;2328.00;9.93;1788.00;1.40;0
19;supply_node;2229.00;10.50;1784.00;4.34;0
19;supply_node;2244.00;10.85;1785.00;0.63;0
19;supply_node;2214.00;10.00;1784.00;3.58;0
19;supply_node;2267.00;10.35;1787.00;5.05;0
19;supply_node;2279.00;10.50;1787.00;2.81;0
19;supply_node;2290.00;10.50;1789.00;5.75;0
19;supply_node;2316.00;9.95;1788.00;0.94;0
19;supply_node;2341.00;9.90;1789.00;4.98;0
19;floating_harbor;2202.50;9.50;1788.60;1.19;4616
19;floating_harbor;2351.47;9.50;1797.37;-0.90;4621
20;supply_node;2342.00;10.00;1772.00;1.40;0
20;supply_node;2326.00;10.00;1763.00;4.34;0
20;supply_node;2294.00;10.90;1748.00;0.63;0
20;supply_node;2335.00;10.25;1743.00;3.58;0
20;supply_node;2324.00;9.93;1779.00;5.05;0
20;supply_node;2309.00;10.60;1751.00;2.81;0
20;supply_node;2280.00;10.68;1772.00;5.75;0
20;supply_node;2296.00;11.57;1727.00;0.94;0
20;supply_node;2313.00;12.23;1724.00;4.98;0
20;supply_node;2308.00;10.25;1774.00;0.18;0
20;supply_node;2294.00;11.00;1768.00;3.12;0
20;supply_node;2320.00;11.00;1739.00;0.87;0
20;supply_node;2278.00;10.30;1739.00;2.35;0
20;floating_harbor;2354.95;9.50;1784.95;-0.79;167
21;supply_node;2113.00;10.10;1751.00;0.63;0
21;supply_node;2127.00;10.03;1762.00;3.58;0
21;supply_node;2136.00;10.10;1753.00;5.05;0
21;floating_harbor;2080.00;9.50;1742.00;-4.44;1348
21;floating_harbor;2133.60;9.50;1773.00;-0.54;1797
21;floating_harbor;2147.00;9.50;1753.00;-1.57;2356
23;floating_harbor;3492.07;9.50;1720.99;1.43;446
23;floating_harbor;3481.16;9.50;1643.68;-2.06;563
23;floating_harbor;3464.05;9.50;1623.05;-3.93;752
23;floating_harbor;3391.74;9.50;1675.13;1.11;859
23;floating_harbor;3395.00;9.50;1554.00;-3.37;975
23;floating_harbor;3484.37;9.50;1637.03;-3.23;1054
23;floating_harbor;3455.73;9.50;1695.55;0.66;1551
23;floating_harbor;3547.73;9.50;1703.92;-1.29;1630
23;floating_harbor;3446.84;9.50;1694.75;-0.27;1912
23;floating_harbor;3389.00;9.50;1613.00;1.57;2013
23;floating_harbor;3510.00;9.50;1631.00;-3.14;2054
23;floating_harbor;3490.12;9.50;1715.82;0.59;2073
23;floating_harbor;3382.36;9.50;1631.79;-4.39;2132
23;floating_harbor;3432.13;9.50;1602.74;-2.68;2149
23;floating_harbor;3377.10;9.50;1655.15;1.41;2260
23;floating_harbor;3542.82;9.50;1718.88;-0.98;2369
23;floating_harbor;3465.53;9.50;1704.37;0.90;2378
23;floating_harbor;3421.00;9.50;1697.00;0.00;2382
23;floating_harbor;3553.86;9.50;1689.37;-1.37;2384
23;floating_harbor;3552.50;9.50;1663.40;-1.95;2393
23;floating_harbor;3539.95;9.50;1653.87;-1.45;2398
23;floating_harbor;3465.34;9.50;1631.04;-2.01;2401
23;floating_harbor;3446.76;9.50;1611.57;-2.74;2409
23;floating_harbor;3511.00;9.50;1612.00;-1.45;2411
23;floating_harbor;3519.00;9.50;1755.00;0.00;3212
23;floating_harbor;3514.00;9.50;1619.00;-1.57;3214
24;supply_node;2225.00;10.40;1792.00;4.98;0
24;supply_node;2241.00;11.40;1794.00;0.18;0
24;supply_node;2258.00;10.53;1796.00;3.12;0
24;naval_base;2216.00;9.95;1789.00;-1.57;4067
24;coastal_bunker;2216.00;9.95;1789.00;-1.57;0
24;dockyard;2217.00;9.80;1793.00;-1.57;0
24;floating_harbor;2209.00;9.50;1792.00;1.57;4622
25;supply_node;2317.00;10.00;1796.00;3.12;0
25;supply_node;2306.00;10.20;1796.00;0.87;0
25;supply_node;2330.00;9.90;1796.00;2.35;0
25;floating_harbor;2341.00;9.50;1802.60;-1.03;4627
26;supply_node;4644.00;10.48;1562.00;2.35;0
26;supply_node;4674.00;10.07;1601.00;5.28;0
26;supply_node;4667.00;10.60;1570.00;1.59;0
26;floating_harbor;4639.16;9.50;1579.75;0.27;83
26;floating_harbor;4659.05;9.50;1602.87;1.45;1482
26;floating_harbor;4681.26;9.50;1562.87;-2.03;2433
27;floating_harbor;3632.00;9.50;1634.00;0.31;556
27;floating_harbor;3604.36;9.50;1562.21;1.25;1874
27;floating_harbor;3651.70;9.50;1561.99;-1.86;2435
27;floating_harbor;3656.95;9.50;1563.95;-0.79;3219
28;supply_node;2712.00;10.38;53.00;6.00;0
28;supply_node;2569.00;10.40;24.00;3.76;0
28;supply_node;2622.00;11.55;44.00;0.41;0
28;supply_node;2620.00;12.03;77.00;1.89;0
28;supply_node;2658.00;11.70;50.00;5.93;0
28;supply_node;2592.00;12.00;99.00;1.13;0
28;supply_node;2616.00;11.43;13.00;4.07;0
28;supply_node;2640.00;11.60;90.00;0.72;0
28;supply_node;2563.00;10.38;70.00;3.30;0
28;supply_node;2578.00;11.03;7.00;6.24;0
28;supply_node;2595.00;11.15;76.00;1.43;0
28;supply_node;2654.00;12.23;12.00;5.47;0
28;supply_node;2606.00;11.12;113.00;2.12;0
28;supply_node;2572.00;10.93;89.00;3.61;0
28;supply_node;2586.00;11.07;59.00;1.36;0
28;supply_node;2569.00;10.30;46.00;2.84;0
28;supply_node;2590.00;11.20;34.00;5.77;0
28;supply_node;2688.00;12.80;23.00;3.54;0
28;floating_harbor;2555.07;9.50;22.01;-4.57;387
28;floating_harbor;2554.29;9.50;56.06;-3.70;1580
28;floating_harbor;2550.07;9.50;3.01;-4.57;1865
28;floating_harbor;2557.14;9.50;48.37;1.37;3204
29;floating_harbor;3490.00;9.50;1545.00;-3.70;3216
29;floating_harbor;3519.00;9.50;1559.00;-1.57;3218
30;floating_harbor;3426.00;9.50;1581.00;0.00;3217
31;supply_node;2080.00;10.53;1289.00;4.07;0
31;supply_node;2047.00;10.30;1288.00;0.72;0
31;supply_node;2025.00;10.00;1275.00;3.30;0
31;supply_node;2069.00;10.45;1305.00;6.24;0
31;supply_node;2060.00;10.35;1293.00;1.43;0
31;supply_node;2033.00;10.20;1286.00;5.47;0
31;supply_node;2067.00;10.25;1278.00;2.12;0
31;floating_harbor;2048.99;9.50;1274.07;-3.00;1619
31;floating_harbor;2029.13;9.50;1266.74;-2.68;1893
31;floating_harbor;2060.05;9.50;1313.95;0.79;1921
31;floating_harbor;2048.70;9.50;1307.53;0.66;2588
31;floating_harbor;2030.30;9.50;1296.79;0.24;2591
31;floating_harbor;2051.04;9.50;1276.23;-4.60;2601
33;floating_harbor;3461.00;9.50;1552.00;-1.57;3220
35;supply_node;4045.00;9.90;1523.00;1.36;0
35;floating_harbor;4053.00;9.50;1523.00;-1.57;3222
41;supply_node;2441.00;10.05;1500.00;2.31;0
41;floating_harbor;2435.05;9.50;1505.95;0.79;2457
42;supply_node;2305.00;10.07;1498.00;0.45;0
42;supply_node;2317.00;9.50;1495.00;4.49;0
42;supply_node;2293.00;10.00;1493.00;5.96;0
42;floating_harbor;2279.00;9.50;1499.00;1.53;3226
42;floating_harbor;2317.00;9.50;1503.00;0.00;3229
42;floating_harbor;2279.00;9.50;1499.00;1.17;3230
44;supply_node;2362.00;10.00;1495.00;5.20;0
44;floating_harbor;2362.00;9.50;1503.00;0.00;3228
45;supply_node;2338.00;10.70;1594.00;4.79;0
45;supply_node;2343.00;10.25;1566.00;1.09;0
45;supply_node;2330.00;10.90;1564.00;4.03;0
45;supply_node;2331.00;11.00;1581.00;5.50;0
45;supply_node;2346.00;10.32;1580.00;3.26;0
45;floating_harbor;2353.26;9.50;1560.87;-2.03;1160
45;floating_harbor;2357.50;9.50;1575.40;-1.95;2424
56;supply_node;2164.00;10.15;1439.00;2.27;0
56;supply_node;2154.00;10.10;1422.00;3.75;0
56;supply_node;2188.00;10.43;1412.00;0.41;0
56;supply_node;2171.00;10.05;1423.00;4.45;0
56;supply_node;2139.00;10.00;1417.00;5.93;0
56;supply_node;2184.00;10.62;1429.00;2.58;0
56;supply_node;2183.00;10.10;1398.00;5.16;0
56;floating_harbor;2148.04;9.50;1437.23;-4.60;12
56;floating_harbor;2154.00;9.50;1409.00;-3.14;1103
56;floating_harbor;2171.03;9.50;1413.70;1.47;1171
56;floating_harbor;2171.00;9.50;1412.00;-3.14;1352
56;floating_harbor;2134.40;9.50;1405.50;-3.52;1516
56;floating_harbor;2171.50;9.50;1402.60;1.19;2511
57;supply_node;2416.00;10.32;1423.00;0.41;0
57;supply_node;2411.00;10.35;1447.00;4.45;0
57;supply_node;2397.00;10.68;1420.00;5.93;0
57;supply_node;2363.00;10.35;1434.00;2.58;0
57;supply_node;2383.00;10.07;1397.00;5.16;0
57;supply_node;2382.00;10.62;1437.00;1.82;0
57;supply_node;2400.00;10.03;1384.00;3.29;0
57;supply_node;2391.00;9.98;1375.00;1.05;0
57;supply_node;2358.00;10.50;1382.00;3.99;0
57;supply_node;2361.00;11.62;1420.00;5.47;0
57;supply_node;2413.00;9.98;1374.00;2.12;0
57;supply_node;2354.00;11.00;1402.00;4.71;0
57;supply_node;2373.00;10.25;1362.00;1.36;0
57;supply_node;2409.00;10.15;1412.00;4.29;0
57;supply_node;2396.00;10.10;1438.00;0.59;0
57;supply_node;2347.00;10.25;1422.00;3.53;0
57;supply_node;2377.00;11.53;1421.00;5.01;0
57;supply_node;2371.00;10.62;1406.00;2.76;0
57;supply_node;2393.00;10.20;1407.00;5.70;0
57;supply_node;2418.00;10.10;1385.00;0.90;0
57;supply_node;2373.00;10.03;1384.00;4.94;0
57;floating_harbor;2423.95;9.50;1430.95;-0.79;660
57;floating_harbor;2421.26;9.50;1452.13;-1.11;1186
57;floating_harbor;2407.53;9.50;1438.05;-0.53;1341
57;floating_harbor;2357.87;9.50;1444.26;0.46;1444
57;floating_harbor;2393.26;9.50;1391.87;-2.03;1474
57;floating_harbor;2382.00;9.50;1453.00;0.00;1683
57;floating_harbor;2395.40;9.50;1395.50;0.38;1700
57;floating_harbor;2396.88;9.50;1366.18;-2.55;1787
57;floating_harbor;2417.13;9.50;1365.74;-2.68;1973
57;floating_harbor;2387.95;9.50;1360.13;-1.70;2215
57;floating_harbor;2419.79;9.50;1409.30;-1.82;2295
57;floating_harbor;2407.50;9.50;1433.40;-1.95;2494
57;floating_harbor;2444.00;9.50;1425.00;-1.59;2501
57;floating_harbor;2404.82;9.50;1399.12;-2.16;2507
57;floating_harbor;2429.50;9.50;1389.60;-1.19;2515
57;floating_harbor;2384.00;9.50;1390.60;-1.03;2521
61;supply_node;2651.00;10.05;1459.00;3.99;0
61;supply_node;2665.00;9.95;1472.00;5.47;0
61;floating_harbor;2645.00;9.50;1438.00;-3.33;2479
61;floating_harbor;2665.00;9.50;1481.00;0.00;3239
72;supply_node;3821.00;10.00;1439.00;0.37;0
72;floating_harbor;3829.00;9.50;1439.00;-1.57;3250
74;supply_node;3175.00;9.50;1431.00;4.02;0
74;floating_harbor;3211.00;9.50;1432.00;-1.52;3251
75;supply_node;1878.00;10.00;1432.00;3.25;0
75;floating_harbor;1919.00;9.50;1412.00;-2.02;3252
85;supply_node;2135.00;12.82;1281.00;1.50;0
85;supply_node;2139.00;13.07;1257.00;4.44;0
85;supply_node;2160.00;11.53;1221.00;5.92;0
85;supply_node;2152.00;12.78;1263.00;3.68;0
85;supply_node;2187.00;12.28;1247.00;0.33;0
85;supply_node;2169.00;13.18;1262.00;1.81;0
85;supply_node;2118.00;12.28;1269.00;5.85;0
85;supply_node;2131.00;11.05;1239.00;1.04;0
85;supply_node;2168.00;11.95;1239.00;3.98;0
85;supply_node;2179.00;13.05;1228.00;1.74;0
85;supply_node;2131.00;11.30;1223.00;3.22;0
85;supply_node;2117.00;11.53;1288.00;6.15;0
85;supply_node;2147.00;11.50;1230.00;2.46;0
85;supply_node;2185.00;12.73;1265.00;5.39;0
85;supply_node;2124.00;11.18;1254.00;0.58;0
85;supply_node;2152.00;11.60;1245.00;4.62;0
98;supply_node;2140.00;10.90;1344.00;2.99;0
98;supply_node;2112.00;10.90;1324.00;4.47;0
98;supply_node;2154.00;11.20;1337.00;2.23;0
98;supply_node;2169.00;12.65;1292.00;3.71;0
98;supply_node;2091.00;10.60;1332.00;0.36;0
98;supply_node;2121.00;10.40;1360.00;4.40;0
98;supply_node;2139.00;10.30;1362.00;5.88;0
98;supply_node;2128.00;11.10;1330.00;2.53;0
98;supply_node;2143.00;13.32;1319.00;5.12;0
98;supply_node;2085.00;10.20;1362.00;1.77;0
98;supply_node;2107.00;10.95;1345.00;4.71;0
98;supply_node;2082.00;10.38;1314.00;1.01;0
98;supply_node;2114.00;10.90;1303.00;3.95;0
98;supply_node;2129.00;12.90;1310.00;5.42;0
98;supply_node;2162.00;11.55;1315.00;3.18;0
98;supply_node;2148.00;12.28;1296.00;6.11;0
98;supply_node;2098.00;10.30;1365.00;1.31;0
98;supply_node;2094.00;10.30;1350.00;5.35;0
98;supply_node;2079.00;9.98;1340.00;0.55;0
98;supply_node;2123.00;11.00;1342.00;3.48;0
98;supply_node;2099.00;10.45;1312.00;6.07;0
98;supply_node;2159.00;13.20;1280.00;2.72;0
98;floating_harbor;2072.21;9.50;1327.30;-4.47;392
98;floating_harbor;2117.30;9.50;1374.79;0.24;415
98;floating_harbor;2137.13;9.50;1376.95;0.12;527
98;floating_harbor;2075.36;9.50;1365.21;1.25;867
98;floating_harbor;2066.80;9.50;1327.68;0.84;1147
98;floating_harbor;2100.70;9.50;1375.79;-0.24;2533
98;floating_harbor;2079.74;9.50;1357.13;1.11;2548
98;floating_harbor;2069.05;9.50;1330.05;-3.93;2550
99;supply_node;2060.00;10.20;1015.00;2.23;0
99;supply_node;2100.00;10.38;1021.00;3.71;0
99;supply_node;2090.00;10.55;1104.00;0.36;0
99;supply_node;2031.00;10.10;1089.00;4.40;0
99;floating_harbor;2013.10;9.50;1072.15;1.41;637
99;floating_harbor;2051.80;9.50;1053.60;0.64;853
99;floating_harbor;2045.00;9.98;1138.00;1.06;1455
99;floating_harbor;2044.54;9.50;1112.55;0.36;1636
99;floating_harbor;2096.60;9.50;996.00;-2.60;1663
99;floating_harbor;2049.74;9.50;1009.87;-4.25;1745
99;floating_harbor;2035.21;9.50;1031.70;1.33;1778
99;floating_harbor;2001.00;9.50;1069.00;1.42;1824
99;floating_harbor;2101.58;9.50;1002.02;-3.06;1862
99;floating_harbor;2044.13;9.50;1041.74;-2.68;2017
99;floating_harbor;2057.63;9.50;1052.14;-3.34;2118
99;floating_harbor;2084.99;9.50;1120.70;0.29;2213
99;floating_harbor;2078.99;9.50;990.07;-3.00;2265
99;floating_harbor;2018.36;9.50;1093.21;1.25;2289
99;floating_harbor;2058.30;9.50;1130.79;0.24;2755
99;floating_harbor;2018.18;9.50;1047.12;-4.12;2833
105;supply_node;2048.00;10.00;1328.00;3.18;0
105;floating_harbor;2037.00;9.50;1325.00;-4.39;3274
107;radar_station;2198.00;10.90;1364.00;0.55;0
107;floating_harbor;2152.05;9.50;1384.95;0.79;1733
107;floating_harbor;2167.80;9.50;1392.60;0.64;2520
110;supply_node;2351.00;11.10;1604.00;4.89;0
110;supply_node;2362.00;10.53;1590.00;0.09;0
110;supply_node;2373.00;10.25;1607.00;4.13;0
110;supply_node;2359.00;10.20;1642.00;0.79;0
110;supply_node;2338.00;10.30;1651.00;2.26;0
110;supply_node;2360.00;10.32;1621.00;0.02;0
110;supply_node;2392.00;10.10;1578.00;1.50;0
110;supply_node;2344.00;10.43;1637.00;4.44;0
110;supply_node;2339.00;10.60;1621.00;2.19;0
110;supply_node;2378.00;10.15;1590.00;3.67;0
110;supply_node;2380.00;10.05;1579.00;0.32;0
110;supply_node;2405.00;10.00;1574.00;2.91;0
110;floating_harbor;2358.30;9.50;1575.21;-3.39;1009
110;floating_harbor;2383.79;9.50;1609.70;-1.33;1155
110;floating_harbor;2371.90;9.50;1644.15;-1.41;1593
110;floating_harbor;2372.70;9.50;1630.07;-0.95;2045
110;floating_harbor;2394.37;9.50;1566.14;-2.94;2259
110;floating_harbor;2385.88;9.50;1601.82;-0.59;2421
110;floating_harbor;2431.00;9.50;1549.00;-2.06;2427
110;floating_harbor;2413.00;9.50;1574.00;-1.57;2428
114;arms_factory;2161.00;10.32;1605.00;0.48;0
114;arms_factory;2161.00;9.73;1609.00;3.15;0
114;arms_factory;2147.00;10.35;1617.00;6.16;0
114;arms_factory;2148.00;10.85;1596.00;1.09;0
114;arms_factory;2146.00;10.75;1599.00;5.22;0
114;arms_factory;2150.00;10.60;1600.00;0.49;0
114;industrial_complex;2115.00;9.95;1614.00;4.61;0
114;industrial_complex;2146.00;10.55;1607.00;5.82;0
114;industrial_complex;2151.00;10.07;1610.00;3.66;0
114;industrial_complex;2104.00;10.48;1599.00;5.22;0
114;industrial_complex;2109.00;10.35;1601.00;1.60;0
114;industrial_complex;2114.00;10.10;1604.00;5.72;0
114;supply_node;2152.00;10.55;1601.00;3.14;0
114;supply_node;2144.00;10.90;1626.00;4.62;0
114;supply_node;2125.00;10.03;1631.00;1.28;0
114;supply_node;2129.00;10.60;1601.00;3.86;0
114;supply_node;2112.00;10.03;1623.00;0.51;0
114;supply_node;2126.00;10.20;1615.00;3.44;0
114;supply_node;2108.00;10.35;1604.00;6.03;0
114;supply_node;2142.00;11.15;1611.00;2.68;0
114;bunker;2122.00;10.00;1621.00;0.55;0
114;bunker;2167.00;10.00;1608.00;4.68;0
114;bunker;2110.00;10.30;1610.00;5.89;0
114;bunker;2144.00;10.78;1613.00;2.62;0
114;fuel_silo;2170.00;10.10;1606.00;5.28;0
114;nuclear_reactor;2169.00;10.00;1608.00;1.67;0
115;floating_harbor;2045.00;9.98;1138.00;1.17;900
115;floating_harbor;2081.40;9.50;1145.20;0.93;2732
116;floating_harbor;2374.93;9.50;1167.01;-1.71;1038
116;floating_harbor;2432.00;9.50;1202.00;-1.83;1225
116;floating_harbor;2392.47;9.50;1187.63;-2.25;1696
116;floating_harbor;2376.64;9.50;1176.79;-1.89;1818
116;floating_harbor;2373.63;9.50;1220.86;0.20;2653
116;floating_harbor;2394.95;9.50;1212.95;-0.79;2659
116;floating_harbor;2376.95;9.50;1179.05;-2.36;2676
118;supply_node;2427.00;10.20;1171.00;3.21;0
118;supply_node;2422.00;10.00;1163.00;0.97;0
118;supply_node;2421.00;10.10;1180.00;3.91;0
118;supply_node;2437.00;10.00;1168.00;5.38;0
118;naval_base;2432.00;10.03;1166.00;-4.47;3998
118;floating_harbor;2437.79;9.50;1173.70;-1.33;1148
118;floating_harbor;2411.21;9.50;1165.70;1.33;1289
118;floating_harbor;2416.87;9.50;1188.26;0.46;2677
118;floating_harbor;2432.00;9.50;1202.00;0.15;3283
119;supply_node;2301.00;11.03;1650.00;3.91;0
119;supply_node;2267.00;12.20;1635.00;5.38;0
119;supply_node;2279.00;10.75;1658.00;3.14;0
119;supply_node;2284.00;11.50;1639.00;4.62;0
119;supply_node;2319.00;10.75;1646.00;1.28;0
121;supply_node;2054.00;10.25;1578.00;1.28;0
121;supply_node;2070.00;10.40;1567.00;3.86;0
121;supply_node;2116.00;10.35;1586.00;0.51;0
121;supply_node;2113.00;10.95;1569.00;3.44;0
121;supply_node;2083.00;9.90;1540.00;6.03;0
121;supply_node;2095.00;10.90;1579.00;2.68;0
121;supply_node;2059.00;10.00;1554.00;4.16;0
121;supply_node;2072.00;10.70;1583.00;1.92;0
121;supply_node;2087.00;10.60;1563.00;4.86;0
121;supply_node;2101.00;10.53;1559.00;0.05;0
121;supply_node;2073.00;10.07;1551.00;2.98;0
121;supply_node;2103.00;10.05;1545.00;5.57;0
121;fuel_silo;2063.00;10.00;1551.00;1.67;0
121;floating_harbor;2042.18;9.50;1570.12;-4.12;202
121;floating_harbor;2083.00;9.50;1528.00;-3.14;1557
121;floating_harbor;2054.87;9.50;1545.74;-3.61;1933
121;floating_harbor;2065.10;9.50;1533.63;-3.57;2441
121;floating_harbor;2105.15;9.50;1532.10;-2.98;2442
122;supply_node;2098.00;10.60;1687.00;0.51;0
122;supply_node;2091.00;10.15;1711.00;3.44;0
122;supply_node;2104.00;10.30;1703.00;6.03;0
122;supply_node;2078.00;10.30;1723.00;2.68;0
122;supply_node;2080.00;10.03;1683.00;4.16;0
122;supply_node;2084.00;10.07;1669.00;1.92;0
122;supply_node;2099.00;10.70;1669.00;4.86;0
122;supply_node;2072.00;10.00;1662.00;0.05;0
122;floating_harbor;2079.62;9.50;1701.52;-4.02;920
122;floating_harbor;2111.47;9.50;1716.08;-0.52;987
122;floating_harbor;2069.74;9.50;1727.13;1.11;1313
122;floating_harbor;2071.18;9.50;1688.88;0.98;2058
122;floating_harbor;2071.10;9.50;1671.15;1.41;2301
122;floating_harbor;2063.74;9.50;1666.13;1.11;2394
123;supply_node;2047.00;10.00;1139.00;6.03;0
123;supply_node;2033.00;10.00;1146.00;2.68;0
123;supply_node;2044.00;9.95;1152.00;4.16;0
123;supply_node;2056.00;9.95;1146.00;1.92;0
123;floating_harbor;2055.00;9.50;1139.00;-1.57;1762
123;floating_harbor;2045.00;9.98;1138.00;-2.16;1899
123;floating_harbor;2045.00;9.98;1138.00;-3.07;3284
123;floating_harbor;2061.95;9.50;1151.95;-0.79;3285
124;arms_factory;2316.00;10.75;1614.00;2.71;0
124;arms_factory;2319.00;10.90;1614.00;0.55;0
124;arms_factory;2308.00;11.12;1621.00;4.68;0
124;arms_factory;2307.00;11.40;1625.00;5.89;0
124;arms_factory;2328.00;11.10;1621.00;2.62;0
124;arms_factory;2316.00;11.60;1632.00;5.28;0
124;supply_node;2327.00;11.10;1630.00;2.22;0
124;supply_node;2318.00;10.80;1614.00;5.16;0
124;supply_node;2297.00;11.80;1616.00;1.46;0
124;supply_node;2314.00;11.45;1628.00;4.40;0
124;supply_node;2299.00;11.25;1633.00;5.87;0
124;anti_air_building;2320.00;11.25;1627.00;2.78;0
124;anti_air_building;2330.00;11.00;1630.00;4.34;0
124;anti_air_building;2309.00;10.70;1613.00;2.17;0
125;floating_harbor;2410.00;9.50;1060.00;-0.21;1661
125;floating_harbor;2416.08;9.50;1009.53;-2.09;1841
125;floating_harbor;2421.95;9.50;1036.95;-0.79;2856
125;floating_harbor;2410.00;9.50;1060.00;-0.65;2858
125;floating_harbor;2384.95;9.50;990.05;-2.36;2905
125;floating_harbor;2358.13;9.50;1036.26;-0.46;4670
125;floating_harbor;2366.85;9.50;1037.90;0.17;4671
125;floating_harbor;2342.47;9.50;1042.08;-0.52;4674
125;floating_harbor;2380.63;9.50;1044.86;0.20;4675
126;supply_node;2490.00;10.00;1103.00;2.98;0
126;floating_harbor;2490.00;9.50;1111.00;0.00;3287
127;floating_harbor;2471.95;9.50;1108.95;-0.79;3288
128;supply_node;2398.00;10.07;1097.00;1.46;0
128;supply_node;2410.00;10.00;1111.00;4.40;0
128;floating_harbor;2406.00;9.50;1097.00;-1.57;2784
128;floating_harbor;2410.00;9.50;1060.00;-3.12;3286
129;supply_node;2224.00;11.30;1614.00;5.87;0
129;supply_node;2186.00;10.50;1619.00;3.63;0
129;supply_node;2226.00;11.25;1598.00;0.28;0
129;supply_node;2206.00;10.60;1619.00;1.77;0
129;supply_node;2212.00;10.80;1581.00;5.81;0
129;supply_node;2187.00;10.45;1600.00;1.00;0
129;supply_node;2174.00;10.35;1590.00;3.93;0
129;supply_node;2205.00;10.57;1599.00;1.70;0
130;floating_harbor;2389.50;9.50;1101.40;-1.95;92
130;floating_harbor;2348.00;9.50;1088.00;-3.14;880
130;floating_harbor;2396.21;9.50;1107.36;-2.82;1784
130;floating_harbor;2379.60;9.50;1083.80;-2.21;2043
130;floating_harbor;2358.60;9.50;1143.00;-0.54;2131
130;floating_harbor;2320.12;9.50;1091.18;-3.73;2232
130;floating_harbor;2394.00;9.50;1146.00;0.72;2258
130;floating_harbor;2371.00;9.50;1143.00;0.00;2736
130;floating_harbor;2345.95;9.50;1144.95;-0.79;2740
130;floating_harbor;2386.07;9.50;1136.70;-0.62;2752
130;floating_harbor;2365.70;9.50;1134.79;-0.24;2762
130;floating_harbor;2317.00;9.50;1088.00;-1.57;3289
131;supply_node;2485.00;10.07;1079.00;5.81;0
131;floating_harbor;2485.00;9.50;1087.00;0.00;1937
132;supply_node;2345.00;10.10;1080.00;3.93;0
132;floating_harbor;2306.00;9.50;1070.00;-4.46;3291
134;floating_harbor;2475.00;9.50;1076.00;-1.57;3292
135;floating_harbor;2410.00;9.50;1060.00;-4.50;908
135;floating_harbor;2429.00;9.50;1046.00;-3.14;2307
138;supply_node;3187.00;9.50;1047.00;4.89;0
138;floating_harbor;3152.00;9.50;1028.00;-4.23;3295
139;floating_harbor;2324.76;9.50;1042.43;-0.40;767
139;floating_harbor;2245.77;9.50;1060.96;-0.11;817
139;floating_harbor;2286.92;9.50;1056.73;-0.28;1080
139;floating_harbor;2263.70;9.50;1057.79;-0.24;1486
140;floating_harbor;2476.00;9.50;1030.00;-1.57;2248
140;floating_harbor;2503.00;9.50;1018.00;-2.89;3296
141;floating_harbor;2093.00;9.50;970.00;-3.73;1237
141;floating_harbor;2114.53;9.50;978.63;-4.04;1345
143;supply_node;2028.00;10.32;976.00;1.42;0
143;supply_node;2010.00;10.10;985.00;4.36;0
143;supply_node;2015.00;10.10;972.00;5.84;0
143;supply_node;2007.00;9.73;998.00;3.59;0
143;floating_harbor;2038.00;9.68;976.00;-1.57;166
143;floating_harbor;2006.79;9.50;994.64;0.32;2922
143;floating_harbor;2006.18;9.50;966.12;-4.12;2939
143;floating_harbor;2012.95;9.50;1003.95;-0.79;3298
144;floating_harbor;2551.08;9.50;984.47;-1.05;2123
145;supply_node;2680.00;10.00;986.00;5.07;0
145;floating_harbor;2678.00;9.50;978.00;-3.39;3299
148;supply_node;2992.00;10.07;962.00;3.14;0
148;floating_harbor;2997.95;9.50;967.95;-0.79;3302
150;floating_harbor;2304.05;9.50;1103.05;-3.93;851
150;floating_harbor;2347.86;9.50;1148.63;-1.77;1087
150;floating_harbor;2291.88;9.50;1093.18;-2.55;1179
150;floating_harbor;2309.64;9.50;1108.79;-1.89;2769
152;supply_node;3070.00;10.05;918.00;0.43;0
152;supply_node;3056.00;9.50;937.00;1.91;0
152;supply_node;3068.00;10.10;906.00;4.85;0
152;floating_harbor;3060.40;9.50;925.20;0.93;505
152;floating_harbor;3056.00;9.50;945.00;0.00;2952
152;floating_harbor;3074.95;9.50;899.05;-2.36;2972
155;supply_node;2865.00;10.10;811.00;3.32;0
155;supply_node;2849.00;10.10;786.00;6.26;0
155;supply_node;2868.00;10.43;840.00;1.45;0
155;floating_harbor;2878.27;9.50;822.61;-0.85;391
155;floating_harbor;2821.00;9.50;790.00;1.27;1077
155;floating_harbor;2860.00;9.50;862.00;0.44;2184
157;supply_node;3702.00;9.95;840.00;2.15;0
157;floating_harbor;3729.00;9.50;802.00;-2.49;3308
162;supply_node;2919.00;10.48;739.00;3.86;0
162;supply_node;2930.00;10.20;770.00;5.34;0
162;supply_node;2907.00;10.10;799.00;3.10;0
162;supply_node;2929.00;10.00;807.00;4.57;0
162;supply_node;2906.00;10.10;771.00;1.23;0
162;supply_node;2899.00;10.00;730.00;5.27;0
162;floating_harbor;2944.85;9.50;744.44;-1.36;895
162;floating_harbor;2957.00;9.50;777.00;-1.23;1275
162;floating_harbor;2931.00;9.50;835.00;-0.82;1501
162;floating_harbor;2944.40;9.50;800.16;-1.99;1981
162;floating_harbor;2892.27;9.50;767.08;-4.43;3032
162;floating_harbor;2889.00;9.50;730.00;1.57;3041
164;supply_node;3656.00;10.40;708.00;1.23;0
164;supply_node;3678.00;10.53;652.00;5.27;0
164;supply_node;3678.00;10.30;605.00;0.46;0
164;supply_node;3631.00;12.12;753.00;3.40;0
164;supply_node;3615.00;10.35;653.00;5.99;0
164;supply_node;3651.00;10.48;798.00;2.64;0
164;supply_node;3588.00;10.10;703.00;5.57;0
164;supply_node;3660.00;10.80;760.00;1.87;0
164;supply_node;3612.00;11.05;720.00;4.81;0
164;supply_node;3622.00;10.00;811.00;0.01;0
164;supply_node;3563.00;10.62;776.00;4.05;0
164;supply_node;3649.00;10.62;617.00;5.52;0
164;supply_node;3625.00;10.57;685.00;2.18;0
164;supply_node;3591.00;10.10;803.00;6.22;0
164;supply_node;3593.00;11.00;756.00;1.41;0
164;supply_node;3615.00;10.65;785.00;4.35;0
164;supply_node;3571.00;10.38;744.00;0.65;0
164;supply_node;3650.00;10.90;658.00;3.59;0
164;supply_node;3623.00;10.32;619.00;0.24;0
164;supply_node;3661.00;10.10;590.00;2.82;0
164;floating_harbor;3678.00;9.50;708.00;-1.57;217
164;floating_harbor;3697.89;9.50;639.21;-2.14;348
164;floating_harbor;3688.76;9.50;588.09;-2.57;485
164;floating_harbor;3597.11;9.50;656.25;1.39;696
164;floating_harbor;3669.64;9.50;804.21;-1.25;706
164;floating_harbor;3576.62;9.50;693.52;-4.02;734
164;floating_harbor;3677.58;9.50;766.39;-1.22;793
164;floating_harbor;3622.00;9.50;829.00;0.00;1349
164;floating_harbor;3547.17;9.50;779.52;1.35;1528
164;floating_harbor;3630.99;9.50;591.27;-3.75;1728
164;floating_harbor;3588.18;9.50;676.41;-4.48;2002
164;floating_harbor;3578.30;9.50;812.07;0.95;2085
164;floating_harbor;3555.04;9.50;742.23;-4.60;3039
164;floating_harbor;3609.07;9.50;617.01;-4.57;3074
164;floating_harbor;3658.85;9.50;577.10;-3.31;3084
166;supply_node;2985.00;9.90;768.00;5.99;0
166;supply_node;2990.00;10.00;801.00;2.64;0
166;floating_harbor;2969.04;9.50;769.77;1.46;1605
166;floating_harbor;2973.50;9.50;794.40;-4.33;1642
167;floating_harbor;2838.00;9.50;816.00;-1.57;3315
175;supply_node;3167.00;10.10;758.00;5.00;0
175;supply_node;3193.00;10.03;747.00;1.65;0
175;floating_harbor;3170.06;9.50;777.92;-0.15;74
175;floating_harbor;3168.00;9.50;709.00;-3.96;1940
176;supply_node;3793.00;9.95;760.00;3.13;0
176;floating_harbor;3790.00;9.50;754.00;-3.42;3322
177;supply_node;4001.00;10.70;654.00;2.36;0
177;supply_node;4020.00;10.62;739.00;5.30;0
177;supply_node;4007.00;10.40;707.00;3.06;0
177;supply_node;3988.00;10.45;737.00;4.54;0
177;supply_node;4035.00;10.10;688.00;1.19;0
177;floating_harbor;3996.96;9.50;627.08;-3.29;297
177;floating_harbor;4042.00;9.50;739.00;-1.57;318
177;floating_harbor;3988.95;9.50;696.47;-4.18;798
177;floating_harbor;3975.30;9.50;746.07;0.95;3038
177;floating_harbor;4073.00;9.50;662.00;-2.24;3050
178;supply_node;4091.00;9.50;756.00;3.06;0
178;floating_harbor;4091.00;9.50;764.00;0.00;3323
179;supply_node;2447.00;9.50;755.00;1.19;0
179;floating_harbor;2491.00;9.50;740.00;-1.90;3324
182;supply_node;3178.00;9.90;726.00;4.08;0
182;floating_harbor;3186.00;9.50;726.00;-1.57;3326
183;supply_node;2545.00;10.20;642.00;4.78;0
183;supply_node;2458.00;10.32;697.00;6.25;0
183;supply_node;2484.00;10.30;707.00;4.01;0
183;supply_node;2530.00;10.05;652.00;5.49;0
183;supply_node;2504.00;10.15;681.00;2.14;0
183;supply_node;2482.00;10.03;691.00;4.72;0
183;supply_node;2440.00;10.35;715.00;1.38;0
183;supply_node;2462.00;10.43;717.00;4.31;0
183;supply_node;2501.00;10.30;699.00;0.62;0
183;supply_node;2520.00;10.25;669.00;3.55;0
183;supply_node;2511.00;10.10;661.00;5.03;0
183;floating_harbor;2536.63;9.50;631.53;-3.82;86
183;floating_harbor;2451.40;9.50;680.50;-3.52;283
183;floating_harbor;2489.46;9.50;721.55;-0.36;546
183;floating_harbor;2518.62;9.50;642.52;-4.02;748
183;floating_harbor;2492.18;9.50;673.12;-4.12;950
183;floating_harbor;2477.79;9.50;678.36;-3.46;1586
183;floating_harbor;2428.14;9.50;717.37;1.37;1811
183;floating_harbor;2462.00;9.50;731.00;0.00;2141
183;floating_harbor;2512.50;9.50;703.60;-1.19;3046
183;floating_harbor;2529.60;9.50;676.20;-0.93;3056
183;floating_harbor;2504.05;9.50;654.05;-3.93;3061
185;supply_node;3966.00;9.65;714.00;2.14;0
185;floating_harbor;3974.00;9.50;714.00;-1.57;3328
186;supply_node;4115.00;10.00;709.00;1.38;0
186;floating_harbor;4123.00;9.50;709.00;-1.57;3329
187;supply_node;3749.00;9.50;707.00;0.62;0
187;floating_harbor;3757.00;9.50;707.00;-1.57;3330
188;supply_node;2522.00;9.95;696.00;5.03;0
188;floating_harbor;2530.00;9.50;696.00;-1.57;3331
190;supply_node;3552.00;10.05;675.00;3.85;0
190;floating_harbor;3560.82;9.50;669.12;-2.16;3333
191;supply_node;3510.00;10.38;654.00;3.09;0
191;supply_node;3527.00;10.50;644.00;6.03;0
191;supply_node;3518.00;10.05;619.00;2.32;0
191;floating_harbor;3502.80;9.50;663.60;0.64;705
191;floating_harbor;3544.89;9.50;640.75;-1.75;1589
191;floating_harbor;3511.00;9.50;595.00;-3.51;3073
192;supply_node;2474.00;10.00;643.00;2.32;0
192;floating_harbor;2461.10;9.50;645.15;1.41;1871
193;supply_node;3547.00;9.93;645.00;0.46;0
193;floating_harbor;3552.95;9.50;650.95;-0.79;3334
194;supply_node;3141.00;9.98;633.00;1.15;0
194;floating_harbor;3130.00;9.50;649.00;0.60;3335
195;supply_node;2509.00;9.50;572.00;0.39;0
195;supply_node;2486.00;10.00;591.00;1.87;0
195;supply_node;2533.00;10.00;575.00;4.80;0
195;supply_node;2558.00;10.30;577.00;2.56;0
195;supply_node;2574.00;10.10;616.00;4.04;0
195;supply_node;2575.00;10.30;590.00;0.69;0
195;supply_node;2507.00;10.30;588.00;3.28;0
195;floating_harbor;2489.00;9.50;545.00;-3.90;306
195;floating_harbor;2486.00;9.50;580.00;-3.14;1167
195;floating_harbor;2531.37;9.50;557.03;-3.23;1283
195;floating_harbor;2565.13;9.50;562.74;-2.68;1678
195;floating_harbor;2571.85;9.50;628.90;0.17;2229
195;floating_harbor;2591.86;9.50;586.63;-1.77;2257
195;floating_harbor;2512.13;9.50;598.26;-0.46;3078
196;supply_node;2520.00;10.10;620.00;4.80;0
196;floating_harbor;2525.95;9.50;625.95;-0.79;1602
198;supply_node;4612.00;10.07;564.00;3.28;0
198;supply_node;4534.00;11.10;552.00;6.21;0
198;supply_node;4441.00;11.05;509.00;2.87;0
198;supply_node;4490.00;10.90;543.00;5.45;0
198;supply_node;4589.00;10.20;608.00;2.10;0
198;supply_node;4541.00;10.70;593.00;3.58;0
198;supply_node;4455.00;10.50;542.00;1.34;0
198;supply_node;4571.00;11.50;535.00;2.81;0
198;supply_node;4507.00;10.35;573.00;5.76;0
198;supply_node;4571.00;10.60;578.00;3.51;0
198;supply_node;4640.00;10.25;553.00;4.99;0
198;supply_node;4410.00;10.30;527.00;1.64;0
198;floating_harbor;4618.06;9.50;583.69;-0.30;242
198;floating_harbor;4474.87;9.50;573.26;0.46;462
198;floating_harbor;4614.00;10.00;604.00;-1.66;497
198;floating_harbor;4532.24;9.50;613.43;0.40;808
198;floating_harbor;4448.40;9.50;558.50;0.38;1549
198;floating_harbor;4495.05;9.50;584.95;0.79;3085
198;floating_harbor;4598.73;9.50;585.92;-1.29;3087
198;floating_harbor;4650.76;9.50;569.91;-0.57;3096
198;floating_harbor;4398.05;9.50;538.95;0.79;3103
199;supply_node;3204.00;10.00;608.00;2.87;0
199;floating_harbor;3204.00;9.50;600.00;-3.14;3337
200;supply_node;3467.00;10.10;599.00;2.10;0
200;supply_node;3418.00;10.30;600.00;3.58;0
200;supply_node;3459.00;10.07;544.00;1.34;0
200;supply_node;3455.00;10.10;571.00;2.81;0
200;supply_node;3448.00;10.05;608.00;5.76;0
200;supply_node;3439.00;10.40;593.00;3.51;0
200;supply_node;3429.00;10.43;575.00;4.99;0
200;floating_harbor;3483.50;9.50;605.60;-1.19;606
200;floating_harbor;3419.70;9.50;616.97;-0.10;715
200;floating_harbor;3471.64;9.50;539.79;-1.89;1959
200;floating_harbor;3474.98;9.50;569.46;-1.65;1975
200;floating_harbor;3445.63;9.50;619.86;0.20;3075
201;supply_node;3850.00;10.00;567.00;1.34;0
201;supply_node;3884.00;9.68;578.00;2.81;0
201;supply_node;3832.00;10.10;594.00;5.76;0
201;floating_harbor;3846.08;9.50;580.73;0.28;1190
201;floating_harbor;3910.00;9.50;626.00;-0.61;1908
201;floating_harbor;3802.00;9.50;613.00;1.11;2152
202;supply_node;3024.00;9.50;596.00;5.76;0
202;floating_harbor;3007.00;9.50;551.00;-3.63;3338
203;supply_node;3059.00;9.50;600.00;4.99;0
203;floating_harbor;3040.00;9.50;630.00;0.56;3339
204;supply_node;4143.00;9.50;598.00;4.23;0
204;floating_harbor;4151.00;9.50;598.00;-1.57;3340
205;supply_node;3060.00;9.68;578.00;3.81;0
205;floating_harbor;3058.01;9.50;591.93;0.14;3341
206;supply_node;3095.00;10.00;597.00;3.05;0
206;floating_harbor;3105.00;9.50;576.00;-2.70;3342
208;supply_node;3856.00;10.00;597.00;0.42;0
208;floating_harbor;3802.00;9.50;613.00;1.29;3344
210;supply_node;4382.00;10.45;572.00;0.35;0
210;floating_harbor;4357.00;9.50;553.00;-4.19;743
212;supply_node;2414.00;9.65;589.00;4.00;0
212;floating_harbor;2422.00;9.50;589.00;-1.57;3347
215;supply_node;3863.00;10.00;579.00;2.07;0
215;floating_harbor;3871.26;9.50;583.13;-1.11;3350
217;floating_harbor;2405.00;9.50;562.00;-1.98;3352
217;floating_harbor;2405.00;9.50;562.00;-1.73;3356
217;floating_harbor;2402.00;9.50;556.00;0.00;3360
219;supply_node;2984.00;9.93;565.00;3.09;0
219;floating_harbor;2994.00;9.50;565.00;-1.57;3354
222;floating_harbor;2494.10;9.50;1076.85;-4.55;750
222;floating_harbor;2491.21;9.50;1093.70;1.33;2010
223;supply_node;2545.00;10.40;531.00;0.38;0
223;supply_node;2509.00;10.53;492.00;3.32;0
223;supply_node;2536.00;10.43;488.00;5.90;0
223;supply_node;2583.00;11.20;528.00;2.56;0
223;supply_node;2634.00;10.53;495.00;4.03;0
223;supply_node;2674.00;10.00;485.00;1.79;0
223;supply_node;2500.00;9.93;470.00;4.72;0
223;supply_node;2505.00;10.07;448.00;6.21;0
223;supply_node;2492.00;10.00;495.00;3.96;0
223;supply_node;2600.00;10.53;515.00;5.44;0
223;supply_node;2609.00;10.57;534.00;2.09;0
223;supply_node;2559.00;10.45;514.00;6.14;0
223;supply_node;2581.00;10.20;503.00;1.33;0
223;supply_node;2523.00;10.30;469.00;4.27;0
223;supply_node;2598.00;10.32;551.00;0.57;0
223;supply_node;2648.00;10.35;481.00;3.51;0
223;supply_node;2525.00;10.20;449.00;4.98;0
223;supply_node;2557.00;10.00;495.00;2.74;0
223;supply_node;2528.00;10.32;513.00;5.68;0
223;supply_node;2508.00;10.35;514.00;0.87;0
223;supply_node;2568.00;10.55;538.00;4.91;0
223;supply_node;2622.00;10.35;514.00;0.11;0
223;supply_node;2614.00;10.40;499.00;3.05;0
223;supply_node;2514.00;9.90;434.00;0.80;0
223;floating_harbor;2530.47;9.50;542.30;0.91;367
223;floating_harbor;2546.76;9.50;471.09;-2.57;598
223;floating_harbor;2643.60;9.50;511.00;-0.54;882
223;floating_harbor;2679.76;9.50;498.43;-0.40;949
223;floating_harbor;2485.05;9.50;471.87;1.45;1055
223;floating_harbor;2491.92;9.50;440.53;-4.19;1112
223;floating_harbor;2490.13;9.50;509.95;0.12;1129
223;floating_harbor;2596.85;9.50;496.10;-3.31;1270
223;floating_harbor;2622.08;9.50;541.47;-1.05;1287
223;floating_harbor;2587.13;9.50;490.74;-2.68;1500
223;floating_harbor;2545.79;9.50;463.30;-1.82;1599
223;floating_harbor;2601.92;9.50;564.73;-0.28;1672
223;floating_harbor;2651.92;9.50;467.27;-2.86;1715
223;floating_harbor;2532.47;9.50;435.92;-2.62;2029
223;floating_harbor;2563.60;9.50;484.00;-2.60;2074
223;floating_harbor;2522.40;9.50;536.81;0.23;2154
223;floating_harbor;2501.40;9.50;525.00;0.54;2186
223;floating_harbor;2571.92;9.50;551.73;-0.28;3102
223;floating_harbor;2634.26;9.50;520.13;-1.11;3106
223;floating_harbor;2610.30;9.50;484.21;-3.39;3111
223;floating_harbor;2508.87;9.50;423.74;-3.61;3127
225;supply_node;3102.00;10.00;556.00;4.03;0
225;floating_harbor;3110.00;9.50;556.00;-1.57;3358
228;radar_station;3125.00;12.10;915.00;2.09;0
228;floating_harbor;3153.40;9.50;945.00;0.54;1045
228;floating_harbor;3116.92;9.50;952.73;-0.28;1149
228;floating_harbor;3115.12;9.50;885.18;-3.73;1540
228;floating_harbor;3086.40;9.50;956.50;0.38;1803
228;floating_harbor;3102.40;9.50;901.80;-4.07;1869
228;floating_harbor;3139.60;9.50;946.50;-0.38;2204
228;floating_harbor;3081.50;9.50;924.40;-4.33;2955
228;floating_harbor;3090.00;9.50;919.00;1.57;2964
230;supply_node;3070.00;10.10;534.00;0.57;0
230;floating_harbor;3063.40;9.50;523.00;-3.68;1134
236;floating_harbor;3994.86;9.50;535.37;-1.37;3367
239;floating_harbor;2985.08;9.50;977.53;-2.09;1201
244;floating_harbor;2695.00;9.50;513.00;-1.57;3373
48;arms_factory;2352.00;10.95;1463.00;1.43;0
48;arms_factory;2325.00;11.10;1448.00;1.53;0
48;arms_factory;2385.00;10.30;1457.00;5.65;0
48;arms_factory;2344.00;11.32;1461.00;2.04;0
48;arms_factory;2357.00;11.00;1463.00;4.70;0
48;arms_factory;2348.00;11.30;1458.00;6.26;0
48;industrial_complex;2362.00;10.65;1459.00;4.10;0
48;industrial_complex;2349.00;11.10;1461.00;0.48;0
48;industrial_complex;2339.00;11.60;1456.00;3.15;0
48;industrial_complex;2378.00;10.07;1478.00;6.16;0
48;industrial_complex;2344.00;10.80;1452.00;1.09;0
48;industrial_complex;2363.00;10.90;1455.00;5.22;0
48;air_base;2322.00;10.85;1445.00;0.49;0
48;supply_node;2325.00;11.15;1449.00;5.08;0
48;supply_node;2340.00;11.62;1459.00;1.73;0
48;supply_node;2383.00;10.68;1463.00;3.21;0
48;supply_node;2377.00;10.07;1477.00;0.97;0
48;supply_node;2349.00;11.03;1449.00;3.91;0
48;supply_node;2403.00;10.10;1469.00;5.38;0
48;supply_node;2361.00;10.70;1467.00;3.14;0
48;supply_node;2363.00;10.85;1454.00;4.62;0
48;supply_node;2338.00;11.07;1437.00;1.28;0
48;naval_base;2404.00;9.75;1472.00;-1.41;4235
48;naval_base;2357.00;9.88;1445.00;0.46;4281
48;naval_base;2354.00;10.57;1467.00;-2.90;4235
48;naval_base;2385.00;9.70;1482.00;-3.93;4235
48;naval_base;2363.00;9.73;1448.00;0.64;4281
48;naval_base;2385.00;10.00;1465.00;-3.61;4235
48;naval_base;2347.00;10.00;1436.00;1.05;4281
48;bunker;2323.00;11.25;1448.00;4.68;0
48;bunker;2370.00;10.10;1472.00;5.89;0
48;bunker;2334.00;11.10;1436.00;2.62;0
48;bunker;2352.00;11.15;1461.00;5.28;0
48;bunker;2402.00;10.15;1468.00;1.67;0
48;bunker;2351.00;10.70;1444.00;4.33;0
48;bunker;2390.00;10.05;1472.00;1.07;0
48;bunker;2364.00;10.98;1456.00;2.27;0
48;bunker;2376.00;10.03;1474.00;0.11;0
48;coastal_bunker;2398.00;9.50;1463.00;0.00;0
48;coastal_bunker;2371.00;10.00;1453.00;0.64;0
48;coastal_bunker;2387.00;10.00;1456.00;0.00;0
48;coastal_bunker;2371.00;9.73;1468.00;-2.90;0
48;coastal_bunker;2345.00;10.00;1435.00;1.05;0
48;coastal_bunker;2383.00;10.00;1481.00;-3.93;0
48;coastal_bunker;2353.00;10.15;1442.00;0.46;0
48;dockyard;2413.00;9.50;1474.00;0.00;0
48;anti_air_building;2341.00;10.95;1438.00;4.85;0
48;anti_air_building;2325.00;11.05;1446.00;1.23;0
48;anti_air_building;2348.00;10.93;1465.00;5.35;0
48;synthetic_refinery;2346.00;10.85;1449.00;0.28;0
48;fuel_silo;2411.00;10.00;1475.00;3.29;0
48;radar_station;2368.00;10.93;1456.00;1.24;0
48;rocket_site;2365.00;10.95;1457.00;2.34;0
48;nuclear_reactor;2339.00;11.73;1459.00;0.18;0
48;floating_harbor;2389.13;9.50;1475.26;-0.46;1203
48;floating_harbor;2363.00;9.50;1520.00;0.37;1560
48;floating_harbor;2444.00;9.50;1425.00;-1.74;1835
48;floating_harbor;2403.00;9.50;1460.00;-3.14;2122
48;floating_harbor;2363.00;9.50;1520.00;-0.06;2476
48;floating_harbor;2370.20;9.50;1444.40;-2.50;2483
48;floating_harbor;2444.00;9.50;1425.00;-1.65;2493
46;arms_factory;2313.00;11.43;1472.00;0.92;0
46;arms_factory;2312.00;11.70;1469.00;3.59;0
46;arms_factory;2332.00;11.62;1469.00;1.43;0
46;arms_factory;2311.00;11.30;1467.00;1.53;0
46;arms_factory;2332.00;10.43;1476.00;5.65;0
46;arms_factory;2319.00;10.85;1477.00;2.04;0
46;industrial_complex;2331.00;10.53;1474.00;4.70;0
46;industrial_complex;2310.00;10.30;1475.00;6.26;0
46;industrial_complex;2306.00;10.70;1472.00;4.10;0
46;industrial_complex;2315.00;10.68;1461.00;0.48;0
46;industrial_complex;2306.00;10.85;1469.00;3.15;0
46;industrial_complex;2326.00;10.45;1478.00;6.16;0
46;air_base;2306.00;10.93;1467.00;1.09;0
46;supply_node;2333.00;10.38;1475.00;5.84;0
46;supply_node;2304.00;10.90;1464.00;2.49;0
46;supply_node;2348.00;10.43;1475.00;5.08;0
46;supply_node;2369.00;10.00;1484.00;1.73;0
46;supply_node;2315.00;10.75;1476.00;3.21;0
46;supply_node;2320.00;11.60;1463.00;0.97;0
46;naval_base;2359.00;9.73;1475.00;-3.14;4235
46;naval_base;2301.00;9.50;1473.00;-2.76;4120
46;naval_base;2336.00;9.75;1486.00;-3.82;4235
46;naval_base;2363.00;9.98;1480.00;-4.12;4235
46;naval_base;2315.00;10.00;1479.00;-2.82;4120
46;bunker;2336.00;10.55;1473.00;4.17;0
46;bunker;2351.00;10.43;1479.00;5.38;0
46;bunker;2309.00;10.70;1458.00;2.11;0
46;bunker;2316.00;11.57;1465.00;4.78;0
46;bunker;2320.00;11.05;1475.00;1.16;0
46;bunker;2365.00;9.98;1482.00;2.71;0
46;coastal_bunker;2378.00;9.68;1490.00;-4.12;0
46;coastal_bunker;2341.00;9.50;1485.00;-3.82;0
46;coastal_bunker;2305.00;10.00;1475.00;-2.76;0
46;coastal_bunker;2355.00;10.00;1482.00;-3.14;0
46;coastal_bunker;2307.00;10.00;1477.00;-2.82;0
46;dockyard;2359.00;10.00;1481.00;-4.12;0
46;anti_air_building;2303.00;11.00;1462.00;4.33;0
46;anti_air_building;2343.00;10.50;1474.00;1.07;0
46;anti_air_building;2300.00;11.10;1460.00;2.27;0
46;synthetic_refinery;2323.00;11.95;1465.00;0.11;0
46;fuel_silo;2306.00;10.65;1457.00;2.78;0
46;radar_station;2342.00;10.68;1472.00;0.28;0
46;rocket_site;2355.00;10.40;1477.00;2.17;0
46;nuclear_reactor;2316.00;12.00;1470.00;4.84;0
46;floating_harbor;2345.37;9.50;1490.47;-0.67;215
46;floating_harbor;2297.40;9.50;1480.50;0.38;929
46;floating_harbor;2348.00;9.50;1489.00;0.00;1987
46;floating_harbor;2363.00;9.50;1520.00;0.26;2465
46;floating_harbor;2311.79;9.50;1485.64;0.32;2468
120;arms_factory;2228.00;11.70;1755.00;0.79;0
120;arms_factory;2201.00;10.57;1732.00;3.81;0
120;arms_factory;2213.00;10.35;1764.00;0.19;0
120;arms_factory;2207.00;10.65;1706.00;2.85;0
120;arms_factory;2270.00;10.68;1778.00;4.41;0
120;arms_factory;2231.00;10.80;1771.00;2.25;0
120;industrial_complex;2231.00;11.62;1708.00;3.46;0
120;industrial_complex;2259.00;10.35;1723.00;1.30;0
120;industrial_complex;2214.00;10.80;1723.00;2.86;0
120;industrial_complex;2220.00;10.95;1721.00;5.52;0
120;industrial_complex;2249.00;11.05;1727.00;1.90;0
120;industrial_complex;2233.00;12.32;1724.00;6.03;0
120;air_base;2234.00;12.88;1747.00;1.31;0
120;supply_node;2201.00;10.68;1728.00;5.27;0
120;supply_node;2265.00;12.35;1773.00;0.46;0
120;supply_node;2255.00;10.40;1707.00;4.50;0
120;supply_node;2222.00;11.15;1748.00;1.15;0
120;supply_node;2251.00;11.80;1748.00;2.63;0
120;supply_node;2270.00;10.93;1755.00;0.39;0
120;supply_node;2200.00;10.07;1754.00;1.87;0
120;supply_node;2228.00;11.93;1714.00;4.80;0
120;supply_node;2212.00;10.25;1765.00;2.56;0
120;supply_node;2260.00;10.30;1725.00;4.04;0
120;supply_node;2233.00;11.43;1762.00;0.69;0
120;supply_node;2223.00;10.30;1775.00;3.28;0
120;supply_node;2186.00;10.15;1719.00;6.21;0
120;supply_node;2196.00;10.00;1771.00;2.87;0
120;supply_node;2249.00;13.35;1771.00;5.45;0
120;supply_node;2191.00;10.00;1744.00;2.10;0
120;supply_node;2208.00;10.80;1741.00;3.58;0
120;supply_node;2237.00;13.07;1742.00;1.34;0
120;supply_node;2222.00;11.62;1731.00;2.81;0
120;supply_node;2243.00;11.70;1726.00;5.76;0
120;supply_node;2210.00;10.70;1711.00;3.51;0
120;naval_base;2185.00;9.50;1730.00;-2.82;4067
120;naval_base;2197.00;9.65;1776.00;-1.57;4067
120;naval_base;2192.00;9.73;1740.00;-1.57;4067
120;naval_base;2198.00;9.95;1759.00;-2.25;4067
120;naval_base;2188.00;9.75;1732.00;-2.07;4067
120;naval_base;2205.00;9.90;1779.00;-1.84;4067
120;bunker;2198.00;10.00;1758.00;2.99;0
120;bunker;2254.00;14.35;1769.00;4.20;0
120;bunker;2212.00;11.05;1733.00;0.94;0
120;bunker;2266.00;11.98;1774.00;3.60;0
120;bunker;2199.00;10.03;1767.00;6.26;0
120;bunker;2211.00;10.70;1710.00;4.10;0
120;bunker;2223.00;11.30;1752.00;5.66;0
120;bunker;2237.00;13.03;1746.00;2.05;0
120;bunker;2226.00;12.05;1730.00;4.71;0
120;bunker;2254.00;10.45;1714.00;2.55;0
120;bunker;2217.00;10.35;1764.00;4.11;0
120;bunker;2263.00;10.55;1745.00;0.49;0
120;bunker;2192.00;10.50;1726.00;3.15;0
120;bunker;2201.00;10.62;1729.00;6.18;0
120;bunker;2237.00;13.00;1758.00;1.10;0
120;bunker;2227.00;11.68;1707.00;5.22;0
120;bunker;2232.00;10.60;1774.00;3.06;0
120;bunker;2252.00;10.80;1726.00;3.16;0
120;bunker;2260.00;11.40;1748.00;1.00;0
120;bunker;2253.00;10.80;1727.00;3.67;0
120;bunker;2191.00;9.98;1741.00;0.05;0
120;coastal_bunker;2197.00;9.50;1763.00;-2.25;0
120;coastal_bunker;2188.00;9.50;1767.00;-1.57;0
120;coastal_bunker;2179.00;10.00;1725.00;-2.82;0
120;coastal_bunker;2191.00;9.50;1740.00;-1.57;0
120;coastal_bunker;2190.00;9.50;1735.00;-2.07;0
120;coastal_bunker;2205.00;9.65;1780.00;-1.84;0
120;dockyard;2194.00;9.98;1757.00;-2.25;0
120;anti_air_building;2263.00;10.10;1721.00;2.12;0
120;anti_air_building;2207.00;10.60;1722.00;6.24;0
120;anti_air_building;2204.00;10.55;1745.00;1.17;0
120;synthetic_refinery;2244.00;11.40;1726.00;5.29;0
120;fuel_silo;2235.00;12.30;1722.00;0.57;0
120;radar_station;2233.00;12.98;1739.00;3.73;0
120;rocket_site;2207.00;10.55;1751.00;5.89;0
120;nuclear_reactor;2235.00;13.00;1750.00;3.73;0
120;floating_harbor;2183.85;9.50;1737.35;1.07;130
120;floating_harbor;2189.53;9.50;1762.37;0.90;1506
120;floating_harbor;2198.26;9.50;1781.87;1.30;2082
120;floating_harbor;2180.79;9.50;1734.64;0.32;2187
120;floating_harbor;2185.00;9.50;1771.00;1.57;2352
120;floating_harbor;2182.00;9.50;1744.00;1.57;2358
14;arms_factory;2386.00;9.70;1819.00;2.54;0
14;arms_factory;2377.00;9.75;1808.00;5.21;0
14;arms_factory;2392.00;9.80;1799.00;1.59;0
14;arms_factory;2397.00;9.80;1804.00;4.25;0
14;arms_factory;2408.00;9.73;1819.00;0.99;0
14;arms_factory;2381.00;9.75;1799.00;3.66;0
14;industrial_complex;2401.00;9.73;1797.00;0.04;0
14;industrial_complex;2395.00;9.70;1791.00;2.70;0
14;industrial_complex;2412.00;9.70;1816.00;5.72;0
14;industrial_complex;2380.00;9.70;1798.00;0.64;0
14;industrial_complex;2386.00;9.80;1811.00;4.76;0
14;industrial_complex;2391.00;9.70;1790.00;2.61;0
14;air_base;2386.00;9.78;1834.00;2.71;0
14;supply_node;2409.00;9.75;1819.00;1.59;0
14;supply_node;2372.00;9.75;1809.00;4.52;0
14;supply_node;2388.00;9.80;1822.00;6.00;0
14;supply_node;2366.00;9.85;1834.00;3.76;0
14;supply_node;2376.00;9.75;1852.00;0.41;0
14;supply_node;2381.00;9.70;1797.00;1.89;0
14;supply_node;2391.00;9.80;1803.00;5.93;0
14;supply_node;2389.00;9.70;1788.00;1.13;0
14;naval_base;2374.00;9.78;1819.00;-2.82;4517
14;naval_base;2397.00;9.50;1790.00;0.00;4003
14;naval_base;2396.00;9.75;1813.00;1.43;4003
14;naval_base;2383.00;9.50;1813.00;-2.36;4517
14;naval_base;2412.00;9.70;1822.00;-3.14;4003
14;naval_base;2374.00;9.50;1797.00;-1.03;4003
14;naval_base;2366.00;9.80;1840.00;-3.14;4517
14;naval_base;2375.00;9.53;1854.00;0.00;4517
14;bunker;2387.00;9.70;1792.00;2.17;0
14;bunker;2385.00;9.75;1823.00;3.38;0
14;bunker;2381.00;9.70;1798.00;1.22;0
14;bunker;2400.00;9.70;1796.00;5.34;0
14;bunker;2413.00;9.70;1813.00;5.45;0
14;bunker;2370.00;9.75;1816.00;3.29;0
14;bunker;2366.00;9.85;1833.00;5.95;0
14;bunker;2376.00;9.75;1851.00;2.33;0
14;coastal_bunker;2407.00;9.70;1811.00;-3.14;0
14;coastal_bunker;2366.00;9.80;1839.00;-3.14;0
14;coastal_bunker;2376.00;9.50;1796.00;-1.03;0
14;coastal_bunker;2375.00;9.50;1850.00;0.00;0
14;coastal_bunker;2395.00;9.50;1788.00;0.00;0
14;coastal_bunker;2370.00;9.50;1819.00;-2.82;0
14;coastal_bunker;2402.00;9.70;1796.00;1.46;0
14;coastal_bunker;2388.00;9.70;1836.00;-2.52;0
14;dockyard;2392.00;9.78;1826.00;1.43;0
14;anti_air_building;2392.00;9.70;1787.00;1.29;0
14;anti_air_building;2389.00;9.80;1828.00;2.85;0
14;anti_air_building;2385.00;9.75;1813.00;5.51;0
14;synthetic_refinery;2387.00;9.80;1806.00;1.90;0
14;fuel_silo;2385.00;9.70;1786.00;6.02;0
14;rocket_site;2388.00;9.75;1800.00;3.96;0
14;nuclear_reactor;2388.00;9.80;1805.00;1.80;0
14;floating_harbor;2417.00;9.50;1782.00;-2.94;1238
14;floating_harbor;2368.79;9.50;1818.64;0.32;2340
14;floating_harbor;2401.93;9.50;1820.01;-1.71;2345
14;floating_harbor;2366.00;9.50;1842.00;0.00;4681
14;floating_harbor;2376.00;9.50;1844.00;-3.14;4682
14;floating_harbor;2370.00;9.50;1790.40;-4.17;4683
14;floating_harbor;2406.96;9.50;1801.23;-1.68;4684
14;floating_harbor;2389.00;9.50;1778.00;-3.14;4685
111;arms_factory;2412.00;9.70;1331.00;5.82;0
111;arms_factory;2412.00;9.70;1331.00;3.66;0
111;arms_factory;2412.00;9.70;1331.00;5.22;0
111;arms_factory;2411.00;9.70;1330.00;1.60;0
111;arms_factory;2411.00;9.70;1330.00;5.72;0
111;arms_factory;2411.00;9.70;1330.00;2.10;0
111;industrial_complex;2411.00;9.70;1330.00;3.66;0
111;industrial_complex;2410.00;9.70;1329.00;0.04;0
111;industrial_complex;2412.00;9.70;1331.00;4.17;0
111;industrial_complex;2410.00;9.70;1329.00;5.38;0
111;industrial_complex;2411.00;9.70;1330.00;2.11;0
111;industrial_complex;2411.00;9.70;1330.00;4.78;0
111;air_base;2412.00;9.70;1331.00;1.16;0
111;supply_node;2410.00;9.70;1329.00;4.16;0
111;naval_base;2412.00;9.70;1332.00;-3.93;4265
111;bunker;2411.00;9.70;1330.00;4.68;0
111;coastal_bunker;2410.00;9.70;1330.00;-3.93;0
111;dockyard;2408.00;9.50;1328.00;-3.93;0
111;anti_air_building;2412.00;9.70;1331.00;5.28;0
111;anti_air_building;2410.00;9.70;1329.00;1.67;0
111;anti_air_building;2411.00;9.70;1330.00;4.33;0
111;synthetic_refinery;2410.00;9.70;1329.00;1.07;0
111;fuel_silo;2412.00;9.70;1331.00;2.27;0
111;radar_station;2411.00;9.70;1330.00;5.87;0
111;rocket_site;2412.00;9.70;1331.00;2.78;0
111;nuclear_reactor;2410.00;9.70;1329.00;4.34;0
227;arms_factory;2865.00;9.70;521.00;2.22;0
227;arms_factory;2857.00;9.80;517.00;0.06;0
227;arms_factory;2885.00;9.70;540.00;1.26;0
227;arms_factory;2875.00;9.70;553.00;4.29;0
227;arms_factory;2889.00;9.70;550.00;0.67;0
227;arms_factory;2877.00;9.80;535.00;3.33;0
227;industrial_complex;2868.00;9.70;543.00;5.99;0
227;industrial_complex;2874.00;9.73;535.00;2.73;0
227;industrial_complex;2860.00;9.80;519.00;3.93;0
227;industrial_complex;2875.00;9.70;524.00;1.78;0
227;industrial_complex;2883.00;9.70;554.00;4.79;0
227;industrial_complex;2886.00;9.70;551.00;6.00;0
227;air_base;2881.00;9.70;554.00;3.84;0
227;supply_node;2872.00;9.70;534.00;4.28;0
227;naval_base;2892.00;9.50;544.00;-4.03;4234
227;naval_base;2882.00;9.50;541.00;1.57;3699
227;bunker;2852.00;9.80;512.00;4.95;0
227;bunker;2885.00;9.50;536.00;0.23;0
227;coastal_bunker;2886.00;9.50;549.00;-0.90;0
227;coastal_bunker;2883.00;9.50;540.00;1.57;0
227;dockyard;2871.00;9.50;536.00;-0.90;0
227;anti_air_building;2878.00;9.80;536.00;4.96;0
227;anti_air_building;2876.00;9.80;529.00;2.80;0
227;anti_air_building;2876.00;9.80;536.00;4.00;0
227;synthetic_refinery;2859.00;9.78;520.00;0.74;0
227;fuel_silo;2856.00;9.80;515.00;3.41;0
227;rocket_site;2872.00;9.70;552.00;2.45;0
227;nuclear_reactor;2872.00;9.70;549.00;5.47;0
227;floating_harbor;2861.53;9.50;525.63;-4.04;1838
227;floating_harbor;2839.00;9.50;508.00;-4.11;3365
113;arms_factory;2382.00;9.70;1288.00;4.61;0
113;arms_factory;2381.00;9.70;1287.00;5.82;0
113;arms_factory;2376.00;9.70;1286.00;3.66;0
113;arms_factory;2370.00;9.70;1286.00;5.22;0
113;arms_factory;2367.00;9.70;1286.00;1.60;0
113;arms_factory;2366.00;9.70;1285.00;5.72;0
113;industrial_complex;2379.00;9.70;1287.00;2.10;0
113;industrial_complex;2366.00;9.70;1287.00;3.66;0
113;industrial_complex;2373.00;9.70;1286.00;0.04;0
113;industrial_complex;2368.00;9.70;1285.00;4.17;0
113;industrial_complex;2364.00;9.70;1284.00;5.38;0
113;industrial_complex;2381.00;9.70;1287.00;2.11;0
113;air_base;2366.08;10.50;1285.91;0.20;0
113;supply_node;2379.00;9.70;1287.00;2.68;0
113;supply_node;2367.00;9.70;1285.00;4.16;0
113;naval_base;2363.06;9.70;1282.64;-0.67;4174
113;naval_base;2379.81;9.70;1285.02;0.23;4174
113;bunker;2375.00;9.70;1286.00;5.89;0
113;bunker;2370.00;9.70;1286.00;2.62;0
113;coastal_bunker;2369.99;9.70;1283.02;0.63;0
113;coastal_bunker;2382.89;9.70;1286.22;0.73;0
113;dockyard;2379.55;9.70;1289.27;-2.87;0
113;anti_air_building;2365.00;9.70;1287.00;1.07;0
113;anti_air_building;2372.00;9.70;1286.00;2.27;0
113;anti_air_building;2366.00;9.70;1286.00;0.11;0
113;synthetic_refinery;2382.00;9.70;1288.00;2.78;0
113;fuel_silo;2380.00;9.70;1287.00;4.34;0
113;radar_station;2374.00;9.70;1286.00;1.77;0
113;rocket_site;2370.00;9.70;1286.00;4.84;0
113;nuclear_reactor;2369.00;9.70;1285.00;0.12;0
113;floating_harbor;2361.00;9.50;1265.00;-3.83;2599
113;floating_harbor;2361.00;9.50;1265.00;-3.43;3280
108;arms_factory;2385.95;9.70;1294.20;4.03;0
108;arms_factory;2388.45;9.70;1295.44;1.87;0
108;arms_factory;2388.70;9.70;1294.16;3.09;0
108;arms_factory;2387.00;9.70;1294.00;6.10;0
108;arms_factory;2391.00;9.70;1296.00;2.48;0
108;arms_factory;2386.00;9.70;1295.00;5.15;0
108;industrial_complex;2386.00;9.70;1295.00;0.42;0
108;industrial_complex;2390.00;9.70;1296.00;4.54;0
108;industrial_complex;2387.00;9.70;1294.00;5.76;0
108;industrial_complex;2387.00;9.70;1294.00;3.59;0
108;industrial_complex;2389.00;9.70;1295.00;0.33;0
108;industrial_complex;2386.00;9.70;1295.00;1.53;0
108;air_base;2386.24;9.70;1294.55;-0.03;0
108;supply_node;2388.00;9.70;1294.00;2.45;0
108;naval_base;2390.89;9.70;1293.25;-6.03;4174
108;bunker;2384.45;9.70;1294.33;6.26;0
108;coastal_bunker;2392.27;9.50;1297.23;-3.53;0
108;dockyard;2393.63;9.70;1294.00;-5.83;0
108;anti_air_building;2390.72;9.70;1295.49;2.04;0
108;synthetic_refinery;2390.75;9.70;1296.27;3.25;0
108;fuel_silo;2385.00;9.70;1294.00;0.49;0
108;radar_station;2389.00;9.70;1295.00;5.27;0
108;rocket_site;2389.00;9.70;1294.00;5.82;0
108;nuclear_reactor;2391.00;9.70;1295.00;2.55;0
108;floating_harbor;2399.86;9.60;1295.59;-0.79;2575
221;arms_factory;3505.00;10.00;546.00;1.34;0
221;arms_factory;3533.00;9.90;509.00;4.36;0
221;arms_factory;3492.00;10.03;506.00;0.74;0
221;arms_factory;3502.00;9.70;491.00;3.41;0
221;arms_factory;3506.00;9.80;519.00;1.24;0
221;arms_factory;3495.00;10.03;503.00;1.34;0
221;industrial_complex;3508.00;9.80;498.00;5.47;0
221;industrial_complex;3510.00;9.80;532.00;1.85;0
221;industrial_complex;3497.00;9.95;507.00;4.52;0
221;industrial_complex;3513.00;10.00;503.00;6.08;0
221;industrial_complex;3511.00;9.80;523.00;3.91;0
221;industrial_complex;3534.00;9.85;511.00;5.12;0
221;air_base;3515.00;9.85;507.00;2.96;0
221;supply_node;3510.00;10.00;547.00;3.43;0
221;supply_node;3506.00;10.05;508.00;0.09;0
221;supply_node;3535.00;10.00;532.00;1.56;0
221;naval_base;3530.00;9.50;530.00;-1.57;3387
221;naval_base;3503.00;9.50;488.00;-1.37;4237
221;naval_base;3519.00;9.55;544.00;-4.45;3387
221;bunker;3504.00;9.80;549.00;3.47;0
221;bunker;3518.00;9.80;508.00;5.03;0
221;bunker;3530.00;9.73;525.00;1.41;0
221;coastal_bunker;3518.00;9.50;543.00;-4.45;0
221;coastal_bunker;3493.00;9.78;514.00;-1.37;0
221;coastal_bunker;3542.00;9.80;534.00;-1.57;0
221;dockyard;3526.00;9.70;509.00;-4.34;0
221;anti_air_building;3508.00;10.10;541.00;3.98;0
221;anti_air_building;3506.00;9.80;519.00;5.19;0
221;anti_air_building;3513.00;9.70;495.00;1.92;0
221;synthetic_refinery;3501.00;9.73;554.00;4.59;0
221;fuel_silo;3510.00;9.80;532.00;0.97;0
221;radar_station;3512.00;9.80;527.00;2.44;0
221;rocket_site;3501.00;9.80;545.00;0.37;0
221;nuclear_reactor;3542.00;9.80;541.00;3.03;0
221;floating_harbor;3514.70;9.50;565.79;-0.24;428
221;floating_harbor;3530.52;9.50;517.54;-1.20;1003
221;floating_harbor;3575.00;9.50;547.00;-1.21;3363
22;arms_factory;2377.00;9.80;1320.00;2.34;0
22;arms_factory;2373.00;9.75;1306.00;0.18;0
22;arms_factory;2379.00;9.80;1325.00;2.84;0
22;arms_factory;2373.00;9.85;1312.00;5.50;0
22;arms_factory;2385.00;9.70;1328.00;2.24;0
22;arms_factory;2359.00;9.75;1310.00;3.45;0
22;industrial_complex;2395.00;9.80;1333.00;1.29;0
22;industrial_complex;2404.00;9.80;1330.00;2.85;0
22;industrial_complex;2383.00;9.90;1318.00;5.51;0
22;industrial_complex;2399.00;9.80;1337.00;1.90;0
22;industrial_complex;2362.00;9.70;1320.00;6.02;0
22;industrial_complex;2374.00;9.80;1323.00;6.12;0
22;air_base;2369.00;9.80;1314.00;3.96;0
22;supply_node;2362.00;9.73;1309.00;1.39;0
22;supply_node;2392.00;9.75;1327.00;5.43;0
22;supply_node;2384.00;10.00;1317.00;0.63;0
22;supply_node;2388.00;9.80;1309.00;3.57;0
22;supply_node;2401.00;10.00;1334.00;1.33;0
22;supply_node;2378.00;9.80;1323.00;2.80;0
22;supply_node;2396.00;9.80;1317.00;5.74;0
22;supply_node;2407.00;10.00;1343.00;2.04;0
22;supply_node;2367.00;9.80;1317.00;4.98;0
22;supply_node;2375.00;9.80;1308.00;1.63;0
22;naval_base;2381.00;9.70;1330.00;-2.94;4265
22;naval_base;2381.00;9.50;1307.00;-0.46;4174
22;naval_base;2398.00;9.70;1313.00;1.25;4265
22;naval_base;2401.00;9.75;1327.00;-2.60;4265
22;naval_base;2404.00;9.55;1344.00;-3.93;4265
22;naval_base;2360.00;9.70;1318.00;-2.60;4265
22;naval_base;2407.00;9.53;1330.00;1.19;4265
22;naval_base;2379.00;9.53;1306.00;-0.24;4174
22;naval_base;2365.00;9.50;1305.00;0.64;4174
22;bunker;2383.00;9.80;1325.00;2.47;0
22;bunker;2373.00;9.95;1315.00;5.14;0
22;bunker;2389.00;9.70;1328.00;0.41;0
22;bunker;2359.00;9.70;1307.00;4.54;0
22;bunker;2373.00;9.85;1312.00;0.92;0
22;bunker;2405.00;9.80;1331.00;2.48;0
22;bunker;2380.00;9.90;1318.00;5.14;0
22;bunker;2387.00;9.80;1310.00;2.98;0
22;bunker;2407.00;9.85;1345.00;4.19;0
22;bunker;2397.00;9.80;1320.00;0.92;0
22;coastal_bunker;2379.00;9.53;1306.00;-0.24;0
22;coastal_bunker;2389.00;9.53;1333.00;-2.60;0
22;coastal_bunker;2377.00;9.75;1327.00;-2.94;0
22;coastal_bunker;2394.00;9.50;1309.00;1.57;0
22;coastal_bunker;2412.00;9.73;1342.00;-3.93;0
22;coastal_bunker;2398.00;9.53;1339.00;1.19;0
22;coastal_bunker;2362.00;9.50;1322.00;-2.60;0
22;coastal_bunker;2398.00;9.75;1320.00;1.25;0
22;coastal_bunker;2363.00;9.50;1305.00;0.64;0
22;dockyard;2384.00;9.70;1329.00;-2.94;0
22;anti_air_building;2394.00;9.80;1324.00;6.16;0
22;anti_air_building;2389.00;9.85;1318.00;1.09;0
22;anti_air_building;2362.00;9.70;1308.00;5.21;0
22;synthetic_refinery;2383.00;9.80;1309.00;1.59;0
22;fuel_silo;2381.00;9.80;1323.00;3.15;0
22;radar_station;2385.00;9.70;1328.00;1.55;0
22;rocket_site;2395.00;9.78;1315.00;3.66;0
22;nuclear_reactor;2367.00;9.80;1318.00;0.04;0
22;floating_harbor;2369.20;9.50;1299.40;-2.50;292
22;floating_harbor;2385.40;9.50;1338.00;0.54;906
22;floating_harbor;2400.00;9.50;1309.00;-1.57;2291
22;floating_harbor;2411.00;9.50;1333.00;-1.37;2553
22;floating_harbor;2375.63;9.50;1334.86;0.20;2561
22;floating_harbor;2405.64;9.50;1313.79;-1.89;3278
22;floating_harbor;2411.00;9.50;1333.00;-2.98;3279
22;floating_harbor;2360.40;9.50;1328.00;0.54;3281
22;floating_harbor;2372.30;9.50;1297.21;-3.39;4688
112;arms_factory;2304.00;9.80;1225.00;2.41;0
112;arms_factory;2333.00;10.05;1232.00;3.96;0
112;arms_factory;2318.00;10.10;1229.00;1.81;0
112;arms_factory;2310.00;9.85;1231.00;3.02;0
112;arms_factory;2335.00;10.57;1216.00;0.85;0
112;arms_factory;2344.00;10.28;1223.00;3.87;0
112;industrial_complex;2318.00;10.30;1219.00;5.08;0
112;industrial_complex;2331.00;10.45;1221.00;2.92;0
112;industrial_complex;2328.00;10.07;1229.00;4.48;0
112;industrial_complex;2306.00;10.15;1219.00;0.86;0
112;industrial_complex;2337.00;10.00;1235.00;3.52;0
112;industrial_complex;2314.00;10.25;1225.00;1.36;0
112;air_base;2308.00;9.85;1227.00;2.92;0
112;supply_node;2326.00;10.38;1223.00;1.20;0
112;supply_node;2305.00;10.10;1221.00;2.68;0
112;supply_node;2332.00;10.00;1232.00;0.43;0
112;supply_node;2345.00;9.78;1233.00;1.91;0
112;supply_node;2315.00;10.10;1228.00;4.85;0
112;supply_node;2330.00;10.65;1215.00;1.15;0
112;supply_node;2317.00;10.30;1218.00;4.08;0
112;supply_node;2339.00;10.35;1223.00;0.74;0
112;naval_base;2347.00;9.53;1242.00;-3.34;4174
112;naval_base;2313.00;9.57;1233.00;-2.90;4174
112;naval_base;2329.00;9.57;1236.00;-2.90;4174
112;bunker;2325.00;10.40;1220.00;5.76;0
112;bunker;2338.00;10.05;1233.00;3.59;0
112;bunker;2328.00;10.60;1215.00;0.33;0
112;bunker;2304.00;10.20;1217.00;1.53;0
112;bunker;2344.00;9.75;1239.00;5.65;0
112;bunker;2337.00;10.30;1224.00;2.04;0
112;bunker;2311.00;10.10;1227.00;5.06;0
112;bunker;2318.00;10.30;1218.00;6.26;0
112;coastal_bunker;2320.00;9.57;1234.00;-2.90;0
112;coastal_bunker;2341.00;9.50;1241.00;-3.34;0
112;coastal_bunker;2338.00;9.85;1236.00;-2.90;0
112;dockyard;2346.00;9.78;1240.00;-3.34;0
112;anti_air_building;2330.00;9.85;1235.00;2.65;0
112;anti_air_building;2330.00;10.60;1212.00;0.49;0
112;anti_air_building;2332.00;10.65;1214.00;4.61;0
112;synthetic_refinery;2334.00;10.50;1220.00;5.82;0
112;fuel_silo;2336.00;10.25;1227.00;2.55;0
112;radar_station;2326.00;10.15;1227.00;5.99;0
112;rocket_site;2323.00;10.25;1225.00;1.60;0
112;nuclear_reactor;2329.00;10.03;1232.00;4.27;0
112;floating_harbor;2299.24;9.50;1234.43;0.40;760
112;floating_harbor;2329.30;9.50;1242.79;0.24;1030
112;floating_harbor;2347.37;9.50;1244.86;-0.20;2633
112;floating_harbor;2312.30;9.50;1238.79;0.24;2642
109;arms_factory;2362.00;9.95;1232.00;3.36;0
109;arms_factory;2352.00;10.00;1224.00;6.03;0
109;arms_factory;2355.00;10.07;1221.00;2.41;0
109;arms_factory;2356.00;9.80;1229.00;3.96;0
109;arms_factory;2354.00;10.00;1224.00;1.81;0
109;arms_factory;2357.00;10.10;1221.00;3.02;0
109;industrial_complex;2358.00;10.00;1229.00;0.85;0
109;industrial_complex;2355.00;10.00;1224.00;3.87;0
109;industrial_complex;2388.00;9.70;1255.00;5.08;0
109;industrial_complex;2353.00;9.80;1230.00;2.92;0
109;industrial_complex;2357.00;10.03;1224.00;4.48;0
109;industrial_complex;2386.00;9.70;1256.00;0.86;0
109;air_base;2355.00;9.80;1230.00;3.52;0
109;supply_node;2353.00;10.00;1225.00;0.50;0
109;supply_node;2385.00;9.50;1257.00;4.54;0
109;supply_node;2379.00;9.80;1244.00;1.20;0
109;supply_node;2372.00;9.90;1235.00;2.68;0
109;supply_node;2367.00;9.80;1224.00;0.43;0
109;supply_node;2363.00;9.95;1232.00;1.91;0
109;naval_base;2389.09;10.50;1259.42;-4.24;4174
109;naval_base;2372.00;9.50;1241.00;-2.68;4174
109;naval_base;2353.00;9.75;1233.00;-3.14;4174
109;naval_base;2380.00;9.73;1239.00;0.79;3998
109;naval_base;2373.00;9.75;1224.00;1.41;3998
109;naval_base;2361.00;9.53;1236.00;-2.76;4174
109;bunker;2371.00;9.75;1224.00;0.42;0
109;bunker;2373.00;9.80;1230.00;4.54;0
109;bunker;2349.56;10.50;1222.60;5.76;0
109;bunker;2377.00;9.80;1242.00;3.59;0
109;bunker;2366.00;10.05;1230.00;0.33;0
109;bunker;2387.00;9.70;1256.00;1.53;0
109;coastal_bunker;2367.00;9.75;1238.00;-2.68;0
109;coastal_bunker;2379.00;9.50;1238.00;0.79;0
109;coastal_bunker;2370.00;9.53;1223.00;1.41;0
109;coastal_bunker;2383.00;9.50;1264.00;-3.14;0
109;coastal_bunker;2352.00;9.78;1230.00;-3.14;0
109;coastal_bunker;2365.00;9.78;1238.00;-2.76;0
109;dockyard;2383.00;9.70;1267.00;-3.14;0
109;anti_air_building;2361.00;9.95;1231.00;4.71;0
109;anti_air_building;2371.00;9.90;1230.00;2.55;0
109;anti_air_building;2363.00;9.80;1236.00;2.65;0
109;synthetic_refinery;2362.00;10.00;1231.00;0.49;0
109;fuel_silo;2362.00;10.00;1227.00;4.61;0
109;rocket_site;2364.00;10.00;1231.00;2.55;0
109;nuclear_reactor;2351.00;10.00;1225.00;5.22;0
109;floating_harbor;2353.00;9.50;1240.00;0.00;1338
109;floating_harbor;2385.00;9.50;1266.00;0.00;2621
109;floating_harbor;2374.87;9.50;1252.26;0.46;2629
109;floating_harbor;2382.26;9.50;1229.87;-2.03;2647
109;floating_harbor;2379.90;9.50;1221.85;-1.74;4691
109;floating_harbor;2358.40;9.50;1243.50;0.38;4692
142;arms_factory;2293.00;10.00;1236.00;5.35;0
142;arms_factory;2291.00;10.00;1234.00;5.45;0
142;arms_factory;2289.00;10.03;1244.00;3.29;0
142;arms_factory;2289.00;10.03;1244.00;5.96;0
142;arms_factory;2285.00;10.10;1241.00;2.34;0
142;arms_factory;2285.00;10.10;1241.00;3.90;0
142;industrial_complex;2293.00;9.95;1235.00;1.74;0
142;industrial_complex;2295.00;9.85;1237.00;4.40;0
142;industrial_complex;2290.00;10.03;1233.00;0.79;0
142;industrial_complex;2290.00;9.85;1242.00;3.81;0
142;industrial_complex;2288.00;10.10;1231.00;0.19;0
142;industrial_complex;2288.00;9.95;1238.00;2.85;0
142;air_base;2294.01;10.30;1232.16;4.41;0
142;supply_node;2288.00;10.00;1242.00;1.68;0
142;supply_node;2290.00;10.00;1234.00;5.72;0
142;naval_base;2297.00;9.78;1236.00;-4.19;4174
142;naval_base;2289.00;9.85;1238.00;1.33;4174
142;bunker;2294.00;9.80;1244.00;5.52;0
142;bunker;2296.00;9.80;1236.00;1.90;0
142;coastal_bunker;2295.00;9.80;1235.00;-4.19;0
142;coastal_bunker;2295.00;9.53;1243.00;1.33;0
142;dockyard;2297.00;9.80;1239.00;-4.19;0
142;anti_air_building;2288.00;10.10;1231.00;1.81;0
142;anti_air_building;2289.00;10.00;1243.00;4.47;0
142;anti_air_building;2283.00;10.12;1237.00;6.03;0
142;synthetic_refinery;2284.00;10.10;1237.00;2.41;0
142;fuel_silo;2286.00;10.03;1235.00;0.26;0
142;radar_station;2292.00;9.80;1238.00;1.87;0
142;rocket_site;2293.00;9.80;1244.00;4.48;0
142;nuclear_reactor;2290.00;9.78;1241.00;0.86;0
142;floating_harbor;2361.00;9.50;1265.00;-1.24;2234
142;floating_harbor;2303.08;9.50;1241.47;-1.05;4680
103;arms_factory;2321.00;10.88;1262.00;3.36;0
103;arms_factory;2281.00;10.10;1250.00;1.19;0
103;arms_factory;2312.00;12.00;1276.00;2.40;0
103;arms_factory;2310.00;11.43;1264.00;0.25;0
103;arms_factory;2295.00;10.20;1248.00;1.80;0
103;arms_factory;2309.00;12.23;1285.00;4.47;0
103;industrial_complex;2280.00;10.30;1252.00;0.85;0
103;industrial_complex;2325.00;10.35;1259.00;3.86;0
103;industrial_complex;2320.00;11.35;1267.00;5.07;0
103;industrial_complex;2288.00;10.35;1252.00;2.92;0
103;industrial_complex;2324.00;10.65;1263.00;5.58;0
103;industrial_complex;2296.00;10.95;1262.00;0.85;0
103;air_base;2305.34;11.40;1265.41;6.28;0
103;supply_node;2305.00;11.25;1265.00;2.58;0
103;supply_node;2318.00;11.00;1260.00;5.52;0
103;supply_node;2270.00;10.40;1252.00;0.72;0
103;supply_node;2314.00;11.90;1272.00;4.76;0
103;supply_node;2276.00;10.40;1243.00;1.41;0
103;supply_node;2310.00;10.70;1257.00;2.89;0
103;supply_node;2304.00;10.30;1250.00;0.65;0
103;supply_node;2290.00;10.35;1253.00;2.12;0
103;supply_node;2279.00;10.65;1261.00;5.06;0
103;supply_node;2290.00;11.05;1264.00;2.82;0
103;supply_node;2333.00;10.70;1270.00;4.30;0
103;supply_node;2325.00;10.70;1275.00;0.95;0
103;supply_node;2317.00;10.20;1250.00;3.53;0
103;supply_node;2282.00;10.10;1249.00;0.19;0
103;supply_node;2298.00;10.70;1257.00;3.12;0
103;supply_node;2327.00;10.55;1263.00;5.71;0
103;supply_node;2299.00;11.40;1271.00;2.36;0
103;supply_node;2321.00;11.40;1268.00;3.84;0
103;supply_node;2309.00;12.00;1282.00;1.60;0
103;supply_node;2319.00;11.45;1281.00;4.53;0
103;naval_base;2342.00;9.95;1278.00;-4.07;4174
103;naval_base;2310.00;9.50;1243.00;0.00;4174
103;naval_base;2327.00;10.00;1260.00;0.79;4174
103;naval_base;2300.00;9.85;1247.00;0.46;4174
103;naval_base;2326.00;10.30;1259.00;1.17;4174
103;naval_base;2296.00;9.80;1247.00;0.86;4174
103;naval_base;2328.00;10.00;1277.00;1.57;4174
103;bunker;2290.00;10.95;1263.00;5.21;0
103;bunker;2314.00;10.55;1255.00;0.48;0
103;bunker;2308.00;11.75;1273.00;4.61;0
103;bunker;2279.00;10.30;1245.00;5.81;0
103;bunker;2292.00;10.30;1250.00;3.66;0
103;bunker;2267.00;10.50;1252.00;0.39;0
103;bunker;2321.00;11.40;1268.00;1.60;0
103;bunker;2305.00;12.15;1279.00;5.72;0
103;bunker;2284.00;10.15;1247.00;2.10;0
103;bunker;2318.00;11.43;1284.00;3.66;0
103;bunker;2314.00;11.90;1272.00;0.04;0
103;bunker;2322.00;11.15;1275.00;4.17;0
103;bunker;2326.00;10.85;1265.00;0.55;0
103;bunker;2321.00;10.40;1252.00;2.10;0
103;bunker;2281.00;10.80;1263.00;4.77;0
103;bunker;2302.00;10.45;1252.00;2.61;0
103;bunker;2331.00;10.53;1273.00;2.71;0
103;bunker;2309.00;11.90;1268.00;0.55;0
103;bunker;2299.00;10.65;1256.00;4.67;0
103;bunker;2318.00;11.00;1259.00;5.88;0
103;coastal_bunker;2327.00;10.45;1277.00;1.57;0
103;coastal_bunker;2314.00;10.10;1245.00;0.00;0
103;coastal_bunker;2296.00;10.20;1248.00;0.86;0
103;coastal_bunker;2303.00;9.50;1245.00;0.46;0
103;coastal_bunker;2339.00;10.35;1276.00;-4.07;0
103;coastal_bunker;2331.00;10.00;1263.00;0.79;0
103;coastal_bunker;2324.00;10.30;1255.00;1.17;0
103;dockyard;2330.00;10.45;1263.00;0.79;0
103;anti_air_building;2332.00;10.82;1270.00;4.34;0
103;anti_air_building;2277.00;10.30;1251.00;2.17;0
103;anti_air_building;2311.00;12.00;1282.00;4.84;0
103;synthetic_refinery;2312.00;10.60;1255.00;1.57;0
103;fuel_silo;2321.00;10.55;1257.00;2.78;0
103;radar_station;2304.00;11.25;1266.00;1.40;0
103;rocket_site;2324.00;11.05;1282.00;3.29;0
103;nuclear_reactor;2300.00;11.00;1260.00;4.84;0
103;floating_harbor;2331.43;9.50;1254.24;-1.98;962
103;floating_harbor;2309.13;9.50;1239.74;-2.68;4696
103;floating_harbor;2302.31;9.50;1242.44;-2.28;4697
103;floating_harbor;2342.60;9.50;1277.20;-0.93;4700
103;floating_harbor;2361.00;9.50;1265.00;-1.87;4701
103;floating_harbor;2317.00;9.50;1240.00;-3.14;4708
103;floating_harbor;2333.95;9.50;1256.05;-2.36;4711
232;arms_factory;2274.00;10.50;1223.00;0.77;0
232;arms_factory;2290.00;10.80;1222.00;3.43;0
232;arms_factory;2265.00;10.45;1240.00;1.27;0
232;arms_factory;2291.00;10.80;1219.00;2.83;0
232;arms_factory;2277.00;11.00;1216.00;5.50;0
232;arms_factory;2286.00;10.50;1226.00;3.34;0
232;industrial_complex;2266.00;10.60;1221.00;3.44;0
232;industrial_complex;2275.00;10.35;1235.00;1.28;0
232;industrial_complex;2278.00;10.60;1221.00;3.95;0
232;industrial_complex;2290.00;10.85;1217.00;0.33;0
232;industrial_complex;2269.00;10.57;1224.00;1.88;0
232;industrial_complex;2286.00;10.60;1223.00;6.01;0
232;air_base;2281.00;11.10;1212.00;0.93;0
232;supply_node;2297.00;10.53;1225.00;4.08;0
232;supply_node;2275.00;10.30;1229.00;5.56;0
232;supply_node;2261.00;10.30;1250.00;3.32;0
232;supply_node;2285.00;10.90;1212.00;4.80;0
232;supply_node;2292.00;10.70;1217.00;1.45;0
232;supply_node;2268.00;10.60;1223.00;5.49;0
232;supply_node;2274.00;10.50;1237.00;0.68;0
232;supply_node;2278.00;10.80;1218.00;3.63;0
232;supply_node;2288.00;10.53;1225.00;6.21;0
232;supply_node;2263.00;10.25;1236.00;2.86;0
232;naval_base;2302.00;10.10;1228.00;-3.68;4174
232;bunker;2280.00;10.45;1227.00;4.01;0
232;bunker;2274.00;10.70;1218.00;5.57;0
232;bunker;2282.00;10.53;1223.00;1.95;0
232;bunker;2262.00;10.35;1249.00;6.08;0
232;bunker;2289.00;10.53;1226.00;1.00;0
232;bunker;2273.00;10.30;1234.00;4.01;0
232;bunker;2287.00;10.90;1212.00;0.40;0
232;bunker;2294.00;10.80;1222.00;3.06;0
232;bunker;2299.00;10.57;1218.00;5.73;0
232;bunker;2264.00;10.30;1238.00;2.46;0
232;coastal_bunker;2302.00;10.10;1228.00;-3.68;0
232;dockyard;2299.00;10.15;1231.00;-3.68;0
232;anti_air_building;2288.00;10.57;1224.00;4.52;0
232;anti_air_building;2297.00;10.53;1221.00;0.90;0
232;anti_air_building;2263.00;10.30;1256.00;3.58;0
232;synthetic_refinery;2280.00;10.82;1218.00;6.24;0
232;fuel_silo;2293.00;10.53;1227.00;2.97;0
232;radar_station;2280.00;10.50;1234.00;3.35;0
232;rocket_site;2269.00;10.53;1237.00;2.02;0
232;nuclear_reactor;2262.00;10.30;1238.00;4.69;0
232;floating_harbor;2303.60;9.50;1236.00;-0.54;1410
234;arms_factory;2350.00;10.85;1307.00;2.60;0
234;arms_factory;2326.00;11.25;1295.00;5.27;0
234;arms_factory;2342.00;10.40;1317.00;3.10;0
234;arms_factory;2358.00;10.40;1299.00;4.31;0
234;arms_factory;2351.00;10.70;1304.00;1.04;0
234;arms_factory;2327.00;11.30;1293.00;3.71;0
234;industrial_complex;2346.00;10.70;1313.00;0.09;0
234;industrial_complex;2355.00;10.50;1315.00;1.65;0
234;industrial_complex;2326.00;11.45;1301.00;5.77;0
234;industrial_complex;2328.00;10.90;1287.00;0.70;0
234;industrial_complex;2337.00;11.20;1305.00;4.82;0
234;industrial_complex;2352.00;10.82;1311.00;1.55;0
234;air_base;2336.00;10.75;1294.00;2.76;0
234;supply_node;2357.00;10.45;1299.00;0.90;0
234;supply_node;2342.00;11.00;1311.00;3.83;0
234;supply_node;2333.00;10.70;1287.00;5.32;0
234;supply_node;2333.00;11.12;1299.00;1.97;0
234;supply_node;2343.00;10.45;1300.00;6.01;0
234;supply_node;2321.00;11.43;1294.00;1.20;0
234;supply_node;2350.00;10.75;1305.00;4.14;0
234;supply_node;2352.00;10.57;1314.00;0.44;0
234;naval_base;2359.81;10.30;1295.73;1.11;4174
234;naval_base;2352.74;10.30;1319.41;-3.34;4265
234;naval_base;2331.00;10.00;1279.00;1.11;4174
234;naval_base;2344.00;10.30;1318.00;-3.42;4265
234;naval_base;2348.43;10.50;1298.16;-0.31;4174
234;bunker;2354.00;10.80;1311.00;3.78;0
234;bunker;2336.00;10.75;1294.00;0.16;0
234;bunker;2350.00;10.80;1306.00;2.83;0
234;bunker;2316.00;11.55;1295.00;5.50;0
234;bunker;2354.00;10.30;1298.00;2.23;0
234;bunker;2341.00;10.75;1313.00;4.89;0
234;bunker;2343.00;10.53;1301.00;1.28;0
234;bunker;2334.00;11.25;1301.00;5.40;0
234;coastal_bunker;2356.72;10.30;1296.02;-0.69;0
234;coastal_bunker;2342.46;10.50;1291.04;0.81;0
234;coastal_bunker;2349.58;10.30;1318.39;-2.54;0
234;coastal_bunker;2343.69;10.30;1295.47;1.79;0
234;coastal_bunker;2340.84;10.30;1318.45;-3.12;0
234;dockyard;2339.00;9.60;1284.00;1.11;0
234;anti_air_building;2344.00;11.15;1310.00;4.45;0
234;anti_air_building;2350.00;10.80;1312.00;6.01;0
234;anti_air_building;2327.00;11.30;1298.00;2.39;0
234;synthetic_refinery;2330.00;10.80;1285.00;0.23;0
234;fuel_silo;2341.00;10.95;1305.00;2.90;0
234;radar_station;2339.00;10.85;1299.00;5.28;0
234;rocket_site;2334.00;10.80;1292.00;2.29;0
234;nuclear_reactor;2342.00;10.85;1304.00;3.51;0
234;floating_harbor;2365.26;9.50;1294.87;-2.03;847
234;floating_harbor;2345.92;9.50;1324.73;-0.28;1335
234;floating_harbor;2343.26;9.50;1281.87;-2.03;1944
234;floating_harbor;2349.95;9.50;1293.05;-2.36;2583
234;floating_harbor;2354.37;9.50;1325.86;-0.20;4704
1;supply_node;1942.00;9.60;2021.00;5.05;0
1;stronghold_network;2156.00;10.10;2041.00;0.99;0
1;nuclear_reactor_spawn;2085.00;11.85;2040.00;3.66;0
1;special_project_facility_spawn;2089.00;15.05;1980.00;0.04;0
1;special_project_facility_spawn;2104.00;15.25;1975.00;2.70;0
1;special_project_facility_spawn;1972.00;11.95;1991.00;5.72;0
1;special_project_facility_spawn;2062.00;12.57;1980.00;0.64;0
1;special_project_facility_spawn;2065.00;12.85;2012.00;4.76;0
1;special_project_facility_spawn;1974.00;10.85;1961.00;2.61;0
1;special_project_facility_spawn;2031.00;10.65;1905.00;2.71;0
1;special_project_facility_spawn;2077.00;13.80;1956.00;0.55;0
1;special_project_facility_spawn;2172.00;10.90;2001.00;3.21;0
1;special_project_facility_spawn;1961.00;11.00;2016.00;4.77;0
1;special_project_facility_spawn;2218.00;10.65;2025.00;1.16;0
1;special_project_facility_spawn;2269.00;11.05;2042.00;5.28;0
1;special_project_facility_spawn;1983.00;11.93;2023.00;0.20;0
1;special_project_facility_spawn;1995.00;11.45;1959.00;3.22;0
1;special_project_facility_spawn;2164.00;10.35;2045.00;5.88;0
1;rocket_site_spawn;2140.00;10.53;2035.00;2.26;0
1;naval_base_spawn;1979.00;10.30;1933.00;0.30;3786
1;naval_base_spawn;2024.00;10.30;1919.00;-0.75;3786
1;naval_base_spawn;1951.00;9.60;1997.00;-0.13;4217
1;naval_base_spawn;1956.00;9.60;1972.00;-0.52;4217
2;stronghold_network;3811.00;16.70;4.00;3.66;0
2;nuclear_reactor_spawn;3780.00;12.93;61.00;0.04;0
2;special_project_facility_spawn;3816.00;16.70;6.00;2.70;0
2;special_project_facility_spawn;3810.00;11.45;88.00;5.72;0
2;special_project_facility_spawn;3864.00;15.50;14.00;0.64;0
2;special_project_facility_spawn;3914.00;13.55;15.00;4.76;0
2;special_project_facility_spawn;3847.00;16.77;26.00;2.61;0
2;rocket_site_spawn;3811.00;16.77;24.00;2.71;0
3;stronghold_network;2975.00;11.80;51.00;2.70;0
3;nuclear_reactor_spawn;2928.00;10.85;38.00;5.72;0
3;special_project_facility_spawn;2868.00;13.15;34.00;0.64;0
3;special_project_facility_spawn;2961.00;12.00;8.00;4.76;0
3;special_project_facility_spawn;2869.00;11.40;59.00;2.61;0
3;special_project_facility_spawn;2926.00;11.48;80.00;2.71;0
3;special_project_facility_spawn;2815.00;14.20;17.00;0.55;0
3;special_project_facility_spawn;2959.00;11.20;62.00;3.21;0
3;special_project_facility_spawn;2916.00;11.40;8.00;4.77;0
3;special_project_facility_spawn;2909.00;12.23;78.00;1.16;0
3;special_project_facility_spawn;2993.00;12.40;34.00;5.28;0
3;rocket_site_spawn;2851.00;14.90;26.00;0.20;0
4;stronghold_network;2180.00;13.00;1953.00;0.64;0
4;nuclear_reactor_spawn;2165.00;20.12;1949.00;4.76;0
4;special_project_facility_spawn;2197.00;14.60;1983.00;2.61;0
4;special_project_facility_spawn;2173.00;11.20;1971.00;2.71;0
4;special_project_facility_spawn;2181.00;11.00;1977.00;0.55;0
4;special_project_facility_spawn;2160.00;12.68;1984.00;3.21;0
4;special_project_facility_spawn;2164.00;11.85;1963.00;4.77;0
4;special_project_facility_spawn;2175.00;11.18;1976.00;1.16;0
4;special_project_facility_spawn;2189.00;10.85;1968.00;5.28;0
4;special_project_facility_spawn;2146.00;13.05;1972.00;0.20;0
4;special_project_facility_spawn;2177.00;12.43;1956.00;3.22;0
4;special_project_facility_spawn;2162.00;11.10;1974.00;5.88;0
4;special_project_facility_spawn;2177.00;12.25;1995.00;2.26;0
4;rocket_site_spawn;2198.00;14.75;1984.00;0.11;0
5;stronghold_network;2159.00;11.12;1849.00;2.61;0
5;nuclear_reactor_spawn;2151.00;12.88;1899.00;2.71;0
5;special_project_facility_spawn;2048.00;10.70;1904.00;0.55;0
5;special_project_facility_spawn;2128.00;11.10;1830.00;3.21;0
5;special_project_facility_spawn;2051.00;10.53;1862.00;4.77;0
5;special_project_facility_spawn;2144.00;13.95;1906.00;1.16;0
5;special_project_facility_spawn;2084.00;10.25;1809.00;5.28;0
5;special_project_facility_spawn;2119.00;15.30;1924.00;0.20;0
5;special_project_facility_spawn;2140.00;14.15;1929.00;3.22;0
5;special_project_facility_spawn;2149.00;12.30;1864.00;5.88;0
5;special_project_facility_spawn;2153.00;12.65;1893.00;2.26;0
5;special_project_facility_spawn;2081.00;10.40;1812.00;0.11;0
5;rocket_site_spawn;2065.00;12.20;1908.00;1.67;0
5;naval_base_spawn;2053.00;9.50;1818.00;-1.33;3615
5;naval_base_spawn;2089.00;9.50;1805.00;-1.07;3615
5;naval_base_spawn;2045.00;10.30;1881.00;-1.53;3786
5;naval_base_spawn;2076.00;9.50;1810.00;-0.64;3615
5;naval_base_spawn;2130.00;9.50;1807.00;0.44;4067
6;stronghold_network;2209.00;14.10;1987.00;0.55;0
6;nuclear_reactor_spawn;2281.00;10.00;1994.00;3.21;0
6;special_project_facility_spawn;2507.00;10.93;2042.00;4.77;0
6;special_project_facility_spawn;2206.00;11.65;2001.00;1.16;0
6;special_project_facility_spawn;2444.00;10.80;2021.00;5.28;0
6;special_project_facility_spawn;2326.00;10.95;2013.00;0.20;0
6;special_project_facility_spawn;2292.00;10.40;2019.00;3.22;0
6;special_project_facility_spawn;2404.00;10.50;2044.00;5.88;0
6;special_project_facility_spawn;2277.00;10.55;1985.00;2.26;0
6;special_project_facility_spawn;2251.00;10.60;1977.00;0.11;0
6;special_project_facility_spawn;2275.00;10.60;2008.00;1.67;0
6;special_project_facility_spawn;2221.00;12.80;1999.00;5.79;0
6;special_project_facility_spawn;2209.00;10.65;1957.00;0.71;0
6;rocket_site_spawn;2301.00;10.95;2019.00;4.83;0
6;naval_base_spawn;2491.00;10.30;2009.00;1.35;3445
6;naval_base_spawn;2314.00;10.40;1999.00;0.94;4373
6;naval_base_spawn;2515.00;9.95;2045.00;-4.45;4402
6;naval_base_spawn;2342.00;9.85;2010.00;1.57;3458
6;naval_base_spawn;2390.00;9.50;2046.00;-0.79;3458
6;naval_base_spawn;2293.00;10.20;1970.00;1.57;4373
7;stronghold_network;2267.00;10.70;1930.00;4.77;0
7;nuclear_reactor_spawn;2225.00;10.95;1936.00;1.16;0
7;special_project_facility_spawn;2224.00;10.70;1945.00;5.28;0
7;special_project_facility_spawn;2210.00;12.30;1909.00;0.20;0
7;special_project_facility_spawn;2236.00;10.40;1934.00;3.22;0
7;special_project_facility_spawn;2291.00;10.15;1956.00;5.88;0
7;special_project_facility_spawn;2249.00;10.55;1927.00;2.26;0
7;rocket_site_spawn;2274.00;10.40;1941.00;0.11;0
7;naval_base_spawn;2302.00;10.30;1961.00;-4.35;4373
7;naval_base_spawn;2286.00;10.10;1935.00;-4.17;4373
8;stronghold_network;3591.00;14.80;52.00;5.28;0
8;nuclear_reactor_spawn;3468.00;11.50;54.00;0.20;0
8;special_project_facility_spawn;3537.00;15.57;49.00;3.22;0
8;special_project_facility_spawn;3553.00;14.93;111.00;5.88;0
8;special_project_facility_spawn;3491.00;12.50;12.00;2.26;0
8;special_project_facility_spawn;3512.00;12.30;18.00;0.11;0
8;special_project_facility_spawn;3604.00;13.75;7.00;1.67;0
8;special_project_facility_spawn;3618.00;15.32;56.00;5.79;0
8;special_project_facility_spawn;3495.00;12.80;99.00;0.71;0
8;special_project_facility_spawn;3436.00;12.60;57.00;4.83;0
8;special_project_facility_spawn;3503.00;14.40;51.00;0.11;0
8;rocket_site_spawn;3609.00;13.80;12.00;2.78;0
9;stronghold_network;2168.00;13.45;1838.00;3.22;0
9;nuclear_reactor_spawn;2175.00;19.08;1930.00;5.88;0
9;special_project_facility_spawn;2190.00;16.88;1899.00;2.26;0
9;special_project_facility_spawn;2194.00;16.60;1885.00;0.11;0
9;special_project_facility_spawn;2203.00;18.35;1844.00;1.67;0
9;special_project_facility_spawn;2184.00;10.30;1824.00;5.79;0
9;special_project_facility_spawn;2176.00;15.62;1843.00;0.71;0
9;special_project_facility_spawn;2165.00;22.15;1944.00;4.83;0
9;special_project_facility_spawn;2167.00;12.65;1869.00;0.11;0
9;special_project_facility_spawn;2214.00;13.95;1888.00;2.78;0
9;special_project_facility_spawn;2199.00;14.95;1904.00;5.44;0
9;special_project_facility_spawn;2194.00;13.80;1920.00;2.17;0
9;special_project_facility_spawn;2199.00;15.95;1868.00;3.38;0
9;special_project_facility_spawn;2216.00;13.82;1848.00;1.22;0
9;special_project_facility_spawn;2166.00;14.70;1917.00;5.34;0
9;special_project_facility_spawn;2180.00;16.10;1938.00;5.45;0
9;special_project_facility_spawn;2166.00;13.68;1910.00;3.29;0
9;rocket_site_spawn;2212.00;15.65;1846.00;5.95;0
9;naval_base_spawn;2184.00;9.50;1821.00;0.00;4067
10;stronghold_network;2217.00;12.82;1895.00;2.26;0
10;nuclear_reactor_spawn;2227.00;12.03;1860.00;0.11;0
10;special_project_facility_spawn;2233.00;13.15;1872.00;1.67;0
10;special_project_facility_spawn;2278.00;10.30;1898.00;5.79;0
10;special_project_facility_spawn;2239.00;11.80;1894.00;0.71;0
10;special_project_facility_spawn;2269.00;11.35;1872.00;4.83;0
10;special_project_facility_spawn;2276.00;10.65;1889.00;0.11;0
10;special_project_facility_spawn;2241.00;12.35;1866.00;2.78;0
10;special_project_facility_spawn;2228.00;11.43;1855.00;5.44;0
10;rocket_site_spawn;2218.00;12.55;1865.00;2.17;0
10;naval_base_spawn;2287.00;10.10;1903.00;-4.60;4145
10;naval_base_spawn;2290.00;10.10;1873.00;1.47;4145
10;naval_base_spawn;2289.00;10.30;1863.00;-4.67;4145
11;stronghold_network;2117.00;12.00;1853.00;1.67;0
11;nuclear_reactor_spawn;2113.00;10.80;1835.00;5.79;0
11;special_project_facility_spawn;2115.00;11.07;1837.00;0.71;0
11;special_project_facility_spawn;2113.00;14.45;1884.00;4.83;0
11;special_project_facility_spawn;2098.00;13.62;1888.00;0.11;0
11;special_project_facility_spawn;2101.00;10.50;1832.00;2.78;0
11;special_project_facility_spawn;2138.00;12.20;1860.00;5.44;0
11;special_project_facility_spawn;2113.00;12.25;1855.00;2.17;0
11;rocket_site_spawn;2097.00;10.75;1836.00;3.38;0
12;stronghold_network;2311.00;11.75;1803.00;0.71;0
12;nuclear_reactor_spawn;2246.00;12.28;1830.00;4.83;0
12;special_project_facility_spawn;2321.00;10.65;1809.00;0.11;0
12;special_project_facility_spawn;2246.00;12.23;1835.00;2.78;0
12;special_project_facility_spawn;2270.00;12.55;1838.00;5.44;0
12;special_project_facility_spawn;2309.00;11.50;1831.00;2.17;0
12;special_project_facility_spawn;2261.00;12.80;1817.00;3.38;0
12;special_project_facility_spawn;2265.00;11.70;1854.00;1.22;0
12;special_project_facility_spawn;2306.00;11.80;1830.00;5.34;0
12;special_project_facility_spawn;2306.00;12.55;1814.00;5.45;0
12;special_project_facility_spawn;2246.00;13.23;1807.00;3.29;0
12;special_project_facility_spawn;2317.00;10.80;1842.00;5.95;0
12;special_project_facility_spawn;2279.00;13.35;1808.00;2.33;0
12;special_project_facility_spawn;2306.00;12.60;1817.00;3.89;0
12;rocket_site_spawn;2261.00;13.15;1807.00;1.73;0
12;naval_base_spawn;2300.00;10.30;1855.00;-4.41;4145
12;naval_base_spawn;2328.00;10.40;1804.00;-4.55;4517
12;naval_base_spawn;2333.00;10.30;1818.00;1.25;4517
12;naval_base_spawn;2306.00;10.45;1842.00;-3.93;4145
12;naval_base_spawn;2319.00;10.40;1845.00;-3.02;4145
13;stronghold_network;2324.00;11.30;1836.00;0.11;0
13;nuclear_reactor_spawn;2342.00;10.50;1857.00;2.78;0
13;special_project_facility_spawn;2344.00;10.65;1852.00;5.44;0
13;special_project_facility_spawn;2327.00;10.85;1841.00;2.17;0
13;special_project_facility_spawn;2336.00;10.40;1858.00;3.38;0
13;rocket_site_spawn;2341.00;10.53;1861.00;1.22;0
13;naval_base_spawn;2345.00;10.45;1856.00;1.57;4517
13;naval_base_spawn;2342.00;10.30;1863.00;-3.14;4145
13;naval_base_spawn;2330.00;10.30;1847.00;-3.28;4145
14;stronghold_network;2386.00;10.82;1812.00;5.34;0
14;radar_station;2381.00;9.50;1779.00;1.67;0
14;nuclear_reactor_spawn;2370.00;10.40;1814.00;3.29;0
14;special_project_facility_spawn;2400.00;10.30;1803.00;5.95;0
14;special_project_facility_spawn;2393.00;10.55;1820.00;2.33;0
14;special_project_facility_spawn;2375.00;10.90;1803.00;3.89;0
14;special_project_facility_spawn;2411.00;10.40;1819.00;1.73;0
14;special_project_facility_spawn;2390.00;10.57;1791.00;4.40;0
14;special_project_facility_spawn;2386.00;10.95;1796.00;0.78;0
14;special_project_facility_spawn;2377.00;10.30;1850.00;2.34;0
14;special_project_facility_spawn;2366.00;10.35;1834.00;0.18;0
14;rocket_site_spawn;2380.00;10.80;1796.00;2.24;0
14;naval_base_spawn;2392.00;10.30;1826.00;1.43;4003
14;naval_base_spawn;2411.00;10.20;1827.00;-3.14;4003
14;naval_base_spawn;2369.00;9.95;1831.00;-3.14;4517
14;naval_base_spawn;2393.00;10.20;1785.00;0.00;4003
14;naval_base_spawn;2374.00;9.50;1854.00;0.00;4517
14;naval_base_spawn;2381.00;9.85;1791.00;-1.03;4003
14;naval_base_spawn;2366.00;10.20;1813.00;-2.82;4517
14;naval_base_spawn;2397.00;10.20;1807.00;1.46;4003
15;stronghold_network;2276.00;13.35;1820.00;3.38;0
15;nuclear_reactor_spawn;2273.00;13.40;1821.00;1.22;0
15;special_project_facility_spawn;2266.00;12.40;1828.00;5.34;0
15;rocket_site_spawn;2279.00;13.00;1821.00;5.45;0
16;stronghold_network;2235.00;14.57;1809.00;5.34;0
16;nuclear_reactor_spawn;2213.00;18.30;1820.00;5.45;0
16;special_project_facility_spawn;2204.00;12.35;1797.00;3.29;0
16;special_project_facility_spawn;2230.00;18.10;1818.00;5.95;0
16;special_project_facility_spawn;2194.00;10.70;1803.00;2.33;0
16;special_project_facility_spawn;2213.00;18.23;1821.00;3.89;0
16;rocket_site_spawn;2204.00;13.40;1805.00;1.73;0
16;naval_base_spawn;2199.00;9.60;1793.00;-0.98;4067
16;naval_base_spawn;2190.00;10.20;1814.00;-1.82;4067
16;naval_base_spawn;2195.00;9.90;1816.00;-1.65;4067
17;stronghold_network;2337.00;10.60;1557.00;3.29;0
17;nuclear_reactor_spawn;2299.00;10.53;1550.00;5.95;0
17;special_project_facility_spawn;2320.00;10.80;1551.00;2.33;0
17;special_project_facility_spawn;2301.00;10.55;1548.00;3.89;0
17;special_project_facility_spawn;2313.00;10.80;1544.00;1.73;0
17;special_project_facility_spawn;2330.00;10.85;1552.00;4.40;0
17;special_project_facility_spawn;2335.00;10.53;1538.00;0.78;0
17;special_project_facility_spawn;2281.00;10.30;1552.00;2.34;0
17;special_project_facility_spawn;2296.00;10.30;1527.00;0.18;0
17;rocket_site_spawn;2340.00;10.50;1548.00;2.84;0
17;naval_base_spawn;2313.00;9.50;1526.00;0.00;4235
17;naval_base_spawn;2341.00;10.35;1549.00;1.57;4235
17;naval_base_spawn;2280.00;9.50;1538.00;-0.79;4120
17;naval_base_spawn;2328.00;9.60;1529.00;0.79;4235
17;naval_base_spawn;2288.00;10.15;1523.00;-0.79;4120
17;naval_base_spawn;2301.00;10.25;1531.00;0.38;4120
18;stronghold_network;2272.00;13.15;1796.00;2.33;0
18;nuclear_reactor_spawn;2285.00;12.70;1797.00;3.89;0
18;special_project_facility_spawn;2280.00;13.00;1799.00;1.73;0
18;special_project_facility_spawn;2277.00;13.12;1800.00;4.40;0
18;special_project_facility_spawn;2293.00;12.60;1798.00;0.78;0
18;rocket_site_spawn;2282.00;12.60;1796.00;2.34;0
19;stronghold_network;2252.00;12.70;1788.00;1.73;0
19;nuclear_reactor_spawn;2259.00;12.70;1791.00;4.40;0
19;special_project_facility_spawn;2270.00;12.57;1791.00;0.78;0
19;special_project_facility_spawn;2304.00;12.00;1789.00;2.34;0
19;special_project_facility_spawn;2249.00;12.75;1790.00;0.18;0
19;special_project_facility_spawn;2234.00;12.40;1781.00;2.84;0
19;special_project_facility_spawn;2257.00;12.40;1788.00;5.50;0
19;special_project_facility_spawn;2328.00;11.10;1790.00;2.24;0
19;special_project_facility_spawn;2320.00;11.45;1787.00;3.45;0
19;special_project_facility_spawn;2339.00;10.40;1793.00;1.29;0
19;special_project_facility_spawn;2213.00;10.50;1782.00;2.85;0
19;special_project_facility_spawn;2283.00;12.50;1788.00;5.51;0
19;special_project_facility_spawn;2287.00;12.57;1792.00;1.90;0
19;rocket_site_spawn;2311.00;12.00;1787.00;6.02;0
19;naval_base_spawn;2205.00;9.55;1781.00;-1.95;4067
19;naval_base_spawn;2351.00;10.20;1789.00;-4.04;4517
20;stronghold_network;2335.00;11.20;1771.00;0.78;0
20;nuclear_reactor_spawn;2311.00;12.40;1774.00;2.34;0
20;special_project_facility_spawn;2319.00;11.12;1723.00;0.18;0
20;special_project_facility_spawn;2290.00;10.85;1722.00;2.84;0
20;special_project_facility_spawn;2280.00;11.65;1766.00;5.50;0
20;special_project_facility_spawn;2310.00;11.50;1743.00;2.24;0
20;special_project_facility_spawn;2299.00;12.50;1773.00;3.45;0
20;special_project_facility_spawn;2288.00;10.90;1753.00;1.29;0
20;special_project_facility_spawn;2316.00;11.65;1741.00;2.85;0
20;special_project_facility_spawn;2344.00;10.82;1770.00;5.51;0
20;special_project_facility_spawn;2330.00;11.45;1747.00;1.90;0
20;special_project_facility_spawn;2307.00;12.30;1771.00;6.02;0
20;special_project_facility_spawn;2273.00;10.25;1736.00;6.12;0
20;special_project_facility_spawn;2325.00;11.95;1755.00;3.96;0
20;special_project_facility_spawn;2321.00;11.50;1782.00;1.80;0
20;rocket_site_spawn;2295.00;11.25;1752.00;4.46;0
20;naval_base_spawn;2351.00;10.30;1782.00;-3.93;4517
21;stronghold_network;2112.00;10.57;1746.00;0.18;0
21;nuclear_reactor_spawn;2129.00;10.70;1764.00;2.84;0
21;special_project_facility_spawn;2128.00;10.53;1759.00;5.50;0
21;special_project_facility_spawn;2134.00;10.75;1757.00;2.24;0
21;special_project_facility_spawn;2112.00;10.60;1748.00;3.45;0
21;rocket_site_spawn;2124.00;10.53;1759.00;1.29;0
21;naval_base_spawn;2113.00;10.40;1744.00;-1.57;4434
21;naval_base_spawn;2132.00;10.40;1766.00;-3.68;4067
21;naval_base_spawn;2143.00;10.45;1752.00;1.57;4067
22;stronghold_network;2408.00;10.50;1344.00;5.50;0
22;nuclear_reactor_spawn;2388.00;10.90;1322.00;2.24;0
22;special_project_facility_spawn;2380.00;10.95;1314.00;3.45;0
22;special_project_facility_spawn;2372.00;10.40;1324.00;1.29;0
22;special_project_facility_spawn;2363.00;10.90;1311.00;2.85;0
22;special_project_facility_spawn;2380.00;10.70;1312.00;5.51;0
22;special_project_facility_spawn;2396.00;10.65;1333.00;1.90;0
22;special_project_facility_spawn;2368.00;10.70;1318.00;6.02;0
22;special_project_facility_spawn;2388.00;10.65;1312.00;6.12;0
22;special_project_facility_spawn;2393.00;10.80;1320.00;3.96;0
22;special_project_facility_spawn;2390.00;10.35;1332.00;1.80;0
22;special_project_facility_spawn;2405.00;10.45;1340.00;4.46;0
22;rocket_site_spawn;2386.00;10.70;1324.00;6.03;0
22;naval_base_spawn;2370.00;10.30;1325.00;-2.60;4265
22;naval_base_spawn;2376.00;10.00;1327.00;-2.94;4265
22;naval_base_spawn;2405.00;10.30;1329.00;1.19;4265
22;naval_base_spawn;2392.00;10.30;1309.00;1.57;4265
22;naval_base_spawn;2403.00;10.45;1342.00;-3.93;4265
22;naval_base_spawn;2396.00;9.50;1312.00;1.25;4265
22;naval_base_spawn;2372.00;9.60;1305.00;-0.24;4174
22;naval_base_spawn;2366.00;9.60;1305.00;0.79;4174
22;naval_base_spawn;2393.00;10.40;1334.00;-2.60;4265
23;supply_node;3507.00;9.60;1619.00;5.20;0
23;stronghold_network;3486.00;10.50;1659.00;1.29;0
23;nuclear_reactor_spawn;3517.00;10.60;1694.00;2.85;0
23;special_project_facility_spawn;3516.00;10.80;1640.00;5.51;0
23;special_project_facility_spawn;3546.00;10.55;1669.00;1.90;0
23;special_project_facility_spawn;3524.00;10.60;1699.00;6.02;0
23;special_project_facility_spawn;3455.00;11.20;1670.00;6.12;0
23;special_project_facility_spawn;3412.00;12.75;1631.00;3.96;0
23;special_project_facility_spawn;3516.00;10.60;1710.00;1.80;0
23;special_project_facility_spawn;3403.00;11.35;1665.00;4.46;0
23;special_project_facility_spawn;3546.00;10.50;1691.00;6.03;0
23;special_project_facility_spawn;3464.00;11.25;1669.00;2.41;0
23;special_project_facility_spawn;3492.00;10.20;1706.00;0.25;0
23;special_project_facility_spawn;3483.00;10.25;1700.00;1.45;0
23;special_project_facility_spawn;3491.00;10.35;1673.00;4.47;0
23;special_project_facility_spawn;3407.00;10.30;1585.00;0.85;0
23;special_project_facility_spawn;3436.00;12.25;1645.00;3.52;0
23;special_project_facility_spawn;3484.00;10.55;1622.00;5.08;0
23;special_project_facility_spawn;3430.00;10.68;1614.00;2.92;0
23;special_project_facility_spawn;3512.00;10.25;1681.00;5.58;0
23;special_project_facility_spawn;3528.00;10.82;1660.00;1.96;0
23;special_project_facility_spawn;3396.00;12.07;1652.00;4.98;0
23;special_project_facility_spawn;3453.00;10.55;1683.00;6.19;0
23;special_project_facility_spawn;3440.00;12.50;1658.00;4.03;0
23;special_project_facility_spawn;3475.00;10.80;1637.00;0.41;0
23;special_project_facility_spawn;3402.00;11.38;1625.00;1.97;0
23;special_project_facility_spawn;3416.00;10.30;1688.00;4.63;0
23;special_project_facility_spawn;3491.00;10.60;1664.00;2.47;0
23;special_project_facility_spawn;3459.00;10.45;1593.00;5.14;0
23;special_project_facility_spawn;3493.00;10.80;1666.00;0.41;0
23;special_project_facility_spawn;3537.00;10.50;1716.00;4.54;0
23;special_project_facility_spawn;3409.00;10.95;1604.00;0.92;0
23;special_project_facility_spawn;3507.00;10.30;1622.00;2.48;0
23;special_project_facility_spawn;3445.00;10.78;1624.00;5.14;0
23;special_project_facility_spawn;3521.00;10.20;1748.00;2.98;0
23;rocket_site_spawn;3398.00;11.55;1637.00;4.19;0
23;naval_base_spawn;3402.00;10.00;1675.00;-2.03;3617
23;naval_base_spawn;3507.00;9.60;1616.00;1.57;4066
23;naval_base_spawn;3484.00;10.10;1707.00;-2.55;4071
23;naval_base_spawn;3490.00;10.30;1601.00;0.59;4066
23;naval_base_spawn;3487.00;9.50;1641.00;-0.09;4066
23;naval_base_spawn;3502.00;10.00;1646.00;0.00;4066
23;naval_base_spawn;3415.00;9.95;1688.00;-3.14;4071
23;naval_base_spawn;3550.00;10.20;1678.00;-4.51;4051
23;naval_base_spawn;3400.00;9.60;1581.00;0.00;4272
23;naval_base_spawn;3536.00;10.30;1656.00;-4.59;4051
23;naval_base_spawn;3525.00;10.30;1725.00;-3.05;3502
23;naval_base_spawn;3459.00;9.60;1590.00;1.57;3636
23;naval_base_spawn;3469.00;10.20;1698.00;-2.25;4071
23;naval_base_spawn;3541.00;10.30;1709.00;-4.12;4051
23;naval_base_spawn;3543.00;10.35;1701.00;-4.43;4051
23;naval_base_spawn;3457.00;10.40;1634.00;1.13;4066
23;naval_base_spawn;3468.00;9.60;1625.00;-0.79;4066
23;naval_base_spawn;3445.00;10.30;1685.00;-3.41;4071
23;naval_base_spawn;3395.00;9.60;1624.00;-1.57;3617
23;naval_base_spawn;3417.00;9.95;1610.00;0.46;4272
23;naval_base_spawn;3525.00;9.50;1746.00;-3.14;3502
23;naval_base_spawn;3447.00;10.00;1621.00;0.40;4272
23;naval_base_spawn;3391.00;10.00;1634.00;-1.25;3617
23;naval_base_spawn;3379.00;9.60;1648.00;-1.74;3617
23;naval_base_spawn;3551.00;10.20;1676.00;1.19;4051
23;naval_base_spawn;3477.00;10.30;1646.00;1.08;4066
23;naval_base_spawn;3456.00;10.20;1689.00;-2.49;4071
24;stronghold_network;2242.00;14.15;1796.00;2.85;0
24;nuclear_reactor_spawn;2238.00;13.85;1795.00;5.51;0
24;special_project_facility_spawn;2234.00;13.68;1796.00;1.90;0
24;special_project_facility_spawn;2231.00;13.30;1794.00;6.02;0
24;special_project_facility_spawn;2262.00;13.10;1795.00;6.12;0
24;rocket_site_spawn;2239.00;13.88;1796.00;3.96;0
24;naval_base_spawn;2216.00;10.30;1789.00;-1.57;4067
25;stronghold_network;2306.00;12.20;1800.00;1.90;0
25;nuclear_reactor_spawn;2311.00;11.85;1794.00;6.02;0
25;special_project_facility_spawn;2305.00;12.15;1796.00;6.12;0
25;special_project_facility_spawn;2318.00;11.25;1800.00;3.96;0
25;special_project_facility_spawn;2330.00;10.75;1797.00;1.80;0
25;rocket_site_spawn;2312.00;11.70;1800.00;4.46;0
25;naval_base_spawn;2336.00;10.30;1796.00;-4.17;4517
26;stronghold_network;4667.00;10.80;1570.00;6.12;0
26;nuclear_reactor_spawn;4648.00;10.50;1556.00;3.96;0
26;special_project_facility_spawn;4633.00;10.75;1545.00;1.80;0
26;special_project_facility_spawn;4684.00;10.55;1610.00;4.46;0
26;special_project_facility_spawn;4666.00;10.90;1582.00;6.03;0
26;rocket_site_spawn;4641.00;10.50;1554.00;2.41;0
26;naval_base_spawn;4647.00;9.60;1579.00;-2.88;4527
26;naval_base_spawn;4682.00;10.30;1599.00;-3.93;4057
26;naval_base_spawn;4678.00;10.15;1578.00;1.11;3594
27;stronghold_network;3602.00;10.50;1556.00;1.80;0
27;nuclear_reactor_spawn;3614.00;10.30;1574.00;4.46;0
27;special_project_facility_spawn;3645.00;10.80;1594.00;6.03;0
27;special_project_facility_spawn;3603.00;10.55;1555.00;2.41;0
27;special_project_facility_spawn;3631.00;11.25;1563.00;0.25;0
27;special_project_facility_spawn;3652.00;10.00;1560.00;1.45;0
27;special_project_facility_spawn;3586.00;10.30;1552.00;4.47;0
27;rocket_site_spawn;3641.00;10.45;1596.00;0.85;0
27;naval_base_spawn;3611.00;9.50;1572.00;-1.89;3776
27;naval_base_spawn;3640.00;10.00;1553.00;1.28;3931
27;naval_base_spawn;3622.00;9.50;1587.00;-3.46;3653
27;naval_base_spawn;3590.00;10.20;1552.00;-1.57;3776
27;naval_base_spawn;3653.00;10.30;1561.00;-3.93;3931
28;stronghold_network;2575.00;11.48;25.00;6.03;0
28;nuclear_reactor_spawn;2562.00;10.40;62.00;2.41;0
28;special_project_facility_spawn;2573.00;11.25;69.00;0.25;0
28;special_project_facility_spawn;2723.00;11.60;57.00;1.45;0
28;special_project_facility_spawn;2684.00;13.10;15.00;4.47;0
28;special_project_facility_spawn;2641.00;13.60;82.00;0.85;0
28;special_project_facility_spawn;2601.00;12.50;80.00;3.52;0
28;special_project_facility_spawn;2597.00;12.10;16.00;5.08;0
28;special_project_facility_spawn;2618.00;14.05;83.00;2.92;0
28;special_project_facility_spawn;2585.00;11.65;97.00;5.58;0
28;special_project_facility_spawn;2606.00;13.95;60.00;1.96;0
28;special_project_facility_spawn;2576.00;11.48;51.00;4.98;0
28;special_project_facility_spawn;2648.00;12.88;36.00;6.19;0
28;special_project_facility_spawn;2647.00;12.20;13.00;4.03;0
28;special_project_facility_spawn;2578.00;11.43;6.00;0.41;0
28;special_project_facility_spawn;2577.00;11.40;33.00;1.97;0
28;special_project_facility_spawn;2576.00;11.43;57.00;4.63;0
28;special_project_facility_spawn;2609.00;11.70;116.00;2.47;0
28;special_project_facility_spawn;2583.00;11.93;92.00;5.14;0
28;special_project_facility_spawn;2570.00;11.05;26.00;0.41;0
28;rocket_site_spawn;2592.00;12.32;98.00;4.54;0
28;naval_base_spawn;2558.00;9.60;63.00;-0.56;3622
28;naval_base_spawn;2562.00;9.95;27.00;-1.43;3622
28;naval_base_spawn;2565.00;9.60;45.00;-1.77;3622
28;naval_base_spawn;2559.00;10.30;8.00;-1.43;3622
31;stronghold_network;2074.00;11.45;1303.00;3.52;0
31;nuclear_reactor_spawn;2071.00;11.35;1293.00;5.08;0
31;special_project_facility_spawn;2062.00;10.88;1290.00;2.92;0
31;special_project_facility_spawn;2032.00;10.53;1290.00;5.58;0
31;special_project_facility_spawn;2061.00;10.53;1302.00;1.96;0
31;special_project_facility_spawn;2076.00;11.30;1281.00;4.98;0
31;special_project_facility_spawn;2078.00;11.15;1279.00;6.19;0
31;special_project_facility_spawn;2027.00;10.65;1278.00;4.03;0
31;special_project_facility_spawn;2052.00;10.30;1284.00;0.41;0
31;rocket_site_spawn;2066.00;10.50;1307.00;1.97;0
31;naval_base_spawn;2020.00;9.50;1269.00;0.46;4501
31;naval_base_spawn;2054.00;9.50;1280.00;0.14;4501
31;naval_base_spawn;2051.00;10.40;1300.00;-2.48;4339
31;naval_base_spawn;2028.00;10.00;1285.00;-2.90;4339
31;naval_base_spawn;2058.00;9.50;1276.00;-1.46;4501
31;naval_base_spawn;2068.00;9.60;1312.00;-2.36;4339
32;stronghold_network;2229.00;13.40;1126.00;2.92;0
32;nuclear_reactor_spawn;2245.00;13.30;1132.00;5.58;0
32;special_project_facility_spawn;2234.00;13.07;1160.00;1.96;0
32;special_project_facility_spawn;2183.00;11.85;1114.00;4.98;0
32;special_project_facility_spawn;2257.00;14.60;1164.00;6.19;0
32;special_project_facility_spawn;2279.00;13.75;1143.00;4.03;0
32;special_project_facility_spawn;2217.00;13.00;1135.00;0.41;0
32;special_project_facility_spawn;2198.00;12.50;1104.00;1.97;0
32;special_project_facility_spawn;2217.00;12.12;1157.00;4.63;0
32;special_project_facility_spawn;2229.00;13.70;1144.00;2.47;0
32;special_project_facility_spawn;2215.00;14.05;1115.00;5.14;0
32;special_project_facility_spawn;2175.00;11.95;1146.00;0.41;0
32;special_project_facility_spawn;2204.00;13.57;1118.00;4.54;0
32;special_project_facility_spawn;2247.00;13.03;1114.00;0.92;0
32;special_project_facility_spawn;2202.00;12.53;1134.00;2.48;0
32;special_project_facility_spawn;2176.00;12.20;1126.00;5.14;0
32;special_project_facility_spawn;2256.00;13.70;1135.00;2.98;0
32;special_project_facility_spawn;2262.00;13.93;1134.00;4.19;0
32;special_project_facility_spawn;2240.00;13.25;1130.00;0.92;0
32;special_project_facility_spawn;2166.00;12.35;1108.00;3.59;0
32;rocket_site_spawn;2260.00;13.70;1139.00;6.25;0
34;stronghold_network;3468.00;10.85;1525.00;6.19;0
34;nuclear_reactor_spawn;3466.00;10.70;1525.00;4.03;0
34;special_project_facility_spawn;3455.00;10.53;1526.00;0.41;0
34;rocket_site_spawn;3453.00;10.45;1526.00;1.97;0
34;naval_base_spawn;3457.00;9.60;1519.00;-3.34;3636
35;stronghold_network;4041.00;9.60;1522.00;0.41;0
35;nuclear_reactor_spawn;4047.00;10.30;1525.00;1.97;0
35;special_project_facility_spawn;4051.00;9.60;1524.00;4.63;0
35;rocket_site_spawn;4045.00;10.30;1523.00;2.47;0
35;naval_base_spawn;4047.00;9.60;1522.00;1.57;4310
41;stronghold_network;2443.00;10.25;1498.00;0.92;0
41;nuclear_reactor_spawn;2444.00;10.30;1499.00;3.59;0
41;special_project_facility_spawn;2442.00;10.30;1498.00;6.25;0
41;rocket_site_spawn;2440.00;10.40;1502.00;2.64;0
41;naval_base_spawn;2443.00;10.30;1504.00;-2.36;3937
42;stronghold_network;2307.00;10.30;1496.00;6.25;0
42;nuclear_reactor_spawn;2307.00;10.35;1497.00;2.64;0
42;special_project_facility_spawn;2303.00;10.30;1498.00;5.65;0
42;special_project_facility_spawn;2293.00;10.30;1493.00;2.04;0
42;special_project_facility_spawn;2318.00;10.30;1496.00;4.70;0
42;rocket_site_spawn;2305.00;10.40;1500.00;2.54;0
42;naval_base_spawn;2302.00;9.60;1498.00;-1.57;4120
42;naval_base_spawn;2291.00;9.60;1493.00;-1.57;4120
42;naval_base_spawn;2319.00;9.55;1494.00;-3.14;4120
44;stronghold_network;2365.00;10.35;1495.00;4.70;0
44;nuclear_reactor_spawn;2361.00;10.40;1497.00;2.54;0
44;special_project_facility_spawn;2360.00;10.35;1496.00;4.10;0
44;rocket_site_spawn;2361.00;10.40;1496.00;0.48;0
44;naval_base_spawn;2361.00;10.30;1498.00;-3.14;4235
45;stronghold_network;2330.00;10.95;1558.00;4.10;0
45;nuclear_reactor_spawn;2324.00;11.40;1568.00;0.48;0
45;special_project_facility_spawn;2327.00;10.85;1559.00;3.15;0
45;special_project_facility_spawn;2343.00;10.40;1563.00;6.16;0
45;special_project_facility_spawn;2332.00;11.60;1582.00;1.09;0
45;special_project_facility_spawn;2341.00;11.45;1598.00;5.21;0
45;special_project_facility_spawn;2343.00;10.85;1583.00;1.59;0
45;rocket_site_spawn;2345.00;10.40;1570.00;3.15;0
45;naval_base_spawn;2349.00;10.30;1583.00;1.19;4235
45;naval_base_spawn;2346.00;10.30;1558.00;1.11;4235
46;stronghold_network;2334.00;11.50;1468.00;3.15;0
46;nuclear_reactor_spawn;2346.00;10.40;1481.00;6.16;0
46;special_project_facility_spawn;2308.00;11.20;1466.00;1.09;0
46;special_project_facility_spawn;2319.00;12.23;1468.00;5.21;0
46;special_project_facility_spawn;2336.00;10.70;1473.00;1.59;0
46;special_project_facility_spawn;2344.00;10.80;1470.00;3.15;0
46;special_project_facility_spawn;2359.00;10.40;1480.00;0.99;0
46;special_project_facility_spawn;2314.00;11.12;1475.00;3.66;0
46;rocket_site_spawn;2316.00;10.75;1457.00;0.04;0
46;naval_base_spawn;2368.00;10.30;1485.00;-4.12;4235
46;naval_base_spawn;2300.00;9.95;1471.00;-2.76;4120
46;naval_base_spawn;2351.00;10.00;1470.00;-3.14;4235
46;naval_base_spawn;2307.00;10.30;1477.00;-2.82;4120
46;naval_base_spawn;2329.00;10.00;1483.00;-3.82;4235
48;stronghold_network;2340.00;11.65;1455.00;1.59;0
48;nuclear_reactor_spawn;2372.00;10.50;1474.00;3.15;0
48;special_project_facility_spawn;2350.00;11.65;1451.00;0.99;0
48;special_project_facility_spawn;2367.00;10.95;1460.00;3.66;0
48;special_project_facility_spawn;2392.00;10.40;1463.00;0.04;0
48;special_project_facility_spawn;2326.00;12.10;1457.00;1.60;0
48;special_project_facility_spawn;2335.00;11.90;1460.00;5.72;0
48;special_project_facility_spawn;2341.00;10.55;1434.00;0.65;0
48;special_project_facility_spawn;2358.00;11.15;1461.00;4.77;0
48;special_project_facility_spawn;2375.00;10.40;1473.00;0.04;0
48;special_project_facility_spawn;2377.00;11.10;1463.00;4.17;0
48;rocket_site_spawn;2383.00;11.10;1459.00;5.37;0
48;naval_base_spawn;2413.00;9.95;1477.00;-4.10;3937
48;naval_base_spawn;2366.00;10.85;1461.00;-3.28;4235
48;naval_base_spawn;2348.00;10.35;1438.00;0.46;4281
48;naval_base_spawn;2379.00;10.35;1477.00;-3.93;4235
48;naval_base_spawn;2370.00;10.50;1463.00;-3.61;4235
48;naval_base_spawn;2345.00;9.60;1431.00;1.05;4281
48;naval_base_spawn;2363.00;10.35;1463.00;-2.90;4235
56;stronghold_network;2140.00;10.50;1420.00;0.55;0
56;nuclear_reactor_spawn;2149.00;10.65;1423.00;3.22;0
56;special_project_facility_spawn;2156.00;10.30;1443.00;5.88;0
56;special_project_facility_spawn;2189.00;10.90;1416.00;3.73;0
56;special_project_facility_spawn;2177.00;10.10;1398.00;3.83;0
56;special_project_facility_spawn;2174.00;10.30;1422.00;1.67;0
56;special_project_facility_spawn;2145.00;10.50;1422.00;4.33;0
56;special_project_facility_spawn;2181.00;11.65;1435.00;0.71;0
56;special_project_facility_spawn;2147.00;10.57;1422.00;3.73;0
56;naval_base_spawn;2153.00;9.95;1445.00;-1.46;4532
56;naval_base_spawn;2135.00;9.50;1414.00;-0.38;4325
56;naval_base_spawn;2179.00;9.50;1404.00;-1.95;4325
56;naval_base_spawn;2147.00;10.25;1415.00;0.00;4325
56;naval_base_spawn;2164.00;9.60;1421.00;0.00;4325
56;naval_base_spawn;2178.00;9.60;1413.00;-1.67;4325
57;stronghold_network;2398.00;10.60;1408.00;5.88;0
57;nuclear_reactor_spawn;2375.00;10.60;1416.00;3.73;0
57;special_project_facility_spawn;2377.00;11.45;1428.00;3.83;0
57;special_project_facility_spawn;2367.00;10.50;1408.00;1.67;0
57;special_project_facility_spawn;2420.00;10.30;1419.00;4.33;0
57;special_project_facility_spawn;2363.00;10.95;1427.00;0.71;0
57;special_project_facility_spawn;2353.00;11.10;1388.00;3.73;0
57;special_project_facility_spawn;2372.00;10.50;1372.00;0.11;0
57;special_project_facility_spawn;2383.00;10.35;1380.00;2.78;0
57;special_project_facility_spawn;2401.00;10.60;1386.00;5.44;0
57;special_project_facility_spawn;2400.00;10.65;1425.00;2.17;0
57;special_project_facility_spawn;2373.00;10.30;1442.00;4.84;0
57;special_project_facility_spawn;2419.00;10.82;1386.00;1.23;0
57;special_project_facility_spawn;2408.00;10.50;1411.00;2.78;0
57;special_project_facility_spawn;2396.00;10.55;1407.00;0.62;0
57;special_project_facility_spawn;2345.00;10.48;1421.00;1.83;0
57;special_project_facility_spawn;2361.00;10.53;1434.00;5.95;0
57;special_project_facility_spawn;2412.00;10.65;1448.00;2.68;0
57;special_project_facility_spawn;2361.00;10.40;1402.00;3.90;0
57;special_project_facility_spawn;2373.00;10.50;1379.00;1.73;0
57;special_project_facility_spawn;2396.00;10.45;1429.00;4.40;0
57;special_project_facility_spawn;2411.00;10.45;1378.00;5.96;0
57;special_project_facility_spawn;2389.00;10.30;1401.00;2.34;0
57;naval_base_spawn;2407.00;10.00;1376.00;0.46;4265
57;naval_base_spawn;2409.00;10.45;1451.00;-4.25;4281
57;naval_base_spawn;2383.00;10.10;1386.00;-4.17;4281
57;naval_base_spawn;2362.00;10.30;1438.00;-2.68;4281
57;naval_base_spawn;2381.00;10.45;1366.00;1.45;4265
57;naval_base_spawn;2399.00;9.95;1401.00;0.98;4281
57;naval_base_spawn;2426.00;9.60;1383.00;-4.33;4281
57;naval_base_spawn;2420.00;10.35;1428.00;-3.93;4281
57;naval_base_spawn;2385.00;10.25;1447.00;-3.14;4281
57;naval_base_spawn;2405.00;10.25;1407.00;1.33;4281
57;naval_base_spawn;2345.00;9.85;1425.00;-2.76;4281
57;naval_base_spawn;2406.00;9.60;1440.00;1.19;4281
57;naval_base_spawn;2389.00;10.25;1385.00;-2.85;4281
57;naval_base_spawn;2399.00;10.30;1390.00;-2.76;4281
57;naval_base_spawn;2386.00;9.85;1397.00;1.11;4281
57;naval_base_spawn;2404.00;10.25;1431.00;-3.67;4281
61;stronghold_network;2651.00;10.55;1459.00;2.78;0
61;nuclear_reactor_spawn;2658.00;10.55;1462.00;5.44;0
61;special_project_facility_spawn;2659.00;10.40;1453.00;2.17;0
61;special_project_facility_spawn;2665.00;10.40;1470.00;4.84;0
61;naval_base_spawn;2637.00;10.50;1464.00;-1.57;3793
61;naval_base_spawn;2666.00;10.45;1470.00;0.32;3793
72;stronghold_network;3822.00;10.45;1440.00;0.69;0
72;nuclear_reactor_spawn;3824.00;10.45;1441.00;1.90;0
72;special_project_facility_spawn;3823.00;10.50;1441.00;4.91;0
72;naval_base_spawn;3820.00;10.40;1439.00;1.57;3980
74;stronghold_network;3174.00;10.30;1432.00;3.96;0
74;nuclear_reactor_spawn;3174.00;10.30;1433.00;0.34;0
74;special_project_facility_spawn;3174.00;10.30;1434.00;3.36;0
74;naval_base_spawn;3176.00;10.30;1433.00;0.00;3842
75;stronghold_network;1881.00;10.15;1434.00;3.36;0
75;nuclear_reactor_spawn;1880.00;10.30;1433.00;4.57;0
75;special_project_facility_spawn;1878.00;10.15;1432.00;2.41;0
75;naval_base_spawn;1874.00;10.10;1432.00;-1.57;3962
85;stronghold_network;2150.00;12.90;1221.00;0.41;0
85;nuclear_reactor_spawn;2129.00;15.35;1281.00;3.08;0
85;special_project_facility_spawn;2159.00;12.45;1256.00;0.92;0
85;special_project_facility_spawn;2123.00;13.20;1261.00;1.02;0
85;special_project_facility_spawn;2181.00;10.85;1245.00;5.15;0
85;special_project_facility_spawn;2157.00;12.80;1228.00;2.98;0
85;special_project_facility_spawn;2124.00;14.55;1290.00;4.54;0
85;special_project_facility_spawn;2152.00;12.90;1228.00;0.92;0
85;special_project_facility_spawn;2182.00;10.50;1232.00;3.59;0
85;special_project_facility_spawn;2130.00;13.40;1236.00;1.43;0
85;special_project_facility_spawn;2132.00;13.15;1230.00;1.53;0
85;special_project_facility_spawn;2118.00;12.85;1274.00;5.65;0
85;special_project_facility_spawn;2144.00;12.65;1263.00;2.04;0
85;special_project_facility_spawn;2136.00;14.35;1271.00;4.70;0
85;special_project_facility_spawn;2166.00;11.95;1239.00;6.26;0
85;special_project_facility_spawn;2171.00;14.32;1266.00;4.10;0
85;special_project_facility_spawn;2191.00;10.90;1261.00;0.48;0
85;special_project_facility_spawn;2156.00;12.53;1243.00;3.15;0
98;stronghold_network;2078.00;10.65;1324.00;1.60;0
98;nuclear_reactor_spawn;2133.00;10.88;1330.00;5.72;0
98;special_project_facility_spawn;2156.00;11.85;1309.00;2.10;0
98;special_project_facility_spawn;2099.00;11.05;1349.00;3.66;0
98;special_project_facility_spawn;2097.00;12.35;1330.00;0.04;0
98;special_project_facility_spawn;2103.00;10.30;1364.00;4.17;0
98;special_project_facility_spawn;2133.00;10.88;1334.00;5.38;0
98;special_project_facility_spawn;2101.00;11.05;1308.00;2.11;0
98;special_project_facility_spawn;2091.00;10.45;1365.00;4.78;0
98;special_project_facility_spawn;2140.00;14.78;1310.00;1.16;0
98;special_project_facility_spawn;2117.00;12.00;1348.00;2.71;0
98;special_project_facility_spawn;2084.00;10.53;1341.00;0.55;0
98;special_project_facility_spawn;2138.00;10.50;1341.00;4.68;0
98;special_project_facility_spawn;2146.00;12.93;1305.00;5.89;0
98;special_project_facility_spawn;2130.00;13.12;1313.00;2.62;0
98;special_project_facility_spawn;2142.00;10.70;1356.00;5.28;0
98;special_project_facility_spawn;2082.00;10.82;1314.00;1.67;0
98;special_project_facility_spawn;2102.00;11.62;1341.00;4.33;0
98;special_project_facility_spawn;2109.00;12.20;1332.00;1.07;0
98;special_project_facility_spawn;2163.00;13.70;1278.00;2.27;0
98;special_project_facility_spawn;2121.00;11.20;1357.00;0.11;0
98;special_project_facility_spawn;2148.00;10.30;1341.00;2.78;0
98;special_project_facility_spawn;2166.00;12.20;1294.00;4.34;0
98;special_project_facility_spawn;2111.00;12.85;1300.00;2.17;0
98;naval_base_spawn;2126.00;10.20;1369.00;-2.90;4325
98;naval_base_spawn;2099.00;10.15;1371.00;-3.39;4325
98;naval_base_spawn;2080.00;9.60;1359.00;-1.89;4325
98;naval_base_spawn;2077.00;9.95;1328.00;-1.33;4339
98;naval_base_spawn;2078.00;9.50;1342.00;-0.79;4339
98;naval_base_spawn;2132.00;10.25;1368.00;-3.02;4325
98;naval_base_spawn;2073.00;9.60;1324.00;-2.30;4339
98;naval_base_spawn;2087.00;10.25;1353.00;-2.03;4325
99;stronghold_network;2081.00;11.60;1077.00;2.10;0
99;nuclear_reactor_spawn;2089.00;12.60;1090.00;3.66;0
99;special_project_facility_spawn;2064.00;11.15;1111.00;0.04;0
99;special_project_facility_spawn;2104.00;11.80;1029.00;4.17;0
99;special_project_facility_spawn;2062.00;11.10;1072.00;5.38;0
99;special_project_facility_spawn;2108.00;14.50;1072.00;2.11;0
99;special_project_facility_spawn;2087.00;13.00;1041.00;4.78;0
99;special_project_facility_spawn;2049.00;10.70;1026.00;1.16;0
99;special_project_facility_spawn;2113.00;13.10;1049.00;2.71;0
99;special_project_facility_spawn;2021.00;10.50;1072.00;0.55;0
99;special_project_facility_spawn;2081.00;12.10;1021.00;4.68;0
99;special_project_facility_spawn;2046.00;10.80;1059.00;5.89;0
99;special_project_facility_spawn;2065.00;11.43;1079.00;2.62;0
99;special_project_facility_spawn;2104.00;11.95;1095.00;5.28;0
99;special_project_facility_spawn;2058.00;11.40;1076.00;1.67;0
99;special_project_facility_spawn;2075.00;12.23;1034.00;4.33;0
99;special_project_facility_spawn;2092.00;12.23;1096.00;1.07;0
99;special_project_facility_spawn;2037.00;10.82;1092.00;2.27;0
99;special_project_facility_spawn;2058.00;11.25;1032.00;0.11;0
99;special_project_facility_spawn;2070.00;10.80;1057.00;2.78;0
99;special_project_facility_spawn;2110.00;11.35;1025.00;4.34;0
99;special_project_facility_spawn;2091.00;12.43;1064.00;2.17;0
99;special_project_facility_spawn;2081.00;10.70;1002.00;4.84;0
99;special_project_facility_spawn;2045.00;11.15;1089.00;0.12;0
99;special_project_facility_spawn;2029.00;10.30;1049.00;2.78;0
99;special_project_facility_spawn;2062.00;10.55;1012.00;0.62;0
99;special_project_facility_spawn;2039.00;10.85;1053.00;1.83;0
99;special_project_facility_spawn;2096.00;10.53;1008.00;4.85;0
99;special_project_facility_spawn;2074.00;11.10;1112.00;1.23;0
99;special_project_facility_spawn;2085.00;12.15;1095.00;5.35;0
99;special_project_facility_spawn;2063.00;10.40;1002.00;0.28;0
99;special_project_facility_spawn;2065.00;10.85;1119.00;3.29;0
99;naval_base_spawn;2041.00;9.60;1022.00;-1.82;3930
99;naval_base_spawn;2022.00;9.95;1047.00;-0.98;3930
99;naval_base_spawn;2058.00;9.60;1050.00;-2.50;3930
99;naval_base_spawn;2048.00;10.30;1111.00;-2.78;4344
99;naval_base_spawn;2053.00;9.60;1054.00;-0.20;3930
99;naval_base_spawn;2032.00;9.60;1101.00;-1.89;3930
99;naval_base_spawn;2055.00;9.60;1118.00;-2.90;4344
99;naval_base_spawn;2049.00;9.95;1052.00;0.46;3930
99;naval_base_spawn;2061.00;10.35;1006.00;-1.57;3696
99;naval_base_spawn;2076.00;10.53;1120.00;-3.82;4344
99;naval_base_spawn;2023.00;9.95;1064.00;-1.74;3930
99;naval_base_spawn;2093.00;9.60;1001.00;0.54;3696
99;naval_base_spawn;2048.00;9.50;1019.00;-1.89;3930
99;naval_base_spawn;2081.00;9.60;997.00;0.14;3696
99;naval_base_spawn;2086.00;10.45;1114.00;-2.85;4344
99;naval_base_spawn;2101.00;9.60;1009.00;0.08;3696
99;naval_base_spawn;2062.00;9.95;1059.00;-1.98;3930
103;stronghold_network;2305.00;12.15;1279.00;2.71;0
103;nuclear_reactor_spawn;2275.00;10.50;1245.00;0.55;0
103;special_project_facility_spawn;2304.00;11.70;1272.00;4.68;0
103;special_project_facility_spawn;2281.00;10.20;1247.00;5.89;0
103;special_project_facility_spawn;2290.00;11.20;1267.00;2.62;0
103;special_project_facility_spawn;2274.00;10.53;1261.00;5.28;0
103;special_project_facility_spawn;2314.00;10.85;1257.00;1.67;0
103;special_project_facility_spawn;2275.00;10.25;1253.00;4.33;0
103;special_project_facility_spawn;2326.00;10.65;1273.00;1.07;0
103;special_project_facility_spawn;2318.00;11.48;1268.00;2.27;0
103;special_project_facility_spawn;2308.00;10.20;1248.00;0.11;0
103;special_project_facility_spawn;2303.00;11.10;1263.00;2.78;0
103;special_project_facility_spawn;2316.00;11.30;1263.00;4.34;0
103;special_project_facility_spawn;2306.00;12.05;1278.00;2.17;0
103;special_project_facility_spawn;2275.00;10.50;1244.00;4.84;0
103;special_project_facility_spawn;2317.00;11.65;1282.00;0.12;0
103;special_project_facility_spawn;2295.00;10.60;1256.00;2.78;0
103;special_project_facility_spawn;2292.00;10.30;1251.00;0.62;0
103;special_project_facility_spawn;2315.00;10.40;1253.00;1.83;0
103;special_project_facility_spawn;2312.00;11.85;1268.00;4.85;0
103;special_project_facility_spawn;2327.00;10.85;1266.00;1.23;0
103;special_project_facility_spawn;2333.00;10.55;1267.00;5.35;0
103;naval_base_spawn;2338.00;10.00;1274.00;-4.07;4174
103;naval_base_spawn;2319.00;9.50;1248.00;0.00;4174
103;naval_base_spawn;2324.00;10.30;1257.00;1.17;4174
103;naval_base_spawn;2330.00;10.00;1262.00;0.79;4174
103;naval_base_spawn;2295.00;10.10;1247.00;0.86;4174
103;naval_base_spawn;2310.00;9.90;1249.00;0.46;4174
103;naval_base_spawn;2328.00;10.00;1277.00;1.57;4174
105;stronghold_network;2052.00;10.30;1335.00;2.62;0
105;nuclear_reactor_spawn;2045.00;10.53;1327.00;5.28;0
105;special_project_facility_spawn;2051.00;10.30;1335.00;1.67;0
105;naval_base_spawn;2051.00;10.35;1328.00;-3.93;4339
107;stronghold_network;2205.00;10.60;1388.00;1.07;0
107;nuclear_reactor_spawn;2161.00;10.20;1355.00;2.27;0
107;special_project_facility_spawn;2196.00;10.55;1377.00;0.11;0
107;special_project_facility_spawn;2183.00;10.25;1387.00;2.78;0
107;special_project_facility_spawn;2211.00;10.70;1379.00;4.34;0
107;special_project_facility_spawn;2199.00;11.00;1358.00;2.17;0
107;special_project_facility_spawn;2189.00;10.50;1356.00;4.84;0
107;special_project_facility_spawn;2218.00;11.00;1369.00;0.12;0
107;special_project_facility_spawn;2237.00;11.90;1384.00;2.78;0
107;special_project_facility_spawn;2177.00;10.45;1353.00;0.62;0
107;special_project_facility_spawn;2174.00;10.60;1366.00;1.83;0
107;special_project_facility_spawn;2152.00;10.10;1354.00;4.85;0
107;special_project_facility_spawn;2245.00;12.10;1375.00;1.23;0
107;special_project_facility_spawn;2159.00;10.15;1375.00;5.35;0
107;naval_base_spawn;2180.00;10.25;1387.00;-2.50;4325
107;naval_base_spawn;2146.00;10.10;1369.00;-2.43;4325
107;naval_base_spawn;2161.00;10.10;1382.00;-2.36;4325
108;stronghold_network;2385.00;10.45;1295.00;0.11;0
108;anti_air_building;2388.00;10.50;1295.00;2.78;0
108;anti_air_building;2385.00;10.40;1294.00;4.34;0
108;nuclear_reactor_spawn;2386.00;10.40;1294.00;2.17;0
108;special_project_facility_spawn;2389.00;10.40;1294.00;4.84;0
108;naval_base_spawn;2392.00;10.40;1297.00;-3.93;4174
109;stronghold_network;2389.00;10.53;1254.00;4.34;0
109;radar_station;2372.00;10.00;1241.00;1.77;0
109;nuclear_reactor_spawn;2379.00;10.60;1244.00;4.84;0
109;special_project_facility_spawn;2372.00;10.40;1239.00;0.12;0
109;special_project_facility_spawn;2350.00;10.50;1222.00;2.78;0
109;special_project_facility_spawn;2388.00;10.53;1253.00;0.62;0
109;special_project_facility_spawn;2377.00;10.80;1241.00;1.83;0
109;special_project_facility_spawn;2360.00;10.70;1224.00;4.85;0
109;special_project_facility_spawn;2362.00;10.60;1232.00;1.23;0
109;naval_base_spawn;2372.00;9.60;1223.00;1.41;3998
109;naval_base_spawn;2387.00;10.40;1250.00;-3.14;4174
109;naval_base_spawn;2377.00;10.48;1244.00;-2.68;4174
109;naval_base_spawn;2363.00;9.95;1239.00;-2.94;4174
109;naval_base_spawn;2371.00;10.30;1239.00;-3.14;4174
109;naval_base_spawn;2353.00;10.20;1233.00;-3.14;4174
110;stronghold_network;2376.00;10.55;1610.00;4.84;0
110;nuclear_reactor_spawn;2357.00;11.25;1639.00;0.12;0
110;special_project_facility_spawn;2352.00;11.85;1612.00;2.78;0
110;special_project_facility_spawn;2360.00;10.55;1586.00;0.62;0
110;special_project_facility_spawn;2338.00;12.60;1621.00;1.83;0
110;special_project_facility_spawn;2395.00;10.50;1575.00;4.85;0
110;special_project_facility_spawn;2352.00;10.60;1654.00;1.23;0
110;special_project_facility_spawn;2382.00;10.30;1577.00;5.35;0
110;special_project_facility_spawn;2334.00;13.03;1638.00;0.28;0
110;special_project_facility_spawn;2362.00;11.15;1620.00;3.29;0
110;special_project_facility_spawn;2340.00;11.95;1647.00;1.13;0
110;special_project_facility_spawn;2371.00;10.57;1603.00;2.34;0
110;special_project_facility_spawn;2377.00;10.40;1596.00;0.18;0
110;special_project_facility_spawn;2405.00;10.53;1576.00;1.74;0
110;naval_base_spawn;2369.00;10.40;1643.00;-4.55;3597
110;naval_base_spawn;2378.00;10.30;1596.00;-3.73;3597
110;naval_base_spawn;2403.00;10.40;1579.00;1.57;3937
110;naval_base_spawn;2372.00;10.45;1616.00;-4.47;3597
110;naval_base_spawn;2361.00;10.53;1624.00;-4.09;3597
110;naval_base_spawn;2360.00;9.95;1582.00;-0.24;4235
110;naval_base_spawn;2398.00;10.53;1579.00;0.20;3937
110;naval_base_spawn;2378.00;9.95;1580.00;-0.46;3937
111;stronghold_network;2412.00;10.50;1331.00;2.78;0
111;nuclear_reactor_spawn;2410.00;10.45;1329.00;0.62;0
111;special_project_facility_spawn;2410.00;10.45;1329.00;1.83;0
111;naval_base_spawn;2410.00;10.00;1331.00;-3.93;4265
111;floating_harbor;2415.95;9.50;1334.95;-0.79;3277
112;coastal_bunker;2328.00;10.25;1235.00;-2.76;0
112;stronghold_network;2337.00;10.55;1232.00;4.85;0
112;nuclear_reactor_spawn;2335.00;11.10;1220.00;1.23;0
112;special_project_facility_spawn;2315.00;10.50;1229.00;5.35;0
112;special_project_facility_spawn;2324.00;11.05;1214.00;0.28;0
112;special_project_facility_spawn;2343.00;10.30;1235.00;3.29;0
112;special_project_facility_spawn;2326.00;10.82;1223.00;1.13;0
112;special_project_facility_spawn;2338.00;10.80;1229.00;2.34;0
112;special_project_facility_spawn;2343.00;10.57;1228.00;0.18;0
112;special_project_facility_spawn;2319.00;10.75;1218.00;1.74;0
112;special_project_facility_spawn;2308.00;10.45;1224.00;4.40;0
112;naval_base_spawn;2313.00;10.30;1232.00;-2.90;4174
112;naval_base_spawn;2345.00;10.25;1233.00;-3.61;4174
112;naval_base_spawn;2325.00;9.55;1235.00;-2.76;4174
112;naval_base_spawn;2305.00;10.20;1226.00;-2.98;4174
113;stronghold_network;2368.00;10.45;1285.00;1.23;0
113;nuclear_reactor_spawn;2364.00;10.50;1284.00;5.35;0
113;special_project_facility_spawn;2381.00;10.40;1287.00;0.28;0
113;special_project_facility_spawn;2370.00;10.50;1286.00;3.29;0
113;naval_base_spawn;2372.00;9.60;1285.00;-1.57;4174
113;naval_base_spawn;2381.00;10.40;1289.00;-1.57;4174
114;supply_node;2170.00;10.20;1609.00;2.00;0
114;stronghold_network;2150.00;10.55;1611.00;3.29;0
114;nuclear_reactor_spawn;2142.00;12.10;1613.00;1.13;0
114;special_project_facility_spawn;2144.00;11.75;1615.00;2.34;0
114;special_project_facility_spawn;2126.00;12.05;1597.00;0.18;0
114;special_project_facility_spawn;2110.00;11.12;1622.00;1.74;0
114;special_project_facility_spawn;2105.00;11.75;1601.00;4.40;0
114;special_project_facility_spawn;2158.00;10.40;1608.00;0.79;0
114;special_project_facility_spawn;2131.00;12.73;1631.00;4.91;0
114;special_project_facility_spawn;2140.00;13.00;1622.00;5.01;0
114;special_project_facility_spawn;2120.00;9.60;1614.00;2.85;0
114;special_project_facility_spawn;2169.00;10.50;1621.00;5.52;0
115;stronghold_network;2129.00;13.95;1119.00;1.13;0
115;nuclear_reactor_spawn;2112.00;12.40;1118.00;2.34;0
115;special_project_facility_spawn;2117.00;12.70;1101.00;0.18;0
115;special_project_facility_spawn;2105.00;11.40;1150.00;1.74;0
115;special_project_facility_spawn;2111.00;12.60;1127.00;4.40;0
115;special_project_facility_spawn;2116.00;12.85;1112.00;0.79;0
115;special_project_facility_spawn;2123.00;13.50;1111.00;4.91;0
115;special_project_facility_spawn;2143.00;12.95;1140.00;5.01;0
115;special_project_facility_spawn;2121.00;13.25;1137.00;0.79;0
115;special_project_facility_spawn;2095.00;10.75;1119.00;4.91;0
115;special_project_facility_spawn;2092.00;10.45;1142.00;1.29;0
115;special_project_facility_spawn;2079.00;10.55;1139.00;5.52;0
115;naval_base_spawn;2081.00;10.53;1139.00;-2.36;4344
115;naval_base_spawn;2081.00;9.50;1125.00;-1.25;4344
115;naval_base_spawn;2088.00;10.00;1140.00;-2.21;4344
116;stronghold_network;2382.00;10.45;1210.00;0.18;0
116;nuclear_reactor_spawn;2306.00;12.60;1168.00;1.74;0
116;special_project_facility_spawn;2316.00;11.75;1161.00;4.40;0
116;special_project_facility_spawn;2348.00;11.35;1189.00;0.79;0
116;special_project_facility_spawn;2361.00;10.80;1176.00;4.91;0
116;special_project_facility_spawn;2371.00;10.85;1203.00;5.01;0
116;special_project_facility_spawn;2336.00;11.65;1184.00;2.85;0
116;special_project_facility_spawn;2345.00;10.90;1167.00;5.52;0
116;special_project_facility_spawn;2330.00;10.90;1172.00;0.79;0
116;special_project_facility_spawn;2388.00;10.50;1207.00;4.91;0
116;special_project_facility_spawn;2371.00;10.30;1189.00;1.29;0
116;special_project_facility_spawn;2386.00;10.45;1195.00;5.42;0
116;special_project_facility_spawn;2377.00;10.60;1207.00;5.52;0
116;special_project_facility_spawn;2349.00;10.50;1161.00;3.36;0
116;naval_base_spawn;2379.00;10.30;1216.00;-2.94;3998
116;naval_base_spawn;2383.00;9.60;1188.00;0.90;3998
116;naval_base_spawn;2350.00;10.10;1153.00;0.79;3539
116;naval_base_spawn;2368.00;10.30;1219.00;-3.57;3998
116;naval_base_spawn;2381.00;10.30;1185.00;0.79;3539
116;naval_base_spawn;2368.00;9.90;1168.00;1.43;3539
116;naval_base_spawn;2389.00;10.00;1204.00;-3.93;3998
116;naval_base_spawn;2370.00;10.30;1179.00;1.25;3539
118;stronghold_network;2429.00;10.75;1167.00;4.91;0
118;nuclear_reactor_spawn;2422.00;11.00;1176.00;5.01;0
118;special_project_facility_spawn;2422.00;10.70;1181.00;2.85;0
118;special_project_facility_spawn;2426.00;10.82;1164.00;5.52;0
118;special_project_facility_spawn;2424.00;11.05;1176.00;0.79;0
118;special_project_facility_spawn;2437.00;10.40;1168.00;4.91;0
118;naval_base_spawn;2416.00;9.60;1180.00;-2.68;3998
118;naval_base_spawn;2420.00;10.40;1159.00;-1.82;3998
118;naval_base_spawn;2436.00;9.60;1170.00;-1.57;3998
118;naval_base_spawn;2432.00;9.60;1173.00;-4.47;3998
119;stronghold_network;2272.00;11.05;1663.00;2.85;0
119;nuclear_reactor_spawn;2325.00;12.53;1651.00;5.52;0
119;special_project_facility_spawn;2286.00;11.00;1651.00;0.79;0
119;special_project_facility_spawn;2292.00;11.90;1640.00;4.91;0
119;special_project_facility_spawn;2312.00;12.45;1646.00;1.29;0
119;special_project_facility_spawn;2268.00;11.10;1633.00;5.42;0
119;special_project_facility_spawn;2299.00;12.57;1651.00;5.52;0
120;stronghold_network;2236.00;12.25;1776.00;0.79;0
120;nuclear_reactor_spawn;2206.00;10.60;1727.00;4.91;0
120;special_project_facility_spawn;2263.00;10.30;1732.00;1.29;0
120;special_project_facility_spawn;2256.00;11.35;1737.00;5.42;0
120;special_project_facility_spawn;2228.00;11.43;1765.00;5.52;0
120;special_project_facility_spawn;2237.00;11.45;1726.00;3.36;0
120;special_project_facility_spawn;2189.00;11.15;1717.00;6.03;0
120;special_project_facility_spawn;2221.00;11.10;1750.00;2.41;0
120;special_project_facility_spawn;2269.00;11.93;1762.00;3.96;0
120;special_project_facility_spawn;2224.00;11.10;1709.00;1.81;0
120;special_project_facility_spawn;2214.00;11.10;1765.00;3.02;0
120;special_project_facility_spawn;2217.00;10.90;1736.00;0.85;0
120;special_project_facility_spawn;2206.00;10.60;1715.00;3.87;0
120;special_project_facility_spawn;2242.00;12.90;1771.00;5.08;0
120;special_project_facility_spawn;2201.00;10.60;1726.00;2.92;0
120;special_project_facility_spawn;2212.00;11.05;1739.00;4.48;0
120;special_project_facility_spawn;2253.00;10.55;1714.00;0.86;0
120;special_project_facility_spawn;2268.00;12.70;1766.00;3.52;0
120;special_project_facility_spawn;2235.00;12.10;1734.00;1.36;0
120;special_project_facility_spawn;2207.00;10.80;1754.00;2.92;0
120;special_project_facility_spawn;2193.00;10.25;1740.00;5.59;0
120;special_project_facility_spawn;2235.00;12.00;1778.00;1.97;0
120;special_project_facility_spawn;2198.00;10.60;1770.00;6.09;0
120;naval_base_spawn;2195.00;10.30;1774.00;-1.57;4067
120;naval_base_spawn;2192.00;9.50;1756.00;-2.25;4067
120;naval_base_spawn;2182.00;10.40;1727.00;-2.82;4067
120;naval_base_spawn;2186.00;9.85;1746.00;-1.57;4067
120;naval_base_spawn;2191.00;10.35;1735.00;-2.07;4067
120;naval_base_spawn;2205.00;10.25;1779.00;-1.84;4067
121;stronghold_network;2093.00;10.80;1551.00;1.29;0
121;nuclear_reactor_spawn;2111.00;12.50;1578.00;5.42;0
121;special_project_facility_spawn;2067.00;10.90;1589.00;5.52;0
121;special_project_facility_spawn;2092.00;11.15;1562.00;3.36;0
121;special_project_facility_spawn;2106.00;12.53;1578.00;6.03;0
121;special_project_facility_spawn;2109.00;12.25;1588.00;2.41;0
121;special_project_facility_spawn;2095.00;10.95;1557.00;3.96;0
121;special_project_facility_spawn;2071.00;10.53;1554.00;1.81;0
121;special_project_facility_spawn;2063.00;10.40;1550.00;3.02;0
121;special_project_facility_spawn;2057.00;10.82;1568.00;0.85;0
121;special_project_facility_spawn;2110.00;12.35;1574.00;3.87;0
121;special_project_facility_spawn;2073.00;10.65;1565.00;5.08;0
121;special_project_facility_spawn;2092.00;10.53;1539.00;2.92;0
121;special_project_facility_spawn;2110.00;10.90;1553.00;4.48;0
121;naval_base_spawn;2110.00;9.50;1537.00;0.17;4039
121;naval_base_spawn;2049.00;9.50;1565.00;-0.98;4039
121;naval_base_spawn;2078.00;10.00;1534.00;0.00;4039
121;naval_base_spawn;2055.00;10.00;1562.00;-0.46;4039
121;naval_base_spawn;2068.00;9.60;1539.00;-0.43;4039
122;stronghold_network;2094.00;10.65;1711.00;5.52;0
122;nuclear_reactor_spawn;2080.00;10.30;1682.00;3.36;0
122;special_project_facility_spawn;2102.00;11.10;1693.00;6.03;0
122;special_project_facility_spawn;2104.00;10.55;1714.00;2.41;0
122;special_project_facility_spawn;2107.00;12.85;1669.00;3.96;0
122;special_project_facility_spawn;2087.00;10.57;1684.00;1.81;0
122;special_project_facility_spawn;2087.00;10.30;1714.00;3.02;0
122;special_project_facility_spawn;2078.00;10.50;1676.00;0.85;0
122;special_project_facility_spawn;2086.00;10.50;1725.00;3.87;0
122;special_project_facility_spawn;2076.00;10.57;1659.00;5.08;0
122;naval_base_spawn;2067.00;9.60;1663.00;-2.03;3773
122;naval_base_spawn;2079.00;9.60;1688.00;-2.16;3773
122;naval_base_spawn;2105.00;10.30;1718.00;-3.66;4434
122;naval_base_spawn;2077.00;9.50;1671.00;-1.74;3773
122;naval_base_spawn;2080.00;9.55;1717.00;-2.03;4434
122;naval_base_spawn;2086.00;10.30;1704.00;-0.88;4434
123;stronghold_network;2042.00;10.40;1151.00;6.03;0
123;nuclear_reactor_spawn;2048.00;10.45;1138.00;2.41;0
123;special_project_facility_spawn;2043.00;10.50;1153.00;3.96;0
123;special_project_facility_spawn;2036.00;10.62;1145.00;1.81;0
123;special_project_facility_spawn;2056.00;10.35;1146.00;3.02;0
123;special_project_facility_spawn;2049.00;10.40;1138.00;0.85;0
123;naval_base_spawn;2053.00;9.60;1147.00;-3.93;4344
123;naval_base_spawn;2042.00;9.50;1149.00;-1.57;4344
123;naval_base_spawn;2049.00;9.60;1136.00;1.57;4344
123;naval_base_spawn;2039.00;10.40;1145.00;-1.57;4344
124;stronghold_network;2301.00;13.12;1638.00;3.96;0
124;nuclear_reactor_spawn;2324.00;14.48;1622.00;1.81;0
124;special_project_facility_spawn;2301.00;11.55;1607.00;3.02;0
124;special_project_facility_spawn;2325.00;13.78;1617.00;0.85;0
124;special_project_facility_spawn;2327.00;14.18;1634.00;3.87;0
124;special_project_facility_spawn;2305.00;13.98;1625.00;5.08;0
124;special_project_facility_spawn;2319.00;14.38;1631.00;2.92;0
125;supply_node;2414.00;10.00;1028.00;5.77;0
125;stronghold_network;2335.00;11.30;1031.00;0.85;0
125;nuclear_reactor_spawn;2407.00;11.12;1019.00;3.87;0
125;special_project_facility_spawn;2354.00;10.98;1027.00;5.08;0
125;special_project_facility_spawn;2352.00;11.15;1013.00;2.92;0
125;special_project_facility_spawn;2371.00;11.45;1024.00;4.48;0
125;special_project_facility_spawn;2389.00;11.30;1016.00;0.86;0
125;special_project_facility_spawn;2338.00;11.40;1015.00;3.52;0
125;special_project_facility_spawn;2382.00;10.70;1000.00;1.36;0
125;special_project_facility_spawn;2382.00;11.40;1025.00;2.92;0
125;special_project_facility_spawn;2403.00;10.70;1012.00;5.59;0
125;special_project_facility_spawn;2382.00;11.55;1028.00;1.97;0
125;special_project_facility_spawn;2369.00;11.15;1015.00;6.09;0
125;special_project_facility_spawn;2394.00;10.70;1009.00;1.37;0
125;special_project_facility_spawn;2392.00;10.70;1034.00;4.03;0
125;special_project_facility_spawn;2330.00;11.30;1031.00;1.87;0
125;special_project_facility_spawn;2419.00;10.55;1030.00;3.09;0
125;special_project_facility_spawn;2397.00;10.35;1041.00;6.10;0
125;naval_base_spawn;2415.00;10.30;1034.00;-3.93;3955
125;naval_base_spawn;2396.00;10.30;1037.00;-3.93;3955
125;naval_base_spawn;2409.00;10.00;1041.00;-3.76;3955
125;naval_base_spawn;2367.00;10.30;1030.00;-2.98;3955
125;naval_base_spawn;2398.00;10.00;1002.00;1.41;3955
125;naval_base_spawn;2344.00;10.45;1035.00;-3.66;3971
125;naval_base_spawn;2358.00;10.60;1026.00;-3.61;3955
125;naval_base_spawn;2381.00;10.45;1035.00;-2.94;3955
125;naval_base_spawn;2414.00;10.00;1014.00;1.05;3955
125;naval_base_spawn;2375.00;9.60;994.00;0.79;4380
126;stronghold_network;2494.00;10.30;1106.00;3.87;0
126;nuclear_reactor_spawn;2485.00;10.30;1100.00;5.08;0
126;special_project_facility_spawn;2486.00;10.30;1101.00;2.92;0
126;naval_base_spawn;2491.00;9.60;1107.00;-3.14;3654
128;stronghold_network;2402.00;10.40;1101.00;0.86;0
128;nuclear_reactor_spawn;2397.00;10.50;1094.00;3.52;0
128;special_project_facility_spawn;2400.00;10.45;1099.00;1.36;0
128;special_project_facility_spawn;2410.00;10.10;1110.00;2.92;0
128;naval_base_spawn;2394.00;10.00;1096.00;1.57;3955
128;naval_base_spawn;2411.00;10.10;1109.00;-0.79;3955
129;stronghold_network;2181.00;10.82;1617.00;1.36;0
129;nuclear_reactor_spawn;2208.00;12.30;1624.00;2.92;0
129;special_project_facility_spawn;2235.00;11.00;1601.00;5.59;0
129;special_project_facility_spawn;2211.00;12.20;1618.00;1.97;0
129;special_project_facility_spawn;2190.00;11.20;1613.00;6.09;0
129;special_project_facility_spawn;2167.00;11.10;1597.00;1.37;0
129;special_project_facility_spawn;2197.00;11.55;1596.00;4.03;0
129;special_project_facility_spawn;2200.00;11.35;1599.00;1.87;0
129;special_project_facility_spawn;2210.00;12.00;1577.00;3.09;0
129;special_project_facility_spawn;2231.00;11.90;1615.00;6.10;0
130;stronghold_network;2362.00;11.45;1105.00;5.59;0
130;nuclear_reactor_spawn;2373.00;10.53;1088.00;1.97;0
130;special_project_facility_spawn;2356.00;10.40;1095.00;6.09;0
130;special_project_facility_spawn;2363.00;11.48;1107.00;1.37;0
130;special_project_facility_spawn;2338.00;10.53;1132.00;4.03;0
130;special_project_facility_spawn;2398.00;10.30;1122.00;1.87;0
130;special_project_facility_spawn;2357.00;10.57;1125.00;3.09;0
130;special_project_facility_spawn;2382.00;10.50;1110.00;6.10;0
130;special_project_facility_spawn;2333.00;10.35;1097.00;2.48;0
130;special_project_facility_spawn;2405.00;10.45;1131.00;5.15;0
130;special_project_facility_spawn;2335.00;10.80;1113.00;0.42;0
130;special_project_facility_spawn;2350.00;10.90;1119.00;4.54;0
130;special_project_facility_spawn;2373.00;10.70;1090.00;5.76;0
130;special_project_facility_spawn;2382.00;10.85;1126.00;3.59;0
130;special_project_facility_spawn;2371.00;10.35;1138.00;0.33;0
130;special_project_facility_spawn;2349.00;10.80;1129.00;1.53;0
130;special_project_facility_spawn;2330.00;10.40;1085.00;5.65;0
130;special_project_facility_spawn;2312.00;10.30;1085.00;2.04;0
130;naval_base_spawn;2313.00;10.30;1088.00;1.57;3971
130;naval_base_spawn;2316.00;9.50;1097.00;-0.59;3971
130;naval_base_spawn;2362.00;9.60;1085.00;0.93;3955
130;naval_base_spawn;2400.00;9.80;1119.00;-3.27;3539
130;naval_base_spawn;2383.00;10.30;1130.00;-3.76;3539
130;naval_base_spawn;2341.00;9.60;1096.00;0.00;3971
130;naval_base_spawn;2415.00;10.30;1132.00;-4.25;3539
130;naval_base_spawn;2386.00;9.50;1111.00;1.19;3955
130;naval_base_spawn;2338.00;10.30;1140.00;-3.93;3539
130;naval_base_spawn;2371.00;9.95;1140.00;-3.14;3539
130;naval_base_spawn;2360.00;10.20;1134.00;-3.68;3539
130;naval_base_spawn;2365.00;10.20;1128.00;-3.39;3539
130;naval_base_spawn;2331.00;10.45;1087.00;-3.93;3971
131;stronghold_network;2484.00;10.20;1082.00;6.09;0
131;nuclear_reactor_spawn;2486.00;10.30;1081.00;1.37;0
131;special_project_facility_spawn;2483.00;10.10;1079.00;4.03;0
131;naval_base_spawn;2484.00;9.80;1077.00;-3.14;3654
132;stronghold_network;2345.00;10.50;1078.00;4.03;0
132;nuclear_reactor_spawn;2344.00;10.50;1078.00;1.87;0
132;special_project_facility_spawn;2348.00;10.55;1081.00;3.09;0
132;naval_base_spawn;2341.00;9.60;1083.00;-1.57;3971
133;stronghold_network;2308.00;12.60;1181.00;3.09;0
133;nuclear_reactor_spawn;2316.00;11.48;1207.00;6.10;0
133;special_project_facility_spawn;2262.00;14.65;1178.00;2.48;0
133;special_project_facility_spawn;2324.00;12.00;1195.00;5.15;0
133;special_project_facility_spawn;2345.00;11.40;1212.00;0.42;0
133;special_project_facility_spawn;2319.00;11.25;1209.00;4.54;0
133;special_project_facility_spawn;2342.00;11.38;1201.00;5.76;0
133;special_project_facility_spawn;2270.00;14.30;1166.00;3.59;0
133;special_project_facility_spawn;2291.00;12.68;1190.00;0.33;0
133;special_project_facility_spawn;2288.00;14.45;1176.00;1.53;0
133;special_project_facility_spawn;2271.00;12.85;1192.00;5.65;0
133;special_project_facility_spawn;2279.00;11.45;1197.00;2.04;0
135;stronghold_network;2453.00;10.50;1071.00;0.42;0
135;radar_station;2440.00;9.95;1067.00;4.39;0
135;nuclear_reactor_spawn;2433.00;10.75;1059.00;5.76;0
135;special_project_facility_spawn;2435.00;10.40;1064.00;3.59;0
135;special_project_facility_spawn;2432.00;10.53;1055.00;0.33;0
135;special_project_facility_spawn;2453.00;10.35;1067.00;1.53;0
135;naval_base_spawn;2438.00;10.30;1060.00;-3.61;3955
135;naval_base_spawn;2449.00;9.55;1065.00;-0.46;3955
135;naval_base_spawn;2427.00;9.60;1049.00;0.00;3955
138;stronghold_network;3187.00;9.90;1050.00;5.65;0
138;nuclear_reactor_spawn;3187.00;9.50;1046.00;2.04;0
138;special_project_facility_spawn;3188.00;9.95;1046.00;5.06;0
138;naval_base_spawn;3188.00;10.30;1047.00;1.57;4092
139;stronghold_network;2306.00;11.43;1027.00;5.06;0
139;nuclear_reactor_spawn;2276.00;11.90;1028.00;6.26;0
139;special_project_facility_spawn;2277.00;11.20;1032.00;4.10;0
139;special_project_facility_spawn;2272.00;10.75;1043.00;0.48;0
139;special_project_facility_spawn;2281.00;12.40;1016.00;2.04;0
139;special_project_facility_spawn;2314.00;12.10;1010.00;4.71;0
139;special_project_facility_spawn;2271.00;10.90;1040.00;2.55;0
139;special_project_facility_spawn;2308.00;10.75;1039.00;2.65;0
139;special_project_facility_spawn;2312.00;11.48;1024.00;0.49;0
139;special_project_facility_spawn;2299.00;11.60;1025.00;4.61;0
139;special_project_facility_spawn;2263.00;12.35;1017.00;5.82;0
139;special_project_facility_spawn;2249.00;11.25;1034.00;2.55;0
139;special_project_facility_spawn;2263.00;11.20;1033.00;5.22;0
139;special_project_facility_spawn;2242.00;10.75;1046.00;1.60;0
139;special_project_facility_spawn;2302.00;11.60;1012.00;4.27;0
139;special_project_facility_spawn;2325.00;11.70;1019.00;1.00;0
139;special_project_facility_spawn;2293.00;11.20;1008.00;3.66;0
139;special_project_facility_spawn;2272.00;11.15;1008.00;0.05;0
139;naval_base_spawn;2273.00;10.30;1050.00;-3.42;3971
139;naval_base_spawn;2250.00;10.30;1053.00;-3.25;3971
139;naval_base_spawn;2320.00;10.40;1036.00;-3.55;3971
139;naval_base_spawn;2300.00;10.35;1044.00;-3.68;3971
139;naval_base_spawn;2263.00;10.40;1052.00;-3.39;3971
140;supply_node;2476.00;9.50;1031.00;3.17;0
140;stronghold_network;2501.00;10.30;1041.00;0.48;0
140;radar_station;2476.00;9.55;1028.00;3.86;0
140;nuclear_reactor_spawn;2502.00;10.30;1041.00;4.71;0
140;special_project_facility_spawn;2497.00;10.20;1041.00;2.55;0
140;special_project_facility_spawn;2448.00;10.30;1017.00;2.65;0
140;special_project_facility_spawn;2480.00;10.30;1030.00;0.49;0
140;naval_base_spawn;2447.00;9.50;1016.00;-3.14;3955
140;naval_base_spawn;2502.00;10.25;1043.00;-1.57;4101
140;naval_base_spawn;2481.00;10.30;1036.00;-1.57;4101
141;stronghold_network;2130.00;11.55;991.00;2.04;0
141;nuclear_reactor_spawn;2149.00;12.73;1022.00;4.71;0
141;special_project_facility_spawn;2183.00;12.75;1068.00;2.55;0
141;special_project_facility_spawn;2155.00;12.62;1037.00;2.65;0
141;special_project_facility_spawn;2140.00;13.65;991.00;0.49;0
141;special_project_facility_spawn;2139.00;10.90;1020.00;4.61;0
141;special_project_facility_spawn;2127.00;10.65;995.00;5.82;0
141;special_project_facility_spawn;2143.00;12.00;1016.00;2.55;0
141;special_project_facility_spawn;2140.00;12.60;1005.00;5.22;0
141;special_project_facility_spawn;2162.00;13.00;1050.00;1.60;0
141;special_project_facility_spawn;2140.00;11.90;1009.00;4.27;0
141;special_project_facility_spawn;2162.00;14.65;1017.00;1.00;0
141;special_project_facility_spawn;2126.00;10.70;1006.00;3.66;0
141;special_project_facility_spawn;2155.00;14.80;1014.00;0.05;0
141;special_project_facility_spawn;2165.00;14.10;1036.00;2.71;0
141;special_project_facility_spawn;2151.00;13.40;1030.00;5.73;0
141;naval_base_spawn;2121.00;9.60;979.00;-0.90;3696
141;naval_base_spawn;2120.00;9.95;1002.00;-2.16;3696
141;naval_base_spawn;2128.00;10.35;1021.00;-2.19;3696
142;stronghold_network;2292.00;10.30;1233.00;2.55;0
142;nuclear_reactor_spawn;2292.00;10.30;1233.00;2.65;0
142;special_project_facility_spawn;2286.00;10.10;1243.00;0.49;0
142;special_project_facility_spawn;2295.00;10.10;1236.00;4.61;0
142;naval_base_spawn;2300.00;10.10;1240.00;-4.19;4174
142;naval_base_spawn;2293.00;9.80;1242.00;1.33;4174
143;stronghold_network;2003.00;10.45;988.00;0.49;0
143;nuclear_reactor_spawn;2022.00;10.90;975.00;4.61;0
143;special_project_facility_spawn;2018.00;10.57;969.00;5.82;0
143;special_project_facility_spawn;2033.00;10.50;972.00;2.55;0
143;special_project_facility_spawn;2005.00;10.50;983.00;5.22;0
143;special_project_facility_spawn;2008.00;10.30;998.00;1.60;0
143;naval_base_spawn;2008.00;9.60;997.00;-3.93;3863
143;naval_base_spawn;2033.00;10.40;979.00;1.57;3863
143;naval_base_spawn;2012.00;9.50;970.00;-0.98;3863
143;naval_base_spawn;2012.00;10.30;983.00;-2.82;3863
144;stronghold_network;2534.00;10.35;973.00;5.82;0
144;nuclear_reactor_spawn;2540.00;10.10;964.00;2.55;0
144;special_project_facility_spawn;2539.00;9.50;963.00;5.22;0
144;special_project_facility_spawn;2547.00;10.30;979.00;1.60;0
144;naval_base_spawn;2537.00;9.50;961.00;-0.64;3777
144;naval_base_spawn;2528.00;9.50;970.00;-1.29;4101
145;stronghold_network;2682.00;10.30;987.00;5.22;0
145;nuclear_reactor_spawn;2677.00;9.50;985.00;1.60;0
145;special_project_facility_spawn;2679.00;10.30;986.00;4.27;0
145;naval_base_spawn;2678.00;10.30;986.00;-1.57;4542
148;stronghold_network;2992.00;10.30;969.00;2.71;0
148;nuclear_reactor_spawn;2992.00;10.45;958.00;5.73;0
148;special_project_facility_spawn;2992.00;10.50;959.00;2.11;0
148;naval_base_spawn;2994.00;10.25;968.00;-3.93;4543
150;stronghold_network;2285.00;14.57;1122.00;2.61;0
150;nuclear_reactor_spawn;2292.00;12.62;1124.00;2.72;0
150;special_project_facility_spawn;2276.00;15.10;1119.00;0.56;0
150;special_project_facility_spawn;2301.00;12.10;1125.00;3.22;0
150;special_project_facility_spawn;2294.00;11.35;1108.00;4.78;0
150;special_project_facility_spawn;2308.00;12.40;1145.00;1.16;0
150;special_project_facility_spawn;2319.00;11.10;1130.00;5.28;0
150;special_project_facility_spawn;2313.00;11.45;1135.00;0.21;0
150;special_project_facility_spawn;2276.00;11.00;1101.00;3.23;0
150;special_project_facility_spawn;2329.00;12.00;1152.00;1.07;0
150;special_project_facility_spawn;2311.00;10.80;1121.00;3.73;0
150;special_project_facility_spawn;2264.00;14.90;1126.00;0.11;0
150;special_project_facility_spawn;2272.00;14.70;1131.00;1.67;0
150;special_project_facility_spawn;2297.00;13.80;1157.00;5.80;0
150;special_project_facility_spawn;2259.00;11.82;1103.00;0.72;0
150;naval_base_spawn;2273.00;9.50;1100.00;0.67;3971
150;naval_base_spawn;2297.00;9.95;1100.00;0.59;3971
150;naval_base_spawn;2310.00;9.50;1109.00;-0.79;3971
150;naval_base_spawn;2300.00;10.75;1112.00;1.25;3971
150;naval_base_spawn;2340.00;10.30;1147.00;1.37;3539
152;stronghold_network;3053.00;10.40;940.00;4.78;0
152;nuclear_reactor_spawn;3074.00;10.40;920.00;1.16;0
152;special_project_facility_spawn;3071.00;10.40;914.00;5.28;0
152;special_project_facility_spawn;3055.00;10.25;938.00;0.21;0
152;special_project_facility_spawn;3070.00;10.30;907.00;3.23;0
152;naval_base_spawn;3053.00;10.30;944.00;-3.14;3697
152;naval_base_spawn;3067.00;9.60;899.00;0.79;3758
152;naval_base_spawn;3072.00;10.30;920.00;-3.61;3758
155;stronghold_network;2853.00;10.40;771.00;3.73;0
155;nuclear_reactor_spawn;2878.00;10.60;804.00;0.11;0
155;special_project_facility_spawn;2850.00;10.53;802.00;1.67;0
155;special_project_facility_spawn;2867.00;10.30;852.00;5.80;0
155;special_project_facility_spawn;2849.00;10.65;781.00;0.72;0
155;naval_base_spawn;2860.00;9.60;782.00;0.20;3749
155;naval_base_spawn;2892.00;10.30;820.00;-4.67;3409
155;naval_base_spawn;2868.00;10.25;853.00;-3.46;4213
157;stronghold_network;3700.00;10.30;845.00;0.72;0
157;nuclear_reactor_spawn;3701.00;10.30;836.00;4.84;0
157;special_project_facility_spawn;3700.00;10.30;835.00;0.12;0
157;naval_base_spawn;3694.00;9.50;829.00;-0.79;3466
162;stronghold_network;2910.00;11.48;745.00;3.29;0
162;nuclear_reactor_spawn;2899.00;10.40;795.00;5.96;0
162;special_project_facility_spawn;2904.00;10.30;818.00;2.34;0
162;special_project_facility_spawn;2921.00;11.25;753.00;3.90;0
162;special_project_facility_spawn;2923.00;11.00;775.00;1.74;0
162;special_project_facility_spawn;2924.00;10.85;796.00;4.40;0
162;special_project_facility_spawn;2900.00;10.50;772.00;0.79;0
162;special_project_facility_spawn;2898.00;10.50;723.00;3.81;0
162;naval_base_spawn;2934.00;9.60;723.00;0.39;4408
162;naval_base_spawn;2940.00;10.35;826.00;-3.29;3409
162;naval_base_spawn;2897.00;9.95;796.00;-2.76;3409
162;naval_base_spawn;2932.00;10.30;787.00;-4.61;4552
162;naval_base_spawn;2898.00;9.60;771.00;-1.29;4408
162;naval_base_spawn;2908.00;10.00;723.00;-1.57;4408
164;stronghold_network;3688.00;10.45;610.00;1.74;0
164;nuclear_reactor_spawn;3656.00;11.30;769.00;4.40;0
164;special_project_facility_spawn;3667.00;10.50;693.00;0.79;0
164;special_project_facility_spawn;3623.00;13.60;758.00;3.81;0
164;special_project_facility_spawn;3673.00;10.55;629.00;0.19;0
164;special_project_facility_spawn;3621.00;10.95;677.00;2.85;0
164;special_project_facility_spawn;3595.00;11.12;702.00;4.41;0
164;special_project_facility_spawn;3605.00;10.53;806.00;2.25;0
164;special_project_facility_spawn;3599.00;12.15;759.00;3.46;0
164;special_project_facility_spawn;3631.00;11.88;777.00;1.30;0
164;special_project_facility_spawn;3618.00;10.55;613.00;2.86;0
164;special_project_facility_spawn;3660.00;11.50;597.00;5.52;0
164;special_project_facility_spawn;3571.00;11.70;767.00;1.90;0
164;special_project_facility_spawn;3666.00;11.10;676.00;6.03;0
164;special_project_facility_spawn;3658.00;11.55;629.00;1.31;0
164;special_project_facility_spawn;3619.00;12.85;732.00;3.97;0
164;special_project_facility_spawn;3656.00;11.05;780.00;1.81;0
164;special_project_facility_spawn;3580.00;10.88;730.00;4.47;0
164;special_project_facility_spawn;3608.00;10.25;662.00;6.03;0
164;special_project_facility_spawn;3681.00;10.85;592.00;2.41;0
164;special_project_facility_spawn;3623.00;10.30;807.00;0.26;0
164;special_project_facility_spawn;3650.00;10.80;796.00;0.36;0
164;naval_base_spawn;3579.00;10.30;702.00;-0.88;4216
164;naval_base_spawn;3671.00;10.35;745.00;-4.36;4551
164;naval_base_spawn;3604.00;9.50;666.00;-1.75;4216
164;naval_base_spawn;3612.00;9.55;614.00;-1.43;4216
164;naval_base_spawn;3669.00;10.30;729.00;1.57;3924
164;naval_base_spawn;3563.00;9.50;743.00;-1.46;4176
164;naval_base_spawn;3557.00;10.40;786.00;-1.79;4176
164;naval_base_spawn;3635.00;9.60;598.00;-0.61;4099
164;naval_base_spawn;3589.00;9.85;809.00;-2.19;4176
164;naval_base_spawn;3634.00;10.30;815.00;-3.14;4021
164;naval_base_spawn;3660.00;10.30;809.00;-4.39;4551
164;naval_base_spawn;3662.00;9.60;585.00;-0.17;4099
164;naval_base_spawn;3683.00;10.25;678.00;-3.41;3924
164;naval_base_spawn;3689.00;10.35;610.00;-3.75;4556
164;naval_base_spawn;3595.00;10.30;678.00;-1.34;4216
166;stronghold_network;2975.00;10.53;774.00;0.19;0
166;nuclear_reactor_spawn;2988.00;11.15;781.00;2.85;0
166;special_project_facility_spawn;2985.00;11.25;771.00;4.41;0
166;special_project_facility_spawn;2988.00;10.65;802.00;2.25;0
166;naval_base_spawn;2979.00;9.60;797.00;-1.19;4552
166;naval_base_spawn;2973.00;9.60;768.00;-1.68;4552
175;stronghold_network;3159.00;10.65;754.00;4.48;0
175;nuclear_reactor_spawn;3160.00;10.53;769.00;0.86;0
175;special_project_facility_spawn;3196.00;10.45;753.00;3.52;0
175;special_project_facility_spawn;3152.00;10.40;748.00;0.26;0
175;naval_base_spawn;3197.00;10.40;760.00;-3.44;4324
175;naval_base_spawn;3171.00;9.95;742.00;-0.55;3991
176;stronghold_network;3799.00;10.30;758.00;3.52;0
176;nuclear_reactor_spawn;3799.00;10.35;759.00;0.26;0
176;special_project_facility_spawn;3795.00;10.30;760.00;2.93;0
176;naval_base_spawn;3796.00;10.30;761.00;-2.36;4553
177;stronghold_network;4027.00;10.55;663.00;2.93;0
177;nuclear_reactor_spawn;4014.00;10.80;665.00;5.59;0
177;special_project_facility_spawn;4006.00;10.60;667.00;1.97;0
177;special_project_facility_spawn;4017.00;11.45;719.00;4.99;0
177;special_project_facility_spawn;4018.00;11.25;733.00;6.20;0
177;special_project_facility_spawn;4030.00;10.90;679.00;4.04;0
177;special_project_facility_spawn;3992.00;10.80;729.00;0.42;0
177;naval_base_spawn;3967.00;9.95;650.00;-2.25;4117
177;naval_base_spawn;3987.00;9.50;756.00;-2.19;4302
177;naval_base_spawn;3983.00;9.60;709.00;-1.04;4117
177;naval_base_spawn;4034.00;10.20;751.00;1.57;3633
177;naval_base_spawn;4036.00;10.30;669.00;1.25;4447
178;stronghold_network;4091.00;10.20;757.00;1.97;0
178;nuclear_reactor_spawn;4090.00;10.30;757.00;4.99;0
178;special_project_facility_spawn;4092.00;9.50;756.00;6.20;0
178;naval_base_spawn;4092.00;10.10;757.00;-3.14;3633
179;stronghold_network;2445.00;9.50;756.00;6.20;0
179;nuclear_reactor_spawn;2448.00;10.45;756.00;4.04;0
179;special_project_facility_spawn;2446.00;10.30;757.00;0.42;0
179;naval_base_spawn;2447.00;9.60;755.00;-1.57;4132
182;stronghold_network;3178.00;10.50;724.00;0.32;0
182;nuclear_reactor_spawn;3180.00;10.53;725.00;0.43;0
182;special_project_facility_spawn;3178.00;10.40;723.00;4.55;0
182;naval_base_spawn;3182.00;10.35;721.00;1.57;3991
183;stronghold_network;2549.00;10.35;645.00;4.55;0
183;nuclear_reactor_spawn;2490.00;10.85;706.00;0.93;0
183;special_project_facility_spawn;2501.00;10.60;686.00;2.49;0
183;special_project_facility_spawn;2460.00;11.25;711.00;5.15;0
183;special_project_facility_spawn;2462.00;11.50;702.00;2.99;0
183;special_project_facility_spawn;2534.00;10.30;651.00;4.20;0
183;special_project_facility_spawn;2484.00;10.90;706.00;0.94;0
183;special_project_facility_spawn;2451.00;10.50;718.00;3.60;0
183;special_project_facility_spawn;2528.00;10.30;665.00;6.26;0
183;special_project_facility_spawn;2500.00;10.60;703.00;4.10;0
183;special_project_facility_spawn;2536.00;10.60;643.00;5.66;0
183;special_project_facility_spawn;2484.00;10.35;688.00;2.05;0
183;special_project_facility_spawn;2506.00;10.40;667.00;4.71;0
183;naval_base_spawn;2447.00;9.50;691.00;-1.49;3669
183;naval_base_spawn;2563.00;10.30;641.00;-4.42;3655
183;naval_base_spawn;2536.00;10.10;659.00;-4.25;3655
183;naval_base_spawn;2527.00;10.20;669.00;-4.07;3655
183;naval_base_spawn;2508.00;9.85;704.00;-4.33;4132
183;naval_base_spawn;2461.00;10.30;727.00;-3.14;4132
183;naval_base_spawn;2496.00;10.35;713.00;-3.50;4132
183;naval_base_spawn;2488.00;10.25;683.00;-0.32;3923
183;naval_base_spawn;2495.00;9.50;681.00;-0.98;3923
183;naval_base_spawn;2433.00;9.60;710.00;-1.77;3669
183;naval_base_spawn;2513.00;9.50;656.00;-0.79;3923
185;stronghold_network;3967.00;9.50;715.00;2.99;0
185;nuclear_reactor_spawn;3966.00;9.50;713.00;4.20;0
185;special_project_facility_spawn;3967.00;9.50;714.00;0.94;0
185;naval_base_spawn;3968.00;10.20;715.00;1.57;4117
186;stronghold_network;4117.00;10.30;711.00;0.94;0
186;nuclear_reactor_spawn;4118.00;10.30;708.00;3.60;0
186;special_project_facility_spawn;4118.00;10.30;708.00;6.26;0
186;naval_base_spawn;4118.00;10.25;712.00;1.57;4315
187;stronghold_network;3750.00;10.30;709.00;6.26;0
187;nuclear_reactor_spawn;3751.00;10.30;707.00;4.10;0
187;special_project_facility_spawn;3750.00;10.30;709.00;5.66;0
187;naval_base_spawn;3747.00;9.50;708.00;1.57;3924
188;stronghold_network;2522.00;10.25;697.00;5.66;0
188;nuclear_reactor_spawn;2522.00;10.25;697.00;2.05;0
188;special_project_facility_spawn;2522.00;10.15;696.00;4.71;0
188;naval_base_spawn;2523.00;10.25;697.00;1.57;3655
190;stronghold_network;3553.00;10.20;668.00;4.11;0
190;nuclear_reactor_spawn;3550.00;10.15;677.00;0.49;0
190;special_project_facility_spawn;3551.00;10.25;676.00;3.15;0
190;naval_base_spawn;3559.00;9.80;682.00;0.98;4216
191;stronghold_network;3518.00;10.30;670.00;3.15;0
191;nuclear_reactor_spawn;3511.00;10.35;629.00;6.18;0
191;special_project_facility_spawn;3506.00;10.30;649.00;1.10;0
191;special_project_facility_spawn;3505.00;10.15;623.00;5.22;0
191;special_project_facility_spawn;3525.00;10.50;640.00;3.06;0
191;naval_base_spawn;3504.00;9.50;638.00;0.00;4558
191;naval_base_spawn;3513.00;9.50;671.00;-2.50;3390
191;naval_base_spawn;3530.00;9.85;630.00;0.26;4558
192;stronghold_network;2469.00;10.30;652.00;1.10;0
192;nuclear_reactor_spawn;2473.00;10.53;648.00;5.22;0
192;special_project_facility_spawn;2479.00;10.53;638.00;3.06;0
192;naval_base_spawn;2466.00;10.15;632.00;-1.74;4299
193;stronghold_network;3548.00;9.50;647.00;3.06;0
193;nuclear_reactor_spawn;3547.00;9.50;644.00;3.16;0
193;special_project_facility_spawn;3549.00;10.10;647.00;1.00;0
193;naval_base_spawn;3549.00;9.50;646.00;-3.93;4216
194;stronghold_network;3140.00;10.30;631.00;1.00;0
194;nuclear_reactor_spawn;3140.00;10.30;631.00;3.67;0
194;special_project_facility_spawn;3140.00;10.30;631.00;0.05;0
194;naval_base_spawn;3140.00;10.00;633.00;-1.57;3491
195;stronghold_network;2568.00;10.80;584.00;0.05;0
195;nuclear_reactor_spawn;2566.00;10.60;577.00;1.61;0
195;special_project_facility_spawn;2545.00;10.85;580.00;5.73;0
195;special_project_facility_spawn;2500.00;10.30;577.00;0.65;0
195;special_project_facility_spawn;2564.00;10.65;588.00;4.78;0
195;special_project_facility_spawn;2568.00;10.20;616.00;0.06;0
195;special_project_facility_spawn;2573.00;10.30;573.00;4.18;0
195;special_project_facility_spawn;2513.00;10.50;588.00;0.56;0
195;special_project_facility_spawn;2489.00;10.30;592.00;2.12;0
195;naval_base_spawn;2487.00;9.50;586.00;0.00;4134
195;naval_base_spawn;2572.00;9.50;623.00;-2.98;3655
195;naval_base_spawn;2585.00;9.85;592.00;1.37;4433
195;naval_base_spawn;2506.00;9.60;557.00;0.00;4134
195;naval_base_spawn;2510.00;10.30;595.00;-3.61;3923
195;naval_base_spawn;2552.00;9.60;590.00;-2.77;3923
195;naval_base_spawn;2538.00;10.20;586.00;-3.31;3923
196;stronghold_network;2529.00;10.40;614.00;5.73;0
196;nuclear_reactor_spawn;2510.00;10.40;624.00;0.65;0
196;special_project_facility_spawn;2535.00;10.35;614.00;4.78;0
196;naval_base_spawn;2516.00;10.25;630.00;-3.93;3923
198;stronghold_network;4554.00;10.55;535.00;4.18;0
198;nuclear_reactor_spawn;4642.00;10.70;556.00;0.56;0
198;special_project_facility_spawn;4568.00;10.57;550.00;2.12;0
198;special_project_facility_spawn;4601.00;10.40;617.00;6.24;0
198;special_project_facility_spawn;4528.00;10.82;539.00;1.17;0
198;special_project_facility_spawn;4486.00;10.15;548.00;5.29;0
198;special_project_facility_spawn;4461.00;10.75;529.00;0.57;0
198;special_project_facility_spawn;4631.00;11.43;555.00;3.23;0
198;special_project_facility_spawn;4586.00;10.57;584.00;5.89;0
198;special_project_facility_spawn;4544.00;11.48;583.00;3.73;0
198;special_project_facility_spawn;4421.00;12.45;517.00;3.84;0
198;special_project_facility_spawn;4610.00;10.65;563.00;1.68;0
198;special_project_facility_spawn;4491.00;10.30;576.00;5.80;0
198;special_project_facility_spawn;4416.00;11.98;520.00;0.72;0
198;naval_base_spawn;4394.00;10.30;532.00;-2.36;3442
198;naval_base_spawn;4595.00;10.30;618.00;1.36;4043
198;naval_base_spawn;4477.00;10.20;566.00;-2.68;3692
198;naval_base_spawn;4507.00;10.30;583.00;-2.36;3692
198;naval_base_spawn;4640.00;9.60;581.00;-3.71;4363
198;naval_base_spawn;4525.00;9.95;602.00;-2.74;3707
198;naval_base_spawn;4436.00;10.30;542.00;-2.76;3692
198;naval_base_spawn;4634.00;9.85;582.00;-3.44;4043
198;naval_base_spawn;4588.00;10.30;588.00;-4.43;4043
199;stronghold_network;3211.00;10.57;605.00;2.12;0
199;nuclear_reactor_spawn;3200.00;10.53;612.00;6.24;0
199;special_project_facility_spawn;3208.00;10.80;610.00;1.17;0
199;naval_base_spawn;3208.00;9.60;604.00;0.00;3729
200;stronghold_network;3454.00;11.30;540.00;1.17;0
200;nuclear_reactor_spawn;3438.00;12.05;596.00;5.29;0
200;special_project_facility_spawn;3411.00;10.60;597.00;0.57;0
200;special_project_facility_spawn;3441.00;13.00;579.00;3.23;0
200;special_project_facility_spawn;3451.00;11.75;569.00;5.89;0
200;special_project_facility_spawn;3454.00;11.45;552.00;3.73;0
200;special_project_facility_spawn;3441.00;13.00;582.00;3.84;0
200;special_project_facility_spawn;3456.00;11.45;589.00;1.68;0
200;special_project_facility_spawn;3448.00;10.55;611.00;5.80;0
200;naval_base_spawn;3415.00;10.40;610.00;-3.24;4487
200;naval_base_spawn;3468.00;10.35;557.00;1.25;4237
200;naval_base_spawn;3481.00;10.15;599.00;-4.33;4558
200;naval_base_spawn;3470.00;9.95;570.00;1.49;4237
200;naval_base_spawn;3453.00;10.30;613.00;-2.94;4487
201;stronghold_network;3876.00;10.30;565.00;0.57;0
201;nuclear_reactor_spawn;3865.00;10.50;563.00;3.23;0
201;special_project_facility_spawn;3868.00;10.30;567.00;5.89;0
201;special_project_facility_spawn;3835.00;10.53;604.00;3.73;0
201;special_project_facility_spawn;3885.00;10.45;591.00;3.84;0
201;naval_base_spawn;3844.00;9.60;602.00;-3.73;4149
201;naval_base_spawn;3884.00;9.60;584.00;-3.03;3870
201;naval_base_spawn;3831.00;9.50;569.00;0.00;4203
202;stronghold_network;3018.00;10.10;601.00;5.89;0
202;nuclear_reactor_spawn;3025.00;10.30;601.00;3.73;0
202;special_project_facility_spawn;3031.00;10.10;590.00;3.84;0
202;naval_base_spawn;3026.00;9.50;584.00;0.40;3536
203;stronghold_network;3059.00;10.25;605.00;3.84;0
203;nuclear_reactor_spawn;3059.00;10.25;605.00;1.68;0
203;special_project_facility_spawn;3059.00;10.25;605.00;5.80;0
203;naval_base_spawn;3057.00;9.80;606.00;-1.57;3840
204;stronghold_network;4143.00;10.40;599.00;5.80;0
204;nuclear_reactor_spawn;4140.00;10.35;600.00;0.72;0
204;special_project_facility_spawn;4143.00;10.40;599.00;3.74;0
204;naval_base_spawn;4144.00;10.00;598.00;1.57;4029
205;stronghold_network;3062.00;10.10;571.00;3.74;0
205;nuclear_reactor_spawn;3065.00;10.30;592.00;0.12;0
205;special_project_facility_spawn;3061.00;10.30;577.00;4.25;0
205;naval_base_spawn;3068.00;9.50;579.00;1.57;4140
206;stronghold_network;3095.00;10.20;598.00;4.25;0
206;nuclear_reactor_spawn;3095.00;10.20;597.00;4.35;0
206;special_project_facility_spawn;3095.00;10.20;598.00;2.19;0
206;naval_base_spawn;3097.00;9.50;596.00;-1.57;4140
208;stronghold_network;3855.00;10.40;595.00;1.23;0
208;nuclear_reactor_spawn;3856.00;10.50;596.00;2.79;0
208;special_project_facility_spawn;3856.00;10.50;596.00;0.63;0
208;naval_base_spawn;3859.00;10.40;600.00;1.57;4149
210;stronghold_network;4370.00;10.30;553.00;5.96;0
210;nuclear_reactor_spawn;4385.00;10.80;563.00;2.70;0
210;special_project_facility_spawn;4396.00;10.30;583.00;3.90;0
210;naval_base_spawn;4376.00;9.85;578.00;-0.52;3442
212;stronghold_network;2417.00;10.10;590.00;4.41;0
212;nuclear_reactor_spawn;2415.00;9.50;589.00;5.97;0
212;special_project_facility_spawn;2417.00;9.50;589.00;2.35;0
212;naval_base_spawn;2417.00;9.50;589.00;1.57;3541
215;stronghold_network;3864.00;10.50;580.00;2.26;0
215;nuclear_reactor_spawn;3863.00;10.45;580.00;4.92;0
215;special_project_facility_spawn;3863.00;10.40;579.00;0.19;0
215;naval_base_spawn;3864.00;10.40;581.00;-4.25;3870
217;stronghold_network;2388.00;10.30;569.00;0.70;0
217;radar_station;2401.00;9.50;549.00;1.82;0
217;nuclear_reactor_spawn;2402.00;10.20;552.00;4.93;0
217;special_project_facility_spawn;2390.00;10.30;527.00;3.97;0
217;special_project_facility_spawn;2403.00;10.30;552.00;0.35;0
217;special_project_facility_spawn;2387.00;10.25;564.00;3.37;0
217;naval_base_spawn;2391.00;10.25;529.00;-3.93;3541
217;naval_base_spawn;2385.00;9.50;564.00;-3.93;3541
217;naval_base_spawn;2404.00;10.20;549.00;-3.14;3541
219;stronghold_network;2981.00;10.25;566.00;3.97;0
219;nuclear_reactor_spawn;2979.00;10.10;566.00;0.35;0
219;special_project_facility_spawn;2979.00;10.10;566.00;3.37;0
219;naval_base_spawn;2994.00;10.10;568.00;1.57;3536
221;stronghold_network;3507.00;10.95;532.00;2.42;0
221;nuclear_reactor_spawn;3494.00;10.88;507.00;0.26;0
221;special_project_facility_spawn;3510.00;11.35;503.00;0.36;0
221;special_project_facility_spawn;3504.00;10.45;543.00;4.48;0
221;special_project_facility_spawn;3537.00;10.25;528.00;0.86;0
221;naval_base_spawn;3498.00;9.50;542.00;-1.57;4237
221;naval_base_spawn;3528.00;9.60;511.00;-4.34;3387
221;naval_base_spawn;3527.00;9.60;523.00;-1.57;3387
222;stronghold_network;2505.00;10.45;1097.00;0.36;0
222;nuclear_reactor_spawn;2513.00;10.55;1098.00;4.48;0
222;special_project_facility_spawn;2513.00;10.30;1104.00;0.86;0
222;special_project_facility_spawn;2507.00;10.60;1090.00;3.88;0
222;special_project_facility_spawn;2509.00;10.55;1081.00;5.09;0
222;naval_base_spawn;2502.00;9.50;1075.00;-1.41;3654
222;naval_base_spawn;2512.00;10.25;1108.00;-3.14;3654
222;naval_base_spawn;2502.00;10.25;1098.00;-1.82;3654
223;stronghold_network;2602.00;11.15;516.00;0.86;0
223;nuclear_reactor_spawn;2531.00;10.82;468.00;3.88;0
223;special_project_facility_spawn;2603.00;11.15;520.00;5.09;0
223;special_project_facility_spawn;2493.00;10.53;477.00;2.93;0
223;special_project_facility_spawn;2568.00;11.18;507.00;5.59;0
223;special_project_facility_spawn;2517.00;11.98;470.00;0.87;0
223;special_project_facility_spawn;2544.00;10.45;535.00;4.99;0
223;special_project_facility_spawn;2526.00;12.25;506.00;1.38;0
223;special_project_facility_spawn;2618.00;10.82;495.00;4.04;0
223;special_project_facility_spawn;2642.00;10.30;479.00;5.60;0
223;special_project_facility_spawn;2529.00;10.35;443.00;3.44;0
223;special_project_facility_spawn;2503.00;11.10;499.00;4.64;0
223;special_project_facility_spawn;2606.00;10.50;543.00;2.48;0
223;special_project_facility_spawn;2645.00;10.10;495.00;4.05;0
223;special_project_facility_spawn;2552.00;10.35;486.00;0.43;0
223;special_project_facility_spawn;2581.00;11.05;513.00;3.09;0
223;special_project_facility_spawn;2539.00;10.57;480.00;6.11;0
223;special_project_facility_spawn;2513.00;10.50;432.00;3.95;0
223;special_project_facility_spawn;2509.00;10.80;441.00;5.16;0
223;special_project_facility_spawn;2621.00;10.45;518.00;3.00;0
223;special_project_facility_spawn;2498.00;10.70;500.00;4.56;0
223;special_project_facility_spawn;2561.00;10.40;540.00;0.94;0
223;special_project_facility_spawn;2667.00;10.25;478.00;3.60;0
223;special_project_facility_spawn;2573.00;11.12;506.00;1.44;0
223;special_project_facility_spawn;2509.00;10.50;517.00;1.55;0
223;special_project_facility_spawn;2604.00;10.10;559.00;5.67;0
223;naval_base_spawn;2607.00;10.10;564.00;-3.42;4433
223;naval_base_spawn;2649.00;10.10;495.00;-4.65;3762
223;naval_base_spawn;2492.00;9.50;468.00;-1.70;4567
223;naval_base_spawn;2686.00;10.10;497.00;-3.55;3762
223;naval_base_spawn;2534.00;10.00;455.00;-3.98;3792
223;naval_base_spawn;2616.00;10.30;536.00;-4.19;4433
223;naval_base_spawn;2502.00;9.60;440.00;-1.05;4567
223;naval_base_spawn;2505.00;10.15;520.00;-2.60;4134
223;naval_base_spawn;2598.00;9.50;503.00;-0.17;3792
223;naval_base_spawn;2553.00;10.30;486.00;0.54;3792
223;naval_base_spawn;2492.00;10.15;507.00;-3.02;4134
223;naval_base_spawn;2592.00;10.35;498.00;0.46;3792
223;naval_base_spawn;2530.00;9.85;532.00;-2.23;4134
223;naval_base_spawn;2560.00;10.20;544.00;-3.42;4433
223;naval_base_spawn;2520.00;10.30;435.00;1.41;3492
223;naval_base_spawn;2658.00;10.20;487.00;-3.79;3762
223;naval_base_spawn;2540.00;10.35;469.00;0.57;3792
223;naval_base_spawn;2613.00;9.60;489.00;-0.24;3792
223;naval_base_spawn;2529.00;10.20;531.00;-2.91;4134
223;naval_base_spawn;2627.00;10.20;515.00;-4.25;3508
223;naval_base_spawn;2542.00;9.60;466.00;1.33;3792
225;stronghold_network;3102.00;10.30;556.00;5.59;0
225;nuclear_reactor_spawn;3102.00;10.30;556.00;0.87;0
225;special_project_facility_spawn;3101.00;10.30;557.00;4.99;0
225;naval_base_spawn;3102.00;10.30;559.00;1.57;4140
227;supply_node;2884.00;9.60;539.00;4.88;0
227;stronghold_network;2874.00;10.45;550.00;5.60;0
227;radar_station;2873.00;10.30;530.00;3.01;0
227;nuclear_reactor_spawn;2894.00;10.40;542.00;4.64;0
227;special_project_facility_spawn;2876.00;10.45;534.00;2.48;0
227;special_project_facility_spawn;2884.00;9.50;536.00;4.05;0
227;naval_base_spawn;2866.00;9.55;545.00;-0.90;3699
227;naval_base_spawn;2885.00;10.30;540.00;1.57;3699
228;stronghold_network;3124.00;10.55;914.00;3.44;0
228;nuclear_reactor_spawn;3144.00;12.68;919.00;4.64;0
228;special_project_facility_spawn;3159.00;10.55;938.00;2.48;0
228;special_project_facility_spawn;3156.00;11.43;928.00;4.05;0
228;special_project_facility_spawn;3139.00;13.15;916.00;0.43;0
228;special_project_facility_spawn;3130.00;10.50;908.00;3.09;0
228;special_project_facility_spawn;3115.00;10.30;902.00;6.11;0
228;special_project_facility_spawn;3122.00;10.70;938.00;3.95;0
228;special_project_facility_spawn;3083.00;10.10;952.00;5.16;0
228;special_project_facility_spawn;3121.00;11.18;924.00;3.00;0
228;special_project_facility_spawn;3130.00;10.78;932.00;4.56;0
228;special_project_facility_spawn;3141.00;11.10;901.00;0.94;0
228;special_project_facility_spawn;3108.00;10.45;928.00;3.60;0
228;special_project_facility_spawn;3133.00;10.80;894.00;1.44;0
228;special_project_facility_spawn;3126.00;10.57;896.00;1.55;0
228;special_project_facility_spawn;3135.00;10.50;881.00;5.67;0
228;special_project_facility_spawn;3103.00;10.30;919.00;2.05;0
228;naval_base_spawn;3117.00;10.40;944.00;-3.42;4089
228;naval_base_spawn;3107.00;9.50;907.00;-0.93;3758
228;naval_base_spawn;3117.00;9.85;896.00;-0.59;3758
228;naval_base_spawn;3142.00;9.85;939.00;-3.52;4089
228;naval_base_spawn;3093.00;10.20;950.00;-2.76;4089
228;naval_base_spawn;3097.00;9.50;918.00;-1.57;3758
228;naval_base_spawn;3087.00;9.50;927.00;-1.19;3758
228;naval_base_spawn;3133.00;9.95;878.00;0.00;3758
228;naval_base_spawn;3163.00;10.40;942.00;-2.60;4089
230;stronghold_network;3074.00;10.85;537.00;0.43;0
230;nuclear_reactor_spawn;3062.00;10.40;534.00;3.09;0
230;special_project_facility_spawn;3069.00;10.82;539.00;6.11;0
230;naval_base_spawn;3059.00;9.60;525.00;-0.54;4480
232;stronghold_network;2294.00;10.85;1214.00;5.16;0
232;nuclear_reactor_spawn;2280.00;10.50;1236.00;3.00;0
232;special_project_facility_spawn;2276.00;10.50;1223.00;4.56;0
232;special_project_facility_spawn;2295.00;10.65;1220.00;0.94;0
232;special_project_facility_spawn;2265.00;10.50;1243.00;3.60;0
232;special_project_facility_spawn;2271.00;10.40;1231.00;1.44;0
232;special_project_facility_spawn;2263.00;10.60;1225.00;1.55;0
232;special_project_facility_spawn;2289.00;10.53;1226.00;5.67;0
232;special_project_facility_spawn;2288.00;11.05;1211.00;2.05;0
232;special_project_facility_spawn;2277.00;10.45;1234.00;4.71;0
232;special_project_facility_spawn;2298.00;10.50;1222.00;1.45;0
232;special_project_facility_spawn;2262.00;10.30;1238.00;4.11;0
232;naval_base_spawn;2297.00;10.25;1232.00;-3.68;4174
234;stronghold_network;2322.00;11.35;1302.00;3.60;0
234;nuclear_reactor_spawn;2329.00;10.88;1287.00;1.44;0
234;special_project_facility_spawn;2338.00;11.18;1305.00;1.55;0
234;special_project_facility_spawn;2327.00;11.15;1291.00;5.67;0
234;special_project_facility_spawn;2350.00;10.40;1300.00;2.05;0
234;special_project_facility_spawn;2333.00;10.50;1284.00;4.71;0
234;special_project_facility_spawn;2345.00;10.60;1314.00;1.45;0
234;special_project_facility_spawn;2351.00;10.85;1307.00;4.11;0
234;special_project_facility_spawn;2351.00;10.80;1312.00;0.50;0
234;special_project_facility_spawn;2356.00;10.65;1303.00;2.05;0
234;naval_base_spawn;2349.00;10.30;1317.00;-3.34;4265
234;naval_base_spawn;2361.00;9.60;1299.00;1.11;4174
234;naval_base_spawn;2340.00;10.30;1288.00;1.11;4174
234;naval_base_spawn;2343.00;10.40;1299.00;0.79;4174
234;naval_base_spawn;2340.00;10.40;1318.00;-3.42;4265
79;arms_factory;2010.00;10.80;1428.00;2.74;0
79;arms_factory;2013.00;10.80;1428.00;0.58;0
79;arms_factory;2021.00;10.80;1435.00;3.24;0
79;arms_factory;2012.00;10.80;1429.00;6.26;0
79;arms_factory;2018.00;10.80;1436.00;2.64;0
79;arms_factory;2019.00;10.80;1433.00;5.30;0
79;industrial_complex;2020.00;10.80;1437.00;3.15;0
79;industrial_complex;2016.00;10.80;1434.00;3.25;0
79;industrial_complex;2019.00;10.80;1434.00;1.09;0
79;industrial_complex;2012.00;10.80;1435.00;3.75;0
79;industrial_complex;2013.00;10.80;1432.00;5.31;0
79;industrial_complex;2016.00;10.80;1432.00;1.69;0
79;air_base;2019.00;10.80;1432.00;5.82;0
79;supply_node;2014.00;10.80;1432.00;0.38;0
79;bunker;2009.00;10.80;1430.00;3.76;0
79;coastal_bunker;2009.00;9.50;1426.00;1.57;0
79;stronghold_network;2015.00;10.80;1430.00;2.80;0
79;dockyard;2016.00;10.32;1427.00;1.57;0
79;anti_air_building;2011.00;10.80;1427.00;2.21;0
79;anti_air_building;2014.00;10.80;1427.00;0.04;0
79;anti_air_building;2016.00;10.80;1435.00;1.25;0
79;synthetic_refinery;2019.00;10.80;1435.00;5.37;0
79;fuel_silo;2013.00;10.80;1436.00;0.65;0
79;radar_station;2016.00;10.80;1432.00;2.09;0
79;nuclear_reactor_spawn;2017.00;10.80;1433.00;5.98;0
79;special_project_facility_spawn;2011.00;10.80;1434.00;2.71;0
79;naval_base_spawn;2022.00;10.80;1435.00;1.57;3989
79;floating_harbor;2022.00;9.50;1432.00;-1.57;2496
68;arms_factory;2063.00;10.80;1449.00;2.65;0
68;arms_factory;2072.00;10.80;1450.00;4.20;0
68;arms_factory;2062.00;10.80;1449.00;0.58;0
68;arms_factory;2071.00;10.80;1450.00;3.25;0
68;arms_factory;2069.00;10.80;1453.00;1.09;0
68;arms_factory;2069.00;10.80;1450.00;2.65;0
68;industrial_complex;2073.00;10.80;1452.00;5.32;0
68;industrial_complex;2062.00;10.80;1450.00;3.15;0
68;industrial_complex;2071.00;10.80;1452.00;3.25;0
68;industrial_complex;2070.00;10.80;1449.00;1.09;0
68;industrial_complex;2072.00;10.80;1451.00;3.76;0
68;industrial_complex;2069.00;10.80;1449.00;0.14;0
68;air_base;2070.00;10.80;1451.00;1.70;0
68;supply_node;2069.00;10.80;1449.00;6.16;0
68;bunker;2061.00;10.80;1451.00;0.75;0
68;coastal_bunker;2065.00;10.80;1447.00;-3.93;0
68;stronghold_network;2069.00;10.80;1450.00;1.60;0
68;dockyard;2063.00;10.80;1453.00;-3.93;0
68;anti_air_building;2068.00;10.80;1450.00;0.65;0
68;anti_air_building;2071.00;10.80;1452.00;3.32;0
68;anti_air_building;2066.00;10.80;1450.00;0.05;0
68;synthetic_refinery;2070.00;10.80;1452.00;1.26;0
68;fuel_silo;2077.00;10.80;1449.00;5.38;0
68;radar_station;2070.00;10.80;1451.00;1.59;0
68;nuclear_reactor_spawn;2067.00;10.80;1449.00;3.32;0
68;special_project_facility_spawn;2069.00;10.80;1451.00;5.99;0
68;naval_base_spawn;2079.00;10.32;1449.00;-3.93;3989
68;floating_harbor;2043.00;9.50;1452.00;1.50;1960
90;arms_factory;2010.00;10.80;1383.00;5.97;0
90;arms_factory;2010.00;10.80;1387.00;1.24;0
90;arms_factory;2009.00;10.80;1387.00;5.37;0
90;arms_factory;2007.00;10.80;1384.00;1.75;0
90;arms_factory;2003.00;10.80;1388.00;5.87;0
90;arms_factory;2001.00;10.80;1387.00;5.98;0
90;industrial_complex;2001.00;10.80;1385.00;3.81;0
90;industrial_complex;2009.00;10.80;1388.00;0.19;0
90;industrial_complex;2007.00;10.80;1387.00;2.86;0
90;industrial_complex;2007.00;10.80;1385.00;4.42;0
90;industrial_complex;2000.00;10.80;1388.00;2.26;0
90;industrial_complex;2000.00;10.80;1388.00;3.47;0
90;air_base;1999.00;10.80;1385.00;1.31;0
90;supply_node;2005.00;10.80;1385.00;5.03;0
90;bunker;2005.00;10.80;1388.00;5.53;0
90;coastal_bunker;2012.00;10.80;1388.00;-3.14;0
90;stronghold_network;2001.00;10.80;1389.00;6.04;0
90;dockyard;2015.00;9.85;1380.00;-3.14;0
90;anti_air_building;2010.00;10.80;1385.00;3.98;0
90;anti_air_building;2009.00;10.80;1382.00;1.82;0
90;anti_air_building;2003.00;10.80;1388.00;3.37;0
90;synthetic_refinery;2003.00;10.80;1386.00;6.04;0
90;fuel_silo;2010.00;10.80;1388.00;2.43;0
90;radar_station;2006.00;10.80;1386.00;1.56;0
90;nuclear_reactor_spawn;2009.00;10.80;1386.00;1.82;0
90;special_project_facility_spawn;2004.00;10.80;1389.00;4.49;0
90;naval_base_spawn;2003.00;10.32;1384.00;-3.14;4439
90;floating_harbor;2005.00;9.50;1393.00;0.00;764
73;arms_factory;2021.00;10.93;1413.00;4.85;0
73;arms_factory;2002.00;10.98;1417.00;0.13;0
73;arms_factory;1987.00;11.00;1434.00;2.79;0
73;arms_factory;1995.00;11.05;1417.00;5.45;0
73;arms_factory;1996.00;10.65;1406.00;2.19;0
73;arms_factory;1995.00;11.00;1410.00;0.03;0
73;industrial_complex;2031.00;10.62;1425.00;1.24;0
73;industrial_complex;2004.00;10.75;1408.00;5.36;0
73;industrial_complex;2004.00;11.00;1412.00;0.63;0
73;industrial_complex;2010.00;10.75;1407.00;3.30;0
73;industrial_complex;1989.00;11.03;1427.00;5.97;0
73;industrial_complex;1988.00;10.80;1419.00;3.81;0
73;air_base;1985.00;10.73;1412.00;3.91;0
73;supply_node;1989.00;11.03;1428.00;2.11;0
73;supply_node;1997.00;11.00;1417.00;5.05;0
73;supply_node;2008.00;11.00;1410.00;0.25;0
73;supply_node;1997.00;10.70;1442.00;4.29;0
73;supply_node;2023.00;10.85;1416.00;0.94;0
73;supply_node;1989.00;10.82;1411.00;2.42;0
73;bunker;2017.00;10.95;1416.00;5.52;0
73;bunker;1995.00;11.03;1416.00;2.26;0
73;bunker;1983.00;10.65;1416.00;4.93;0
73;bunker;2009.00;11.05;1413.00;1.31;0
73;bunker;1986.00;10.88;1432.00;2.87;0
73;bunker;1993.00;10.90;1435.00;0.70;0
73;coastal_bunker;1983.00;10.20;1419.00;-1.25;0
73;coastal_bunker;2004.00;10.68;1419.00;-3.93;0
73;coastal_bunker;2013.00;10.73;1418.00;-3.36;0
73;coastal_bunker;2003.00;10.60;1440.00;-3.93;0
73;coastal_bunker;1986.00;9.75;1421.00;-1.57;0
73;coastal_bunker;2019.00;10.20;1407.00;0.79;0
73;stronghold_network;2003.00;11.00;1413.00;6.04;0
73;dockyard;1988.00;9.75;1406.00;-1.25;0
73;anti_air_building;1986.00;10.93;1428.00;0.26;0
73;anti_air_building;1991.00;11.00;1422.00;1.47;0
73;anti_air_building;2018.00;10.98;1415.00;4.49;0
73;synthetic_refinery;1996.00;10.70;1448.00;0.87;0
73;fuel_silo;2022.00;10.90;1414.00;3.53;0
73;radar_station;2000.00;10.20;1428.00;0.67;0
73;nuclear_reactor_spawn;1988.00;10.98;1435.00;2.93;0
73;special_project_facility_spawn;1991.00;11.00;1418.00;0.77;0
73;special_project_facility_spawn;1992.00;10.90;1441.00;1.98;0
73;special_project_facility_spawn;1985.00;10.73;1412.00;5.00;0
73;special_project_facility_spawn;2014.00;10.98;1410.00;1.38;0
73;special_project_facility_spawn;2025.00;10.75;1415.00;4.04;0
73;special_project_facility_spawn;1989.00;11.05;1432.00;0.43;0
73;naval_base_spawn;2003.00;10.68;1442.00;-3.93;3989
73;naval_base_spawn;1986.00;10.68;1419.00;-1.25;4439
73;naval_base_spawn;2015.00;9.78;1406.00;0.00;4439
73;naval_base_spawn;1996.00;10.70;1432.00;-4.49;3989
73;naval_base_spawn;2002.00;10.65;1420.00;-3.93;3989
73;naval_base_spawn;2026.00;10.18;1411.00;0.79;4439
73;floating_harbor;1976.00;9.50;1428.00;1.57;1440
73;floating_harbor;2005.95;9.50;1425.95;-0.79;1814
73;floating_harbor;2008.00;9.50;1398.00;-3.14;2299
73;floating_harbor;2005.95;9.66;1450.95;-0.79;2492
88;arms_factory;2043.00;10.73;1384.00;2.12;0
88;arms_factory;2037.00;10.88;1384.00;4.79;0
88;arms_factory;2040.00;10.98;1391.00;1.17;0
88;arms_factory;2034.00;10.90;1389.00;5.29;0
88;arms_factory;2029.00;10.70;1385.00;5.39;0
88;arms_factory;2041.00;10.88;1384.00;3.23;0
88;industrial_complex;2032.00;10.82;1386.00;5.89;0
88;industrial_complex;2042.00;10.80;1395.00;2.28;0
88;industrial_complex;2032.00;10.90;1389.00;3.84;0
88;industrial_complex;2036.00;10.93;1386.00;1.68;0
88;industrial_complex;2040.00;11.12;1387.00;2.88;0
88;industrial_complex;2035.00;10.93;1389.00;0.72;0
88;air_base;2044.00;10.75;1399.00;3.74;0
88;supply_node;2042.00;10.75;1391.00;4.12;0
88;supply_node;2030.00;10.82;1387.00;5.59;0
88;bunker;2037.00;10.90;1391.00;4.35;0
88;bunker;2027.00;10.65;1392.00;2.19;0
88;coastal_bunker;2041.00;10.70;1382.00;-2.82;0
88;coastal_bunker;2034.00;10.30;1384.00;-1.57;0
88;stronghold_network;2028.00;10.70;1388.00;2.80;0
88;dockyard;2033.00;10.23;1384.00;-1.57;0
88;anti_air_building;2042.00;10.80;1384.00;1.84;0
88;anti_air_building;2035.00;10.80;1384.00;5.96;0
88;anti_air_building;2040.00;10.75;1383.00;1.24;0
88;synthetic_refinery;2033.00;10.90;1389.00;3.91;0
88;fuel_silo;2043.00;10.75;1394.00;1.75;0
88;radar_station;2036.00;10.82;1391.00;0.26;0
88;nuclear_reactor_spawn;2031.00;10.80;1386.00;5.97;0
88;special_project_facility_spawn;2042.00;11.00;1386.00;2.35;0
88;special_project_facility_spawn;2024.00;10.68;1390.00;0.19;0
88;naval_base_spawn;2024.00;10.60;1392.00;-1.57;4439
88;naval_base_spawn;2044.00;10.73;1387.00;-4.25;4325
88;floating_harbor;2052.26;9.50;1396.13;-1.11;1544
88;floating_harbor;2022.00;9.50;1387.00;1.57;2518
80;arms_factory;2107.00;10.73;1410.00;1.33;0
80;arms_factory;2097.00;10.95;1413.00;3.99;0
80;arms_factory;2079.00;10.70;1414.00;0.37;0
80;arms_factory;2095.00;10.90;1408.00;1.93;0
80;arms_factory;2076.00;10.70;1417.00;6.05;0
80;arms_factory;2082.00;10.93;1409.00;0.98;0
80;industrial_complex;2098.00;10.60;1405.00;5.10;0
80;industrial_complex;2085.00;10.85;1417.00;0.38;0
80;industrial_complex;2102.00;10.90;1411.00;4.50;0
80;industrial_complex;2086.00;10.90;1410.00;5.71;0
80;industrial_complex;2089.00;10.98;1414.00;3.55;0
80;industrial_complex;2105.00;10.90;1408.00;0.28;0
80;air_base;2091.00;10.93;1411.00;1.49;0
80;supply_node;2096.00;10.90;1423.00;5.84;0
80;supply_node;2083.00;11.00;1403.00;1.04;0
80;supply_node;2102.00;10.90;1407.00;3.97;0
80;supply_node;2081.00;10.78;1415.00;1.73;0
80;bunker;2102.00;10.85;1406.00;4.06;0
80;bunker;2090.00;10.90;1407.00;4.16;0
80;bunker;2098.00;10.70;1430.00;2.00;0
80;bunker;2088.00;10.78;1417.00;4.66;0
80;coastal_bunker;2100.00;10.68;1430.00;-3.56;0
80;coastal_bunker;2097.00;10.18;1404.00;1.11;0
80;coastal_bunker;2075.00;10.20;1408.00;-0.59;0
80;coastal_bunker;2078.00;10.62;1421.00;-3.52;0
80;stronghold_network;2096.00;10.85;1407.00;5.77;0
80;dockyard;2089.00;10.62;1418.00;-3.52;0
80;anti_air_building;2080.00;10.70;1399.00;5.17;0
80;anti_air_building;2104.00;10.68;1403.00;1.56;0
80;anti_air_building;2081.00;10.90;1406.00;3.12;0
80;synthetic_refinery;2100.00;10.78;1428.00;0.96;0
80;fuel_silo;2078.00;10.70;1409.00;2.16;0
80;radar_station;2091.00;10.90;1416.00;0.05;0
80;nuclear_reactor_spawn;2095.00;10.80;1424.00;3.02;0
80;special_project_facility_spawn;2090.00;10.90;1409.00;4.23;0
80;special_project_facility_spawn;2102.00;10.65;1404.00;2.07;0
80;special_project_facility_spawn;2096.00;10.90;1425.00;4.73;0
80;special_project_facility_spawn;2079.00;10.68;1413.00;0.01;0
80;naval_base_spawn;2093.00;10.73;1420.00;-2.74;3989
80;naval_base_spawn;2086.00;10.60;1393.00;-0.59;4325
80;naval_base_spawn;2075.00;10.65;1418.00;-1.57;4325
80;naval_base_spawn;2105.00;10.75;1415.00;1.11;4325
80;floating_harbor;2090.24;9.50;1436.43;0.40;633
80;floating_harbor;2077.12;9.50;1394.18;-3.73;758
80;floating_harbor;2112.26;9.50;1401.87;-2.03;2504
78;arms_factory;2048.00;10.68;1424.00;3.50;0
78;arms_factory;2057.00;10.70;1437.00;5.06;0
78;arms_factory;2054.00;10.70;1428.00;1.45;0
78;arms_factory;2067.00;10.60;1426.00;5.57;0
78;arms_factory;2066.00;10.60;1425.00;0.49;0
78;arms_factory;2068.00;10.65;1429.00;3.51;0
78;industrial_complex;2060.00;10.73;1433.00;6.17;0
78;industrial_complex;2065.00;10.70;1432.00;4.01;0
78;industrial_complex;2057.00;10.70;1437.00;5.22;0
78;industrial_complex;2055.00;10.68;1428.00;1.95;0
78;industrial_complex;2052.00;10.70;1427.00;4.62;0
78;industrial_complex;2067.00;10.60;1425.00;1.00;0
78;air_base;2060.00;10.75;1430.00;5.13;0
78;supply_node;2062.00;10.70;1431.00;5.03;0
78;supply_node;2048.00;10.68;1427.00;1.68;0
78;bunker;2058.00;10.70;1437.00;5.73;0
78;bunker;2042.00;10.60;1427.00;2.46;0
78;coastal_bunker;2042.00;10.62;1429.00;-2.50;0
78;coastal_bunker;2061.00;10.60;1441.00;-3.39;0
78;stronghold_network;2048.00;10.62;1432.00;4.18;0
78;dockyard;2044.00;9.75;1426.00;-0.79;0
78;anti_air_building;2067.00;10.70;1432.00;2.12;0
78;anti_air_building;2059.00;10.75;1432.00;6.24;0
78;anti_air_building;2060.00;10.65;1436.00;4.08;0
78;synthetic_refinery;2049.00;10.70;1428.00;4.18;0
78;fuel_silo;2046.00;10.60;1427.00;2.02;0
78;radar_station;2057.00;10.80;1431.00;2.63;0
78;nuclear_reactor_spawn;2070.00;10.60;1429.00;1.07;0
78;special_project_facility_spawn;2070.00;10.60;1428.00;2.63;0
78;special_project_facility_spawn;2047.00;10.68;1429.00;0.46;0
78;naval_base_spawn;2057.00;10.18;1441.00;-3.39;3989
78;naval_base_spawn;2045.00;10.18;1426.00;-0.79;4439
78;floating_harbor;2065.92;9.50;1417.27;-2.86;2219
78;floating_harbor;2040.05;9.50;1419.05;-3.93;2498
23;supply_node;3504.00;10.40;1572.00;3.03;0
23;supply_node;3426.00;9.95;1573.00;1.89;0
23;supply_node;3511.00;10.30;1559.00;3.61;0
23;bunker;3508.00;10.53;1577.00;0.25;0
23;bunker;3459.00;10.40;1556.00;3.35;0
23;bunker;3427.00;10.30;1574.00;1.92;0
23;coastal_bunker;3499.00;10.00;1561.00;-0.17;0
23;coastal_bunker;3460.00;10.25;1558.00;-1.57;0
23;coastal_bunker;3512.00;10.30;1561.00;1.57;0
23;special_project_facility_spawn;3508.00;10.62;1583.00;5.83;0
23;special_project_facility_spawn;3466.00;10.50;1552.00;0.24;0
23;special_project_facility_spawn;3426.00;10.35;1576.00;5.56;0
23;naval_base_spawn;3428.00;10.30;1574.00;-3.14;4272
23;naval_base_spawn;3466.00;10.40;1554.00;-1.57;3636
23;naval_base_spawn;3506.00;10.40;1565.00;-0.17;3636
29;arms_factory;2699.00;11.60;1415.00;3.00;0
29;arms_factory;2703.00;10.50;1438.00;2.12;0
29;arms_factory;2703.00;10.60;1435.00;2.62;0
29;arms_factory;2709.00;11.20;1424.00;1.58;0
29;arms_factory;2648.00;10.53;1406.00;5.81;0
29;arms_factory;2690.00;10.90;1426.00;1.56;0
29;industrial_complex;2701.00;10.55;1436.00;1.68;0
29;industrial_complex;2704.00;11.50;1415.00;3.90;0
29;industrial_complex;2657.00;10.82;1413.00;5.43;0
29;industrial_complex;2710.00;11.20;1425.00;3.67;0
29;industrial_complex;2704.00;10.50;1440.00;5.21;0
29;industrial_complex;2661.00;10.53;1442.00;2.72;0
29;air_base;2655.00;10.55;1413.00;2.87;0
29;supply_node;2696.00;11.10;1423.00;1.60;0
29;supply_node;2659.00;10.82;1418.00;5.69;0
29;supply_node;2657.00;10.80;1438.00;4.43;0
29;bunker;2692.00;11.00;1422.00;4.61;0
29;bunker;2654.00;10.53;1444.00;4.49;0
29;bunker;2659.00;10.45;1428.00;2.68;0
29;coastal_bunker;2653.00;9.95;1424.00;-1.57;0
29;coastal_bunker;2660.00;10.53;1443.00;-2.55;0
29;coastal_bunker;2708.00;10.40;1449.00;-3.43;0
29;stronghold_network;2679.00;10.55;1429.00;2.85;0
29;dockyard;2649.00;10.25;1413.00;-1.57;0
29;anti_air_building;2698.00;11.93;1409.00;5.54;0
29;anti_air_building;2663.00;10.53;1439.00;2.53;0
29;anti_air_building;2665.00;11.00;1425.00;4.05;0
29;synthetic_refinery;2650.00;10.55;1406.00;0.90;0
29;fuel_silo;2708.00;11.00;1427.00;3.64;0
29;radar_station;2680.00;11.15;1424.00;3.83;0
29;nuclear_reactor_spawn;2713.00;10.60;1438.00;4.25;0
29;special_project_facility_spawn;2702.00;10.50;1439.00;3.34;0
29;special_project_facility_spawn;2653.00;10.53;1411.00;6.03;0
29;special_project_facility_spawn;2663.00;10.57;1438.00;3.59;0
29;rocket_site_spawn;2665.00;11.15;1423.00;2.16;0
29;naval_base_spawn;2676.00;10.40;1430.00;-1.99;3793
29;naval_base_spawn;2648.00;9.95;1442.00;-2.55;3793
29;naval_base_spawn;2651.00;9.60;1421.00;-1.57;3793
30;arms_factory;2953.00;11.20;874.00;2.62;0
30;arms_factory;2960.00;10.53;937.00;1.58;0
30;arms_factory;2946.00;11.12;870.00;5.81;0
30;arms_factory;2908.00;10.90;878.00;1.56;0
30;arms_factory;2944.00;11.40;872.00;1.68;0
30;arms_factory;2906.00;11.00;888.00;3.90;0
30;industrial_complex;2940.00;11.55;973.00;5.43;0
30;industrial_complex;2902.00;10.88;903.00;3.67;0
30;industrial_complex;2936.00;11.98;963.00;5.21;0
30;industrial_complex;2990.00;10.50;861.00;2.72;0
30;industrial_complex;2898.00;10.85;912.00;2.87;0
30;industrial_complex;2947.00;11.25;875.00;5.77;0
30;air_base;3002.00;10.65;876.00;3.23;0
30;supply_node;2958.00;10.82;956.00;4.43;0
30;supply_node;2957.00;10.60;920.00;1.50;0
30;supply_node;2970.00;10.75;861.00;2.43;0
30;supply_node;2974.00;11.10;889.00;3.93;0
30;supply_node;2917.00;10.53;920.00;2.05;0
30;supply_node;2942.00;11.40;872.00;3.64;0
30;supply_node;2884.00;10.55;899.00;5.01;0
30;supply_node;2928.00;12.15;951.00;2.59;0
30;supply_node;3009.00;10.80;910.00;3.32;0
30;supply_node;2909.00;10.90;878.00;4.18;0
30;supply_node;2943.00;11.45;981.00;1.17;0
30;supply_node;2996.00;10.85;871.00;2.41;0
30;supply_node;2993.00;10.57;843.00;2.60;0
30;supply_node;2987.00;10.50;918.00;1.51;0
30;supply_node;2934.00;11.05;901.00;3.83;0
30;supply_node;2857.00;10.30;891.00;4.03;0
30;bunker;2932.00;11.35;886.00;3.34;0
30;bunker;2975.00;10.60;914.00;6.03;0
30;bunker;2925.00;11.95;933.00;3.59;0
30;bunker;2996.00;10.60;918.00;2.16;0
30;bunker;2916.00;10.85;873.00;1.04;0
30;bunker;3002.00;10.60;914.00;3.78;0
30;bunker;2938.00;12.25;957.00;2.29;0
30;bunker;2997.00;10.82;872.00;1.16;0
30;bunker;2947.00;10.88;866.00;3.83;0
30;bunker;2947.00;11.53;953.00;6.14;0
30;bunker;2939.00;11.50;982.00;4.47;0
30;bunker;2890.00;10.90;906.00;1.45;0
30;bunker;2972.00;10.85;896.00;4.24;0
30;bunker;3001.00;10.30;845.00;5.29;0
30;bunker;2963.00;10.90;870.00;2.56;0
30;bunker;2851.00;10.40;875.00;2.63;0
30;coastal_bunker;2882.00;9.80;882.00;-0.43;0
30;coastal_bunker;2929.00;9.50;858.00;-0.40;0
30;coastal_bunker;3004.00;10.10;925.00;1.25;0
30;coastal_bunker;2849.00;10.30;875.00;-0.35;0
30;coastal_bunker;2975.00;10.30;854.00;0.14;0
30;coastal_bunker;3003.00;10.25;867.00;-4.25;0
30;coastal_bunker;2973.00;10.25;938.00;-4.15;0
30;coastal_bunker;2982.00;9.85;847.00;-1.68;0
30;coastal_bunker;2995.00;9.50;907.00;-3.23;0
30;coastal_bunker;2917.00;9.50;860.00;0.06;0
30;coastal_bunker;2971.00;10.30;958.00;-4.65;0
30;coastal_bunker;2987.00;10.25;903.00;-4.27;0
30;stronghold_network;2950.00;11.25;875.00;0.66;0
30;dockyard;2922.00;9.95;863.00;0.06;0
30;anti_air_building;2998.00;10.50;850.00;4.29;0
30;anti_air_building;2934.00;10.65;870.00;2.31;0
30;anti_air_building;2943.00;11.30;926.00;3.15;0
30;synthetic_refinery;2938.00;12.45;955.00;2.60;0
30;fuel_silo;2851.00;10.40;881.00;2.21;0
30;radar_station;2934.00;10.75;915.00;6.25;0
30;nuclear_reactor_spawn;2866.00;10.35;907.00;5.82;0
30;special_project_facility_spawn;2904.00;10.90;904.00;5.22;0
30;special_project_facility_spawn;2886.00;10.53;899.00;2.56;0
30;special_project_facility_spawn;2964.00;10.60;947.00;4.20;0
30;special_project_facility_spawn;2924.00;11.60;963.00;3.60;0
30;special_project_facility_spawn;2981.00;11.20;872.00;1.06;0
30;special_project_facility_spawn;2915.00;11.18;895.00;5.72;0
30;special_project_facility_spawn;3018.00;10.40;915.00;0.56;0
30;special_project_facility_spawn;3001.00;10.45;855.00;5.77;0
30;special_project_facility_spawn;2986.00;10.20;859.00;4.77;0
30;special_project_facility_spawn;2943.00;11.45;981.00;5.00;0
30;special_project_facility_spawn;2958.00;10.60;921.00;6.17;0
30;special_project_facility_spawn;2939.00;10.82;913.00;0.31;0
30;special_project_facility_spawn;2950.00;10.53;860.00;3.77;0
30;special_project_facility_spawn;2980.00;10.45;912.00;3.15;0
30;special_project_facility_spawn;2995.00;10.60;846.00;3.74;0
30;special_project_facility_spawn;2855.00;10.30;887.00;5.98;0
30;rocket_site_spawn;2917.00;10.90;899.00;0.22;0
30;naval_base_spawn;2920.00;9.60;860.00;0.06;3409
30;naval_base_spawn;3005.00;10.30;857.00;0.54;4291
30;naval_base_spawn;2991.00;9.90;858.00;0.14;3409
30;naval_base_spawn;2866.00;10.20;915.00;-3.27;3802
30;naval_base_spawn;2987.00;10.20;902.00;-4.27;3697
30;naval_base_spawn;2941.00;10.30;857.00;-0.40;3409
30;naval_base_spawn;2882.00;9.50;879.00;-0.43;4213
30;naval_base_spawn;3003.00;10.10;925.00;1.25;3697
30;naval_base_spawn;2971.00;10.25;964.00;-4.65;4543
30;naval_base_spawn;2971.00;10.25;936.00;-4.15;3697
30;naval_base_spawn;2985.00;10.25;927.00;-3.23;3697
30;naval_base_spawn;2984.00;9.50;844.00;-1.68;3409
33;arms_factory;3188.00;11.10;1020.00;5.43;0
33;arms_factory;3177.00;10.45;990.00;3.67;0
33;arms_factory;3176.00;11.15;1007.00;5.21;0
33;arms_factory;3181.00;11.20;967.00;2.72;0
33;arms_factory;3181.00;12.35;954.00;2.87;0
33;arms_factory;3211.00;14.00;1022.00;5.77;0
33;industrial_complex;3222.00;15.78;988.00;3.23;0
33;industrial_complex;3199.00;16.35;1001.00;4.63;0
33;industrial_complex;3251.00;16.90;1011.00;4.61;0
33;industrial_complex;3246.00;16.52;1036.00;4.49;0
33;industrial_complex;3243.00;16.10;1047.00;2.68;0
33;industrial_complex;3204.00;12.43;1024.00;1.21;0
33;air_base;3180.00;11.25;964.00;1.41;0
33;supply_node;3238.00;17.08;1039.00;5.01;0
33;supply_node;3196.00;12.65;1012.00;2.59;0
33;supply_node;3213.00;15.00;983.00;3.32;0
33;supply_node;3206.00;13.07;949.00;4.18;0
33;supply_node;3228.00;14.90;986.00;1.17;0
33;supply_node;3170.00;10.55;1013.00;2.41;0
33;supply_node;3182.00;10.90;1021.00;2.60;0
33;supply_node;3181.00;11.05;981.00;1.51;0
33;supply_node;3201.00;11.70;1028.00;3.83;0
33;supply_node;3212.00;17.05;1001.00;4.03;0
33;supply_node;3196.00;13.35;963.00;0.70;0
33;supply_node;3239.00;19.65;1009.00;2.34;0
33;supply_node;3179.00;11.90;957.00;1.87;0
33;supply_node;3222.00;16.90;1023.00;3.66;0
33;supply_node;3175.00;11.12;999.00;1.68;0
33;supply_node;3191.00;13.05;998.00;4.17;0
33;supply_node;3198.00;14.43;982.00;4.23;0
33;supply_node;3214.00;13.80;967.00;1.90;0
33;supply_node;3169.00;10.70;950.00;3.58;0
33;bunker;3198.00;14.80;1006.00;6.14;0
33;bunker;3220.00;15.20;985.00;4.47;0
33;bunker;3183.00;11.15;983.00;1.45;0
33;bunker;3184.00;10.55;1024.00;4.24;0
33;bunker;3171.00;11.12;951.00;5.29;0
33;bunker;3242.00;16.33;1047.00;2.56;0
33;bunker;3207.00;13.30;948.00;2.63;0
33;bunker;3232.00;18.75;1000.00;3.00;0
33;bunker;3175.00;10.55;966.00;2.04;0
33;bunker;3195.00;14.70;995.00;5.64;0
33;bunker;3177.00;11.25;1006.00;1.99;0
33;bunker;3187.00;12.75;967.00;5.25;0
33;bunker;3181.00;12.05;1008.00;5.07;0
33;bunker;3196.00;11.12;1027.00;0.94;0
33;bunker;3225.00;14.75;984.00;5.43;0
33;bunker;3222.00;16.65;1025.00;3.59;0
33;bunker;3196.00;15.03;989.00;1.87;0
33;bunker;3206.00;15.62;992.00;0.78;0
33;bunker;3218.00;14.23;964.00;0.01;0
33;coastal_bunker;3177.00;9.60;987.00;-1.57;0
33;coastal_bunker;3172.00;10.40;966.00;-2.36;0
33;coastal_bunker;3162.00;9.55;1016.00;-1.77;0
33;coastal_bunker;3184.00;10.20;1028.00;-2.86;0
33;coastal_bunker;3172.00;9.50;990.00;-0.46;0
33;coastal_bunker;3191.00;9.50;1035.00;-2.16;0
33;coastal_bunker;3167.00;10.35;955.00;-2.16;0
33;stronghold_network;3211.00;16.18;1007.00;2.10;0
33;dockyard;3170.00;9.50;1026.00;-2.86;0
33;anti_air_building;3242.00;16.48;1046.00;5.22;0
33;anti_air_building;3185.00;12.25;957.00;2.56;0
33;anti_air_building;3181.00;10.93;995.00;4.20;0
33;synthetic_refinery;3238.00;19.75;1008.00;3.60;0
33;fuel_silo;3180.00;11.23;997.00;1.06;0
33;radar_station;3208.00;16.27;995.00;0.53;0
33;nuclear_reactor_spawn;3199.00;12.70;1014.00;0.56;0
33;special_project_facility_spawn;3223.00;17.27;1021.00;5.77;0
33;special_project_facility_spawn;3235.00;18.75;1029.00;4.77;0
33;special_project_facility_spawn;3208.00;14.93;981.00;5.00;0
33;special_project_facility_spawn;3238.00;20.02;1007.00;6.17;0
33;special_project_facility_spawn;3200.00;15.35;988.00;0.31;0
33;special_project_facility_spawn;3215.00;16.65;996.00;3.77;0
33;special_project_facility_spawn;3214.00;13.80;966.00;3.15;0
33;special_project_facility_spawn;3208.00;13.30;944.00;3.74;0
33;special_project_facility_spawn;3187.00;12.12;996.00;5.98;0
33;special_project_facility_spawn;3178.00;11.12;997.00;0.22;0
33;special_project_facility_spawn;3187.00;11.53;1016.00;4.93;0
33;special_project_facility_spawn;3232.00;14.85;986.00;0.27;0
33;special_project_facility_spawn;3177.00;10.55;973.00;3.76;0
33;special_project_facility_spawn;3194.00;13.70;953.00;5.13;0
33;special_project_facility_spawn;3198.00;10.93;1035.00;2.50;0
33;special_project_facility_spawn;3189.00;12.93;961.00;4.55;0
33;special_project_facility_spawn;3181.00;10.55;1023.00;2.20;0
33;special_project_facility_spawn;3167.00;10.50;1017.00;3.02;0
33;special_project_facility_spawn;3172.00;11.23;948.00;1.51;0
33;rocket_site_spawn;3219.00;15.82;1022.00;3.01;0
33;naval_base_spawn;3167.00;10.35;1001.00;-1.33;4092
33;naval_base_spawn;3169.00;9.80;1024.00;-1.77;4092
33;naval_base_spawn;3168.00;9.60;959.00;-2.16;4089
33;naval_base_spawn;3172.00;9.50;974.00;-1.57;4089
33;naval_base_spawn;3176.00;10.20;1027.00;-2.86;4092
33;naval_base_spawn;3167.00;9.95;962.00;-2.36;4089
33;naval_base_spawn;3192.00;10.00;1033.00;-2.16;4092
35;supply_node;4229.00;10.55;1495.00;5.54;0
35;supply_node;4095.00;10.45;1503.00;1.60;0
35;supply_node;4222.00;10.35;1415.00;5.69;0
35;supply_node;4019.00;10.30;1434.00;4.43;0
35;supply_node;4189.00;10.55;1464.00;1.50;0
35;supply_node;4141.00;10.15;1516.00;2.43;0
35;supply_node;4015.00;10.40;1505.00;3.93;0
35;supply_node;4143.00;9.50;1502.00;2.05;0
35;supply_node;4172.00;10.40;1490.00;3.64;0
35;supply_node;3952.00;9.50;1493.00;5.01;0
35;supply_node;4084.00;9.60;1491.00;2.59;0
35;supply_node;4327.00;9.50;1488.00;3.32;0
35;supply_node;4051.00;10.60;1481.00;4.18;0
35;supply_node;4071.00;9.50;1484.00;1.17;0
35;supply_node;3823.00;10.55;1479.00;2.41;0
35;supply_node;4214.00;9.85;1480.00;2.60;0
35;supply_node;4009.00;9.60;1475.00;1.51;0
35;supply_node;4135.00;10.25;1475.00;3.83;0
35;supply_node;3919.00;10.25;1472.00;4.03;0
35;supply_node;4095.00;10.40;1466.00;0.70;0
35;supply_node;4124.00;10.30;1452.00;2.34;0
35;supply_node;3977.00;10.45;1456.00;1.87;0
35;supply_node;4066.00;9.60;1453.00;3.66;0
35;supply_node;4156.00;9.60;1458.00;1.68;0
35;supply_node;4064.00;10.30;1440.00;4.17;0
35;supply_node;4187.00;10.10;1440.00;4.23;0
35;supply_node;4306.00;9.60;1442.00;1.90;0
35;supply_node;3967.00;9.90;1434.00;3.58;0
35;supply_node;3987.00;9.50;1433.00;5.69;0
35;supply_node;4170.00;10.20;1420.00;0.20;0
35;supply_node;3981.00;9.50;1417.00;0.93;0
35;supply_node;4033.00;9.80;1412.00;6.07;0
35;supply_node;3989.00;9.50;1411.00;1.69;0
35;supply_node;4241.00;9.95;1403.00;2.42;0
35;supply_node;3997.00;9.50;1400.00;0.13;0
35;supply_node;4162.00;9.60;1395.00;0.29;0
35;supply_node;4012.00;9.50;1393.00;3.22;0
35;supply_node;4074.00;10.30;1384.00;0.84;0
35;supply_node;4200.00;9.60;1392.00;5.80;0
35;supply_node;4185.00;10.30;1389.00;5.59;0
35;supply_node;4139.00;10.30;1381.00;2.60;0
35;supply_node;4107.00;9.60;1382.00;3.04;0
35;supply_node;4041.00;9.55;1370.00;4.71;0
35;supply_node;4115.00;10.30;1361.00;4.29;0
35;supply_node;3868.00;10.45;1359.00;3.89;0
35;supply_node;4086.00;10.30;1341.00;3.12;0
35;supply_node;4102.00;9.50;1344.00;4.53;0
35;supply_node;4130.00;10.35;1317.00;2.49;0
35;bunker;4017.00;10.30;1428.00;6.07;0
35;bunker;4112.00;10.60;1509.00;4.29;0
35;bunker;4187.00;10.30;1391.00;2.31;0
35;bunker;4217.00;10.60;1510.00;3.15;0
35;bunker;4224.00;10.40;1408.00;2.60;0
35;bunker;4143.00;9.55;1515.00;2.21;0
35;bunker;4104.00;10.25;1344.00;2.10;0
35;bunker;4017.00;10.30;1470.00;5.82;0
35;bunker;4189.00;10.50;1463.00;5.22;0
35;bunker;4047.00;10.50;1482.00;2.56;0
35;bunker;4085.00;10.30;1340.00;4.20;0
35;bunker;3980.00;10.35;1453.00;3.60;0
35;bunker;4079.00;10.35;1385.00;1.06;0
35;bunker;4042.00;9.85;1370.00;5.72;0
35;bunker;4187.00;10.10;1443.00;0.56;0
35;bunker;3998.00;9.50;1401.00;5.77;0
35;bunker;3869.00;10.45;1358.00;4.77;0
35;bunker;4174.00;10.35;1494.00;5.00;0
35;bunker;4124.00;10.40;1449.00;6.17;0
35;bunker;4094.00;9.60;1468.00;0.31;0
35;bunker;3980.00;9.50;1419.00;3.77;0
35;bunker;4066.00;10.30;1455.00;3.15;0
35;bunker;4212.00;10.30;1482.00;3.74;0
35;bunker;4034.00;10.10;1411.00;5.98;0
35;bunker;4140.00;10.30;1383.00;0.22;0
35;bunker;4009.00;9.50;1395.00;4.93;0
35;bunker;3986.00;9.50;1434.00;0.27;0
35;bunker;4164.00;10.30;1395.00;3.76;0
35;bunker;4142.00;10.20;1503.00;5.13;0
35;bunker;4071.00;10.30;1486.00;2.50;0
35;bunker;4016.00;10.40;1505.00;4.55;0
35;bunker;3919.00;10.25;1472.00;2.20;0
35;bunker;4115.00;10.30;1362.00;3.02;0
35;bunker;4242.00;10.30;1404.00;1.51;0
35;bunker;4083.00;9.50;1491.00;3.01;0
35;bunker;3968.00;10.25;1434.00;5.93;0
35;bunker;3828.00;10.40;1481.00;0.13;0
35;bunker;4157.00;10.25;1459.00;2.51;0
35;bunker;3990.00;10.15;1413.00;4.21;0
35;bunker;4196.00;10.30;1393.00;3.27;0
35;bunker;3952.00;10.20;1494.00;5.07;0
35;bunker;4305.00;10.30;1444.00;0.26;0
35;bunker;4131.00;10.45;1317.00;1.77;0
35;bunker;4136.00;10.30;1476.00;3.68;0
35;bunker;4328.00;10.25;1489.00;1.15;0
35;bunker;4171.00;10.30;1421.00;5.39;0
35;bunker;4108.00;10.30;1382.00;2.21;0
35;bunker;4065.00;10.30;1442.00;3.05;0
35;coastal_bunker;4107.00;9.60;1379.00;-1.57;0
35;coastal_bunker;3868.00;10.35;1354.00;0.79;0
35;coastal_bunker;4173.00;9.60;1492.00;-3.14;0
35;coastal_bunker;4064.00;9.95;1441.00;-3.14;0
35;coastal_bunker;4097.00;10.30;1468.00;-3.93;0
35;coastal_bunker;4239.00;9.95;1422.00;-4.49;0
35;coastal_bunker;3920.00;10.20;1475.00;-3.93;0
35;coastal_bunker;4211.00;9.50;1480.00;-2.36;0
35;coastal_bunker;4239.00;9.55;1478.00;0.67;0
35;coastal_bunker;4121.00;10.30;1454.00;-3.93;0
35;coastal_bunker;4072.00;9.90;1513.00;-0.67;0
35;coastal_bunker;4052.00;10.00;1478.00;-1.57;0
35;coastal_bunker;4138.00;10.20;1476.00;-3.93;0
35;coastal_bunker;4085.00;10.00;1344.00;1.57;0
35;coastal_bunker;4067.00;10.30;1448.00;-1.57;0
35;coastal_bunker;3948.00;9.50;1491.00;1.57;0
35;coastal_bunker;4084.00;10.30;1492.00;-3.93;0
35;coastal_bunker;4063.00;10.30;1391.00;-3.14;0
35;coastal_bunker;4023.00;10.20;1437.00;-4.19;0
35;coastal_bunker;4132.00;10.40;1316.00;1.57;0
35;coastal_bunker;4186.00;10.10;1440.00;-3.14;0
35;coastal_bunker;3981.00;9.60;1452.00;-3.93;0
35;coastal_bunker;4329.00;10.25;1489.00;-3.93;0
35;coastal_bunker;3999.00;10.10;1400.00;-3.93;0
35;coastal_bunker;4014.00;10.25;1479.00;-3.14;0
35;coastal_bunker;4117.00;10.30;1361.00;-3.93;0
35;coastal_bunker;3829.00;10.40;1482.00;1.57;0
35;coastal_bunker;4144.00;10.15;1503.00;-3.93;0
35;coastal_bunker;4204.00;9.50;1463.00;-4.60;0
35;coastal_bunker;4015.00;10.40;1508.00;-3.93;0
35;coastal_bunker;3967.00;9.90;1434.00;1.57;0
35;coastal_bunker;4306.00;9.95;1443.00;-3.93;0
35;coastal_bunker;4136.00;9.60;1389.00;-3.14;0
35;coastal_bunker;4102.00;10.10;1347.00;-1.57;0
35;coastal_bunker;3980.00;9.50;1419.00;-3.93;0
35;coastal_bunker;4171.00;10.20;1422.00;1.57;0
35;coastal_bunker;4243.00;9.60;1403.00;-1.57;0
35;coastal_bunker;4042.00;10.20;1371.00;-3.14;0
35;coastal_bunker;4160.00;9.50;1397.00;-3.93;0
35;coastal_bunker;3988.00;10.10;1433.00;-3.93;0
35;coastal_bunker;4034.00;10.10;1415.00;-1.57;0
35;coastal_bunker;4184.00;9.60;1389.00;-3.93;0
35;coastal_bunker;4201.00;10.25;1393.00;-1.57;0
35;coastal_bunker;3987.00;9.50;1413.00;-3.93;0
35;coastal_bunker;4140.00;9.50;1515.00;-1.57;0
35;coastal_bunker;4013.00;9.50;1394.00;1.57;0
35;coastal_bunker;4071.00;10.30;1486.00;-3.93;0
35;coastal_bunker;4156.00;9.60;1458.00;-3.93;0
35;special_project_facility_spawn;4084.00;10.30;1511.00;2.41;0
35;special_project_facility_spawn;4141.00;10.50;1380.00;2.85;0
35;special_project_facility_spawn;4045.00;10.35;1485.00;5.49;0
35;special_project_facility_spawn;4023.00;10.50;1430.00;1.38;0
35;special_project_facility_spawn;4171.00;10.45;1489.00;2.20;0
35;special_project_facility_spawn;4087.00;10.35;1379.00;3.25;0
35;special_project_facility_spawn;4203.00;10.20;1464.00;0.21;0
35;special_project_facility_spawn;4141.00;9.50;1515.00;2.07;0
35;special_project_facility_spawn;4033.00;10.10;1411.00;3.03;0
35;special_project_facility_spawn;4225.00;10.55;1412.00;2.65;0
35;special_project_facility_spawn;4010.00;9.50;1394.00;2.88;0
35;special_project_facility_spawn;3863.00;10.40;1355.00;3.18;0
35;special_project_facility_spawn;4118.00;10.35;1456.00;4.45;0
35;special_project_facility_spawn;4160.00;9.60;1398.00;1.70;0
35;special_project_facility_spawn;4086.00;10.30;1335.00;4.44;0
35;special_project_facility_spawn;3920.00;10.20;1472.00;4.61;0
35;special_project_facility_spawn;4002.00;10.55;1480.00;1.67;0
35;special_project_facility_spawn;4236.00;10.50;1484.00;0.02;0
35;special_project_facility_spawn;4041.00;9.55;1370.00;3.40;0
35;special_project_facility_spawn;3968.00;10.25;1434.00;4.90;0
35;special_project_facility_spawn;3827.00;10.50;1482.00;0.47;0
35;special_project_facility_spawn;4187.00;9.60;1390.00;4.41;0
35;special_project_facility_spawn;4095.00;10.40;1467.00;2.49;0
35;special_project_facility_spawn;4211.00;10.15;1481.00;2.73;0
35;special_project_facility_spawn;4104.00;10.25;1344.00;5.62;0
35;special_project_facility_spawn;4115.00;10.30;1364.00;2.97;0
35;special_project_facility_spawn;4067.00;10.30;1452.00;3.86;0
35;special_project_facility_spawn;3996.00;9.50;1402.00;4.30;0
35;special_project_facility_spawn;4141.00;10.15;1503.00;5.20;0
35;special_project_facility_spawn;3988.00;10.10;1433.00;5.18;0
35;special_project_facility_spawn;4187.00;10.10;1441.00;4.05;0
35;special_project_facility_spawn;3980.00;10.30;1454.00;2.87;0
35;special_project_facility_spawn;4306.00;9.50;1441.00;5.64;0
35;special_project_facility_spawn;4157.00;10.25;1459.00;2.05;0
35;special_project_facility_spawn;4070.00;9.60;1486.00;2.94;0
35;special_project_facility_spawn;4013.00;10.45;1505.00;2.93;0
35;special_project_facility_spawn;4083.00;9.60;1492.00;0.78;0
35;special_project_facility_spawn;4135.00;10.25;1475.00;4.51;0
35;special_project_facility_spawn;4131.00;10.35;1316.00;4.71;0
35;special_project_facility_spawn;3982.00;10.10;1418.00;3.52;0
35;special_project_facility_spawn;3988.00;10.10;1413.00;4.08;0
35;special_project_facility_spawn;3951.00;10.15;1494.00;5.15;0
35;special_project_facility_spawn;4169.00;10.20;1421.00;3.23;0
35;special_project_facility_spawn;4240.00;9.60;1404.00;0.70;0
35;special_project_facility_spawn;4196.00;10.30;1393.00;4.14;0
35;special_project_facility_spawn;4066.00;10.30;1442.00;4.57;0
35;special_project_facility_spawn;4108.00;10.30;1382.00;0.84;0
35;special_project_facility_spawn;4328.00;10.25;1489.00;1.74;0
35;naval_base_spawn;4225.00;10.00;1405.00;-1.30;3691
35;naval_base_spawn;4184.00;9.80;1438.00;-3.14;4383
35;naval_base_spawn;4325.00;9.50;1489.00;-3.93;4016
35;naval_base_spawn;4119.00;10.30;1464.00;-3.93;4383
35;naval_base_spawn;3984.00;9.50;1417.00;-3.93;3720
35;naval_base_spawn;4235.00;10.50;1499.00;-3.79;3440
35;naval_base_spawn;3998.00;9.60;1477.00;-3.14;4310
35;naval_base_spawn;4190.00;10.30;1468.00;-3.34;3804
35;naval_base_spawn;4088.00;10.30;1339.00;1.57;4032
35;naval_base_spawn;4136.00;9.60;1389.00;-3.14;3691
35;naval_base_spawn;4218.00;9.60;1478.00;1.11;3787
35;naval_base_spawn;4102.00;10.10;1347.00;-1.57;4032
35;naval_base_spawn;4066.00;9.50;1502.00;-0.67;4310
35;naval_base_spawn;4306.00;9.50;1441.00;-3.93;3787
35;naval_base_spawn;3968.00;10.25;1435.00;1.57;3720
35;naval_base_spawn;3866.00;10.40;1353.00;0.79;4491
35;naval_base_spawn;4132.00;10.35;1323.00;1.57;4478
35;naval_base_spawn;3973.00;10.30;1455.00;-3.93;3720
35;naval_base_spawn;4176.00;9.60;1485.00;-3.14;3804
35;naval_base_spawn;4062.00;9.95;1438.00;-3.14;4310
35;naval_base_spawn;4019.00;10.00;1507.00;-3.93;4310
35;naval_base_spawn;4053.00;10.40;1484.00;-1.57;4310
35;naval_base_spawn;3987.00;9.50;1413.00;-3.93;3720
35;naval_base_spawn;3999.00;10.10;1400.00;-3.93;3720
35;naval_base_spawn;4069.00;10.35;1394.00;-3.14;4032
35;naval_base_spawn;4117.00;10.25;1365.00;-3.93;4032
35;naval_base_spawn;4140.00;9.50;1515.00;-1.57;3804
35;naval_base_spawn;4146.00;10.20;1503.00;-3.93;3804
35;naval_base_spawn;4097.00;9.60;1467.00;-3.93;4310
35;naval_base_spawn;4013.00;9.50;1434.00;-1.57;3720
35;naval_base_spawn;4107.00;10.00;1381.00;-1.57;4032
35;naval_base_spawn;4067.00;10.30;1448.00;-1.57;4310
35;naval_base_spawn;4010.00;10.15;1396.00;1.57;3720
35;naval_base_spawn;4168.00;9.50;1420.00;-2.36;4383
35;naval_base_spawn;3954.00;10.20;1494.00;1.57;3761
35;naval_base_spawn;4204.00;10.25;1393.00;-1.57;3691
35;naval_base_spawn;3923.00;10.30;1473.00;-3.93;3761
35;naval_base_spawn;4139.00;10.10;1477.00;-3.93;4383
35;naval_base_spawn;3822.00;10.35;1481.00;1.57;3779
35;naval_base_spawn;4162.00;9.60;1395.00;-3.93;3691
35;naval_base_spawn;3987.00;9.50;1433.00;-3.93;3720
35;naval_base_spawn;4156.00;10.30;1459.00;-3.93;4383
35;naval_base_spawn;4033.00;10.10;1411.00;-1.57;3720
35;naval_base_spawn;4086.00;10.30;1492.00;-3.93;4310
35;naval_base_spawn;4043.00;10.15;1371.00;-3.14;4032
35;naval_base_spawn;4243.00;10.30;1404.00;-1.57;4473
35;naval_base_spawn;4072.00;9.60;1484.00;-3.93;4310
35;naval_base_spawn;4185.00;10.30;1389.00;-3.93;3691
126;supply_node;2466.00;10.30;1103.00;2.58;0
126;bunker;2466.00;10.30;1105.00;3.52;0
126;coastal_bunker;2470.00;10.30;1102.00;-3.93;0
126;special_project_facility_spawn;2466.00;10.30;1101.00;5.15;0
126;naval_base_spawn;2465.00;9.60;1105.00;-3.93;3654
127;arms_factory;3101.00;10.85;1074.00;4.08;0
127;arms_factory;3125.00;10.35;1067.00;5.15;0
127;arms_factory;3072.00;11.48;1065.00;3.23;0
127;arms_factory;3115.00;10.30;1047.00;0.70;0
127;arms_factory;3118.00;10.50;1076.00;4.14;0
127;arms_factory;3066.00;11.60;1064.00;4.57;0
127;industrial_complex;3102.00;10.88;1065.00;0.84;0
127;industrial_complex;3060.00;11.50;1049.00;1.74;0
127;industrial_complex;3093.00;10.62;1077.00;5.91;0
127;industrial_complex;3129.00;10.55;1080.00;4.68;0
127;industrial_complex;3121.00;10.10;1049.00;0.58;0
127;industrial_complex;3114.00;10.30;1058.00;5.00;0
127;air_base;3076.00;10.88;1046.00;1.13;0
127;supply_node;3082.00;10.88;1047.00;3.44;0
127;supply_node;3109.00;10.25;1038.00;3.33;0
127;supply_node;3144.00;10.75;1091.00;2.21;0
127;supply_node;3068.00;11.25;1055.00;2.77;0
127;supply_node;3125.00;10.53;1076.00;3.57;0
127;supply_node;3100.00;10.55;1052.00;4.99;0
127;supply_node;3089.00;11.50;1066.00;4.27;0
127;supply_node;3119.00;10.10;1056.00;2.41;0
127;supply_node;3073.00;11.70;1074.00;4.84;0
127;supply_node;3106.00;10.80;1068.00;1.14;0
127;supply_node;3136.00;10.50;1052.00;5.50;0
127;supply_node;3122.00;10.30;1043.00;4.26;0
127;supply_node;3140.00;10.30;1067.00;5.26;0
127;supply_node;3052.00;12.00;1060.00;0.59;0
127;supply_node;3066.00;10.85;1039.00;0.65;0
127;supply_node;3098.00;10.50;1037.00;2.98;0
127;bunker;3070.00;11.05;1044.00;1.08;0
127;bunker;3078.00;11.70;1075.00;0.77;0
127;bunker;3096.00;10.73;1076.00;4.79;0
127;bunker;3053.00;11.95;1058.00;4.12;0
127;bunker;3137.00;10.55;1077.00;0.46;0
127;bunker;3085.00;10.57;1044.00;6.07;0
127;bunker;3061.00;11.70;1056.00;1.85;0
127;bunker;3146.00;10.80;1093.00;1.97;0
127;bunker;3095.00;10.30;1047.00;1.73;0
127;bunker;3122.00;10.30;1044.00;4.93;0
127;bunker;3140.00;10.25;1060.00;0.25;0
127;bunker;3127.00;10.15;1051.00;0.29;0
127;bunker;3100.00;10.60;1043.00;3.89;0
127;bunker;3107.00;10.60;1062.00;1.35;0
127;bunker;3128.00;10.45;1058.00;0.79;0
127;bunker;3108.00;10.50;1046.00;1.91;0
127;coastal_bunker;3096.00;9.90;1032.00;-0.79;0
127;coastal_bunker;3141.00;9.50;1046.00;0.90;0
127;coastal_bunker;3085.00;10.40;1042.00;0.28;0
127;coastal_bunker;3113.00;10.10;1037.00;0.64;0
127;coastal_bunker;3122.00;10.25;1039.00;0.79;0
127;coastal_bunker;3076.00;9.60;1035.00;0.79;0
127;stronghold_network;3134.00;10.30;1050.00;2.30;0
127;dockyard;3094.00;9.60;1042.00;-0.79;0
127;anti_air_building;3101.00;10.55;1048.00;3.61;0
127;anti_air_building;3063.00;11.60;1055.00;2.24;0
127;anti_air_building;3134.00;10.30;1048.00;4.21;0
127;synthetic_refinery;3048.00;12.28;1054.00;5.04;0
127;fuel_silo;3071.00;11.48;1062.00;1.51;0
127;radar_station;3101.00;10.95;1067.00;4.57;0
127;nuclear_reactor_spawn;3141.00;10.50;1054.00;4.85;0
127;special_project_facility_spawn;3121.00;10.50;1081.00;1.75;0
127;special_project_facility_spawn;3143.00;11.10;1099.00;5.33;0
127;special_project_facility_spawn;3108.00;10.35;1040.00;2.45;0
127;special_project_facility_spawn;3055.00;11.70;1056.00;0.35;0
127;special_project_facility_spawn;3106.00;10.80;1068.00;0.92;0
127;special_project_facility_spawn;3079.00;10.90;1051.00;0.13;0
127;special_project_facility_spawn;3116.00;10.30;1056.00;5.60;0
127;special_project_facility_spawn;3132.00;10.40;1058.00;1.48;0
127;special_project_facility_spawn;3102.00;10.60;1060.00;3.97;0
127;special_project_facility_spawn;3060.00;11.43;1044.00;3.71;0
127;special_project_facility_spawn;3069.00;11.30;1056.00;2.23;0
127;special_project_facility_spawn;3088.00;11.48;1069.00;0.90;0
127;special_project_facility_spawn;3072.00;11.75;1072.00;4.16;0
127;special_project_facility_spawn;3133.00;10.30;1066.00;2.59;0
127;special_project_facility_spawn;3099.00;10.55;1043.00;3.25;0
127;special_project_facility_spawn;3121.00;10.30;1043.00;5.82;0
127;naval_base_spawn;3141.00;9.50;1046.00;0.90;4092
127;naval_base_spawn;3111.00;9.50;1030.00;0.64;4092
127;naval_base_spawn;3089.00;10.00;1043.00;0.28;4089
127;naval_base_spawn;3127.00;9.50;1043.00;0.79;4092
127;naval_base_spawn;3094.00;9.90;1039.00;-0.79;4089
127;naval_base_spawn;3070.00;10.35;1033.00;0.79;4089
131;supply_node;2467.00;10.25;1076.00;5.17;0
131;supply_node;2480.00;10.25;1056.00;0.40;0
131;supply_node;2462.00;9.80;1053.00;3.43;0
131;bunker;2479.00;10.30;1055.00;5.00;0
131;bunker;2461.00;9.50;1052.00;1.13;0
131;bunker;2467.00;10.30;1075.00;2.49;0
131;coastal_bunker;2483.00;10.15;1056.00;-1.57;0
131;coastal_bunker;2464.00;9.80;1054.00;-3.93;0
131;coastal_bunker;2468.00;10.15;1078.00;1.57;0
131;special_project_facility_spawn;2482.00;10.25;1056.00;3.46;0
131;special_project_facility_spawn;2466.00;10.20;1075.00;1.49;0
131;special_project_facility_spawn;2463.00;10.10;1054.00;0.66;0
131;naval_base_spawn;2476.00;9.80;1053.00;-1.57;4101
131;naval_base_spawn;2470.00;10.15;1078.00;1.57;3654
131;naval_base_spawn;2461.00;9.50;1054.00;-1.57;3955
134;arms_factory;3253.00;15.40;919.00;2.78;0
134;arms_factory;3195.00;13.23;925.00;5.45;0
134;arms_factory;3280.00;10.93;801.00;3.22;0
134;arms_factory;3299.00;12.40;862.00;3.46;0
134;arms_factory;3186.00;11.60;851.00;1.49;0
134;arms_factory;3348.00;10.82;875.00;0.66;0
134;industrial_complex;3300.00;10.35;849.00;3.36;0
134;industrial_complex;3290.00;11.28;849.00;0.56;0
134;industrial_complex;3255.00;13.98;852.00;5.88;0
134;industrial_complex;3325.00;12.78;872.00;5.04;0
134;industrial_complex;3239.00;14.25;861.00;0.37;0
134;industrial_complex;3216.00;14.00;898.00;3.68;0
134;air_base;3160.00;11.98;894.00;3.50;0
134;supply_node;3271.00;11.43;802.00;0.65;0
134;supply_node;3149.00;10.10;883.00;2.98;0
134;supply_node;3207.00;13.90;904.00;6.03;0
134;supply_node;3220.00;10.95;820.00;4.71;0
134;supply_node;3194.00;13.23;858.00;0.27;0
134;supply_node;3189.00;14.10;937.00;2.46;0
134;supply_node;3166.00;12.10;877.00;0.35;0
134;supply_node;3291.00;13.10;867.00;1.54;0
134;supply_node;3173.00;13.00;900.00;4.07;0
134;supply_node;3229.00;14.30;861.00;1.45;0
134;supply_node;3264.00;14.10;910.00;0.09;0
134;supply_node;3253.00;12.20;804.00;4.51;0
134;supply_node;3227.00;14.65;916.00;4.94;0
134;supply_node;3251.00;14.15;866.00;5.35;0
134;supply_node;3243.00;14.05;901.00;1.35;0
134;supply_node;3355.00;10.60;885.00;3.95;0
134;supply_node;3249.00;13.70;825.00;0.03;0
134;supply_node;3311.00;10.82;854.00;1.59;0
134;supply_node;3202.00;13.65;924.00;1.51;0
134;supply_node;3337.00;11.48;876.00;3.46;0
134;supply_node;3248.00;15.40;923.00;4.34;0
134;supply_node;3172.00;10.57;833.00;0.30;0
134;supply_node;3264.00;13.57;840.00;4.09;0
134;supply_node;3189.00;13.18;890.00;4.96;0
134;supply_node;3283.00;15.93;904.00;0.67;0
134;supply_node;3234.00;12.95;840.00;3.14;0
134;supply_node;3283.00;12.18;826.00;1.79;0
134;supply_node;3335.00;11.43;897.00;3.27;0
134;supply_node;3200.00;11.15;827.00;3.60;0
134;supply_node;3307.00;15.10;875.00;5.22;0
134;supply_node;3210.00;14.00;881.00;2.83;0
134;supply_node;3271.00;10.57;785.00;4.57;0
134;supply_node;3213.00;13.90;862.00;0.41;0
134;supply_node;3294.00;10.55;846.00;4.69;0
134;supply_node;3268.00;12.50;862.00;0.23;0
134;supply_node;3342.00;10.55;864.00;1.46;0
134;supply_node;3264.00;12.30;886.00;4.23;0
134;supply_node;3190.00;13.10;909.00;2.35;0
134;supply_node;3293.00;14.90;887.00;2.38;0
134;supply_node;3286.00;10.88;801.00;4.22;0
134;supply_node;3175.00;12.90;929.00;3.15;0
134;supply_node;3248.00;10.40;790.00;0.99;0
134;supply_node;3234.00;13.90;879.00;0.47;0
134;supply_node;3217.00;14.20;934.00;5.42;0
134;supply_node;3232.00;14.60;931.00;3.62;0
134;supply_node;3166.00;13.35;915.00;3.66;0
134;supply_node;3223.00;14.18;899.00;1.85;0
134;supply_node;3300.00;14.70;902.00;2.68;0
134;supply_node;3315.00;13.75;896.00;5.43;0
134;supply_node;3158.00;11.95;896.00;6.09;0
134;supply_node;3249.00;13.45;886.00;5.38;0
134;supply_node;3321.00;13.43;884.00;6.01;0
134;supply_node;3278.00;12.55;880.00;4.25;0
134;supply_node;3185.00;12.25;875.00;3.47;0
134;supply_node;3321.00;12.57;867.00;2.47;0
134;supply_node;3155.00;10.40;868.00;4.50;0
134;supply_node;3174.00;11.25;862.00;1.94;0
134;supply_node;3328.00;10.85;855.00;0.61;0
134;supply_node;3282.00;12.57;852.00;1.46;0
134;supply_node;3246.00;14.00;851.00;0.51;0
134;supply_node;3182.00;11.12;848.00;3.56;0
134;supply_node;3205.00;14.65;845.00;1.87;0
134;supply_node;3321.00;10.50;842.00;2.97;0
134;supply_node;3219.00;13.15;839.00;0.95;0
134;supply_node;3185.00;11.75;834.00;3.41;0
134;supply_node;3295.00;10.55;828.00;4.34;0
134;supply_node;3267.00;14.70;821.00;3.41;0
134;supply_node;3184.00;10.53;821.00;1.35;0
134;supply_node;3236.00;11.12;814.00;3.20;0
134;supply_node;3292.00;10.80;814.00;5.88;0
134;supply_node;3258.00;10.35;779.00;2.20;0
134;bunker;3358.00;10.40;880.00;3.30;0
134;bunker;3177.00;12.03;939.00;3.09;0
134;bunker;3178.00;12.73;899.00;0.67;0
134;bunker;3289.00;10.95;814.00;2.46;0
134;bunker;3272.00;12.50;888.00;4.30;0
134;bunker;3222.00;14.70;912.00;4.63;0
134;bunker;3253.00;13.23;842.00;4.93;0
134;bunker;3156.00;10.53;866.00;2.54;0
134;bunker;3214.00;13.98;897.00;3.67;0
134;bunker;3256.00;13.95;854.00;2.70;0
134;bunker;3254.00;13.25;876.00;0.12;0
134;bunker;3278.00;12.38;810.00;5.89;0
134;bunker;3243.00;14.10;871.00;5.79;0
134;bunker;3247.00;14.55;909.00;3.27;0
134;bunker;3296.00;15.07;906.00;1.16;0
134;bunker;3283.00;13.05;871.00;2.34;0
134;bunker;3287.00;10.95;819.00;4.60;0
134;bunker;3145.00;10.10;887.00;5.62;0
134;bunker;3262.00;10.95;788.00;4.42;0
134;bunker;3189.00;12.57;857.00;0.28;0
134;bunker;3254.00;13.35;818.00;1.17;0
134;bunker;3210.00;13.80;869.00;0.01;0
134;bunker;3200.00;12.20;833.00;2.36;0
134;bunker;3218.00;14.23;924.00;5.96;0
134;bunker;3302.00;13.82;870.00;1.90;0
134;bunker;3205.00;13.90;903.00;4.99;0
134;bunker;3328.00;12.15;879.00;3.27;0
134;bunker;3299.00;11.00;855.00;3.56;0
134;bunker;3250.00;11.03;800.00;0.23;0
134;bunker;3327.00;12.10;865.00;1.77;0
134;bunker;3250.00;14.55;910.00;1.38;0
134;bunker;3206.00;14.80;852.00;5.09;0
134;bunker;3237.00;14.10;875.00;0.27;0
134;bunker;3200.00;13.82;934.00;0.40;0
134;bunker;3196.00;13.90;936.00;0.06;0
134;bunker;3294.00;15.75;895.00;3.26;0
134;bunker;3208.00;13.85;884.00;0.19;0
134;bunker;3286.00;15.43;896.00;1.26;0
134;bunker;3184.00;11.45;853.00;5.27;0
134;bunker;3336.00;10.70;860.00;5.95;0
134;bunker;3325.00;10.30;844.00;4.92;0
134;bunker;3321.00;13.70;880.00;2.39;0
134;bunker;3189.00;12.65;914.00;3.37;0
134;bunker;3341.00;10.85;899.00;3.68;0
134;bunker;3235.00;13.00;829.00;1.20;0
134;bunker;3234.00;13.23;847.00;2.58;0
134;bunker;3179.00;12.23;872.00;2.29;0
134;bunker;3300.00;11.32;857.00;1.09;0
134;bunker;3212.00;11.60;828.00;1.16;0
134;bunker;3256.00;10.55;785.00;0.00;0
134;bunker;3167.00;10.65;864.00;6.26;0
134;bunker;3283.00;10.70;798.00;0.09;0
134;bunker;3222.00;12.12;831.00;2.71;0
134;bunker;3267.00;12.50;865.00;1.56;0
134;bunker;3166.00;11.15;869.00;1.31;0
134;bunker;3260.00;13.05;904.00;1.65;0
134;bunker;3277.00;12.75;844.00;0.08;0
134;bunker;3312.00;13.48;904.00;1.99;0
134;bunker;3333.00;11.12;861.00;3.52;0
134;bunker;3275.00;12.70;819.00;0.03;0
134;bunker;3182.00;11.18;840.00;5.86;0
134;bunker;3156.00;11.38;893.00;4.49;0
134;bunker;3286.00;13.20;884.00;1.89;0
134;bunker;3250.00;10.30;782.00;5.52;0
134;bunker;3173.00;13.00;913.00;6.16;0
134;bunker;3232.00;14.70;937.00;2.28;0
134;bunker;3223.00;14.57;873.00;6.03;0
134;bunker;3188.00;10.95;824.00;4.39;0
134;bunker;3293.00;10.82;827.00;3.36;0
134;bunker;3196.00;13.70;895.00;2.62;0
134;bunker;3175.00;10.98;833.00;4.79;0
134;coastal_bunker;3246.00;9.50;780.00;-1.25;0
134;coastal_bunker;3347.00;10.00;864.00;1.25;0
134;coastal_bunker;3183.00;9.50;818.00;0.00;0
134;coastal_bunker;3296.00;10.30;811.00;0.79;0
134;coastal_bunker;3173.00;10.40;840.00;-1.57;0
134;coastal_bunker;3153.00;10.30;867.00;-1.33;0
134;coastal_bunker;3255.00;9.50;777.00;0.00;0
134;coastal_bunker;3317.00;9.60;840.00;0.00;0
134;coastal_bunker;3228.00;9.50;806.00;-0.27;0
134;coastal_bunker;3296.00;10.30;836.00;-4.39;0
134;coastal_bunker;3295.00;10.00;802.00;0.67;0
134;coastal_bunker;3282.00;10.30;786.00;1.11;0
134;coastal_bunker;3298.00;9.85;846.00;1.03;0
134;coastal_bunker;3362.00;9.95;881.00;0.71;0
134;coastal_bunker;3200.00;9.50;816.00;0.11;0
134;coastal_bunker;3223.00;9.95;813.00;-0.24;0
134;coastal_bunker;3308.00;9.60;846.00;0.32;0
134;coastal_bunker;3144.00;9.80;880.00;-0.79;0
134;coastal_bunker;3175.00;10.00;852.00;-1.57;0
134;coastal_bunker;3164.00;9.50;858.00;-0.88;0
134;coastal_bunker;3335.00;10.30;855.00;0.90;0
134;stronghold_network;3231.00;14.60;929.00;2.62;0
134;dockyard;3153.00;9.50;863.00;-1.33;0
134;anti_air_building;3245.00;15.32;930.00;3.83;0
134;anti_air_building;3239.00;13.85;852.00;1.42;0
134;anti_air_building;3169.00;13.15;917.00;1.72;0
134;synthetic_refinery;3345.00;11.30;881.00;0.84;0
134;fuel_silo;3218.00;14.03;848.00;6.16;0
134;radar_station;3255.00;13.93;863.00;2.90;0
134;nuclear_reactor_spawn;3261.00;13.35;810.00;0.48;0
134;special_project_facility_spawn;3284.00;12.75;873.00;4.62;0
134;special_project_facility_spawn;3186.00;13.93;936.00;6.24;0
134;special_project_facility_spawn;3269.00;12.30;869.00;2.93;0
134;special_project_facility_spawn;3249.00;13.68;832.00;4.42;0
134;special_project_facility_spawn;3248.00;15.40;917.00;5.21;0
134;special_project_facility_spawn;3268.00;13.73;905.00;4.91;0
134;special_project_facility_spawn;3236.00;13.05;829.00;2.17;0
134;special_project_facility_spawn;3287.00;12.10;855.00;0.17;0
134;special_project_facility_spawn;3191.00;12.48;840.00;3.06;0
134;special_project_facility_spawn;3212.00;13.98;848.00;2.75;0
134;special_project_facility_spawn;3158.00;10.88;878.00;0.23;0
134;special_project_facility_spawn;3264.00;12.55;874.00;5.58;0
134;special_project_facility_spawn;3338.00;11.43;875.00;4.72;0
134;special_project_facility_spawn;3194.00;13.43;852.00;0.70;0
134;special_project_facility_spawn;3246.00;10.30;791.00;1.09;0
134;special_project_facility_spawn;3264.00;13.38;809.00;6.01;0
134;special_project_facility_spawn;3310.00;13.65;903.00;0.85;0
134;special_project_facility_spawn;3234.00;14.80;917.00;1.23;0
134;special_project_facility_spawn;3239.00;13.75;833.00;2.90;0
134;special_project_facility_spawn;3221.00;14.80;905.00;0.17;0
134;special_project_facility_spawn;3281.00;12.18;823.00;4.72;0
134;special_project_facility_spawn;3182.00;12.55;894.00;2.43;0
134;special_project_facility_spawn;3186.00;13.55;907.00;6.26;0
134;special_project_facility_spawn;3220.00;14.55;872.00;5.37;0
134;special_project_facility_spawn;3311.00;15.38;882.00;4.61;0
134;special_project_facility_spawn;3209.00;11.00;825.00;3.24;0
134;special_project_facility_spawn;3316.00;14.50;873.00;2.44;0
134;special_project_facility_spawn;3259.00;13.50;834.00;3.24;0
134;special_project_facility_spawn;3234.00;14.05;857.00;1.36;0
134;special_project_facility_spawn;3302.00;10.70;853.00;0.29;0
134;special_project_facility_spawn;3184.00;12.30;866.00;0.46;0
134;special_project_facility_spawn;3230.00;14.55;929.00;2.61;0
134;special_project_facility_spawn;3280.00;11.90;808.00;6.04;0
134;special_project_facility_spawn;3159.00;13.23;917.00;4.84;0
134;special_project_facility_spawn;3249.00;14.62;910.00;0.79;0
134;special_project_facility_spawn;3158.00;11.65;892.00;0.86;0
134;special_project_facility_spawn;3175.00;13.15;908.00;4.02;0
134;special_project_facility_spawn;3192.00;12.50;921.00;2.44;0
134;special_project_facility_spawn;3209.00;13.70;935.00;2.69;0
134;special_project_facility_spawn;3237.00;13.50;850.00;4.29;0
134;special_project_facility_spawn;3168.00;10.75;864.00;1.52;0
134;special_project_facility_spawn;3300.00;10.53;851.00;3.30;0
134;special_project_facility_spawn;3212.00;13.95;913.00;3.47;0
134;special_project_facility_spawn;3263.00;15.07;821.00;2.18;0
134;special_project_facility_spawn;3254.00;14.23;858.00;1.68;0
134;special_project_facility_spawn;3286.00;11.23;815.00;1.93;0
134;special_project_facility_spawn;3279.00;12.70;875.00;4.50;0
134;special_project_facility_spawn;3174.00;13.00;922.00;0.80;0
134;special_project_facility_spawn;3246.00;14.15;878.00;0.12;0
134;special_project_facility_spawn;3225.00;12.28;831.00;1.97;0
134;special_project_facility_spawn;3154.00;10.40;866.00;1.91;0
134;special_project_facility_spawn;3353.00;10.57;876.00;1.57;0
134;special_project_facility_spawn;3248.00;13.55;886.00;4.23;0
134;special_project_facility_spawn;3213.00;10.30;814.00;0.76;0
134;special_project_facility_spawn;3284.00;11.15;809.00;2.70;0
134;special_project_facility_spawn;3183.00;11.30;854.00;0.01;0
134;special_project_facility_spawn;3308.00;15.10;896.00;0.35;0
134;special_project_facility_spawn;3157.00;11.15;882.00;4.07;0
134;special_project_facility_spawn;3289.00;13.07;883.00;1.57;0
134;special_project_facility_spawn;3323.00;10.78;854.00;0.33;0
134;special_project_facility_spawn;3254.00;10.20;779.00;0.08;0
134;special_project_facility_spawn;3182.00;10.40;821.00;4.35;0
134;special_project_facility_spawn;3212.00;14.00;880.00;3.10;0
134;special_project_facility_spawn;3343.00;10.85;894.00;4.99;0
134;special_project_facility_spawn;3293.00;10.55;834.00;1.85;0
134;special_project_facility_spawn;3272.00;10.70;790.00;2.20;0
134;special_project_facility_spawn;3325.00;12.90;887.00;0.76;0
134;special_project_facility_spawn;3172.00;10.55;832.00;5.26;0
134;special_project_facility_spawn;3323.00;10.55;849.00;0.34;0
134;special_project_facility_spawn;3347.00;10.45;867.00;0.18;0
134;special_project_facility_spawn;3283.00;16.00;908.00;1.71;0
134;naval_base_spawn;3305.00;9.60;846.00;1.03;3856
134;naval_base_spawn;3238.00;10.00;802.00;-0.27;4324
134;naval_base_spawn;3328.00;10.15;844.00;0.00;3856
134;naval_base_spawn;3153.00;9.95;868.00;-1.33;3758
134;naval_base_spawn;3216.00;10.00;813.00;-0.24;4324
134;naval_base_spawn;3362.00;9.95;881.00;0.71;3856
134;naval_base_spawn;3173.00;9.60;842.00;-1.57;4324
134;naval_base_spawn;3144.00;9.50;879.00;-0.79;3758
134;naval_base_spawn;3333.00;10.35;853.00;0.90;3856
134;naval_base_spawn;3171.00;9.50;854.00;-0.88;4324
134;naval_base_spawn;3342.00;9.60;857.00;1.25;3856
134;naval_base_spawn;3314.00;9.60;849.00;0.32;3856
134;naval_base_spawn;3300.00;10.15;830.00;-4.39;3856
134;naval_base_spawn;3197.00;9.50;818.00;0.11;4324
134;naval_base_spawn;3184.00;9.50;817.00;0.00;4324
134;naval_base_spawn;3252.00;9.50;779.00;0.00;3708
134;naval_base_spawn;3175.00;10.00;852.00;-1.57;4324
134;naval_base_spawn;3295.00;10.30;810.00;0.79;3708
134;naval_base_spawn;3246.00;9.85;783.00;-1.25;3708
134;naval_base_spawn;3277.00;10.20;780.00;1.11;3708
134;naval_base_spawn;3291.00;10.30;794.00;0.67;3708
145;supply_node;2845.00;10.30;975.00;1.45;0
145;supply_node;2698.00;9.50;971.00;0.09;0
145;supply_node;2857.00;10.35;961.00;4.51;0
145;supply_node;2803.00;9.50;962.00;4.94;0
145;bunker;2700.00;9.50;969.00;0.29;0
145;bunker;2858.00;10.25;966.00;3.89;0
145;bunker;2804.00;10.20;961.00;1.35;0
145;bunker;2844.00;10.30;975.00;0.79;0
145;coastal_bunker;2850.00;10.25;956.00;-1.57;0
145;coastal_bunker;2698.00;10.25;973.00;-1.57;0
145;coastal_bunker;2801.00;9.50;964.00;1.57;0
145;coastal_bunker;2846.00;10.30;976.00;-3.93;0
145;special_project_facility_spawn;2859.00;10.30;960.00;2.77;0
145;special_project_facility_spawn;2695.00;10.30;975.00;4.94;0
145;special_project_facility_spawn;2804.00;10.20;962.00;4.81;0
145;special_project_facility_spawn;2845.00;10.30;975.00;2.30;0
145;naval_base_spawn;2849.00;10.15;954.00;-1.57;3802
145;naval_base_spawn;2694.00;9.60;974.00;-1.57;4542
145;naval_base_spawn;2805.00;10.25;960.00;1.57;3802
145;naval_base_spawn;2848.00;10.10;978.00;-3.93;3802
152;supply_node;3059.00;9.60;916.00;4.96;0
152;bunker;3058.00;9.60;920.00;2.30;0
152;coastal_bunker;3059.00;9.95;918.00;-3.14;0
152;special_project_facility_spawn;3060.00;10.30;916.00;3.61;0
152;naval_base_spawn;3059.00;9.95;921.00;-3.14;3697
155;supply_node;2833.00;10.45;845.00;5.22;0
155;supply_node;2888.00;10.10;843.00;2.83;0
155;supply_node;2841.00;10.45;758.00;4.57;0
155;supply_node;2830.00;10.35;816.00;0.41;0
155;supply_node;2873.00;10.55;769.00;4.69;0
155;bunker;2832.00;10.55;852.00;5.33;0
155;bunker;2853.00;10.50;748.00;2.45;0
155;bunker;2873.00;10.35;781.00;0.35;0
155;bunker;2830.00;10.40;817.00;0.92;0
155;bunker;2889.00;10.10;845.00;0.13;0
155;coastal_bunker;2870.00;9.95;776.00;-2.55;0
155;coastal_bunker;2829.00;10.00;852.00;-2.71;0
155;coastal_bunker;2844.00;9.60;749.00;-2.82;0
155;coastal_bunker;2890.00;10.10;843.00;1.57;0
155;coastal_bunker;2829.00;9.60;817.00;1.57;0
155;special_project_facility_spawn;2833.00;10.45;830.00;0.90;0
155;special_project_facility_spawn;2849.00;10.55;749.00;4.16;0
155;special_project_facility_spawn;2874.00;10.45;762.00;2.59;0
155;special_project_facility_spawn;2830.00;10.40;817.00;3.25;0
155;special_project_facility_spawn;2889.00;10.10;843.00;5.82;0
155;naval_base_spawn;2831.00;9.60;846.00;0.00;3749
155;naval_base_spawn;2867.00;9.60;761.00;-2.55;3749
155;naval_base_spawn;2844.00;9.50;747.00;-2.82;3749
155;naval_base_spawn;2887.00;9.50;844.00;-2.36;4213
155;naval_base_spawn;2831.00;9.95;815.00;1.57;3749
155;floating_harbor;2821.00;9.50;790.00;-3.41;2072
157;supply_node;3636.00;10.35;834.00;4.69;0
157;supply_node;3707.00;9.95;824.00;0.23;0
157;bunker;3631.00;10.45;837.00;2.45;0
157;bunker;3707.00;9.55;825.00;0.35;0
157;coastal_bunker;3635.00;9.85;831.00;-3.14;0
157;coastal_bunker;3705.00;9.50;822.00;-1.57;0
157;special_project_facility_spawn;3625.00;10.10;835.00;5.60;0
157;special_project_facility_spawn;3708.00;10.20;826.00;1.48;0
157;naval_base_spawn;3648.00;10.30;836.00;-3.14;4021
157;naval_base_spawn;3708.00;10.25;825.00;-1.57;3466
162;supply_node;2947.00;10.57;721.00;5.42;0
162;supply_node;2914.00;10.30;835.00;3.62;0
162;supply_node;2964.00;9.85;837.00;3.66;0
162;supply_node;2949.00;10.45;801.00;1.85;0
162;supply_node;2960.00;10.00;807.00;2.68;0
162;supply_node;2962.00;10.50;784.00;5.43;0
162;supply_node;2942.00;10.00;752.00;6.09;0
162;bunker;2964.00;10.40;790.00;1.12;0
162;bunker;2951.00;10.53;809.00;2.22;0
162;bunker;2917.00;10.30;837.00;4.43;0
162;bunker;2952.00;10.50;719.00;1.00;0
162;bunker;2961.00;10.30;808.00;1.07;0
162;bunker;2965.00;10.20;837.00;5.38;0
162;bunker;2942.00;10.40;753.00;5.30;0
162;coastal_bunker;2951.00;10.35;795.00;0.00;0
162;coastal_bunker;2962.00;10.40;789.00;1.57;0
162;coastal_bunker;2954.00;10.40;711.00;1.57;0
162;coastal_bunker;2921.00;10.20;842.00;-1.57;0
162;coastal_bunker;2941.00;9.60;754.00;1.57;0
162;coastal_bunker;2960.00;9.95;809.00;-1.57;0
162;coastal_bunker;2963.00;9.50;837.00;-3.93;0
162;special_project_facility_spawn;2952.00;10.57;728.00;4.78;0
162;special_project_facility_spawn;2950.00;10.40;812.00;5.65;0
162;special_project_facility_spawn;2965.00;10.45;791.00;2.11;0
162;special_project_facility_spawn;2918.00;10.30;841.00;3.73;0
162;special_project_facility_spawn;2961.00;10.40;807.00;2.88;0
162;special_project_facility_spawn;2965.00;10.20;837.00;5.27;0
162;special_project_facility_spawn;2942.00;10.40;753.00;2.98;0
162;naval_base_spawn;2943.00;10.30;793.00;0.00;4552
162;naval_base_spawn;2915.00;10.30;837.00;-1.57;3409
162;naval_base_spawn;2966.00;9.95;787.00;1.57;4552
162;naval_base_spawn;2942.00;10.45;718.00;1.57;3649
162;naval_base_spawn;2941.00;9.50;752.00;1.57;4552
162;naval_base_spawn;2963.00;9.50;837.00;-3.93;3409
162;naval_base_spawn;2960.00;10.40;806.00;-1.57;4552
162;floating_harbor;2931.00;9.50;835.00;-1.57;3310
162;floating_harbor;2969.95;9.50;842.95;-0.79;3312
164;supply_node;3695.00;10.10;684.00;2.68;0
164;bunker;3695.00;10.10;684.00;5.82;0
164;coastal_bunker;3694.00;9.50;686.00;-3.93;0
164;special_project_facility_spawn;3695.00;10.10;686.00;1.12;0
164;naval_base_spawn;3697.00;10.10;683.00;-3.93;3924
166;supply_node;3026.00;10.45;843.00;6.01;0
166;supply_node;3004.00;10.25;826.00;4.25;0
166;supply_node;3007.00;9.55;813.00;3.47;0
166;supply_node;3008.00;10.00;799.00;2.47;0
166;bunker;3030.00;10.30;849.00;5.38;0
166;bunker;3008.00;10.35;801.00;5.30;0
166;bunker;3005.00;10.30;826.00;2.88;0
166;bunker;3008.00;10.20;813.00;2.82;0
166;coastal_bunker;3023.00;9.50;842.00;-0.46;0
166;coastal_bunker;3007.00;9.55;816.00;1.57;0
166;coastal_bunker;3009.00;10.35;799.00;-3.14;0
166;coastal_bunker;3005.00;9.60;825.00;-1.57;0
166;special_project_facility_spawn;3025.00;10.30;841.00;4.66;0
166;special_project_facility_spawn;3009.00;10.35;799.00;4.78;0
166;special_project_facility_spawn;3003.00;9.55;826.00;5.65;0
166;special_project_facility_spawn;3008.00;10.30;814.00;2.11;0
166;naval_base_spawn;3028.00;9.85;839.00;-0.46;4291
166;naval_base_spawn;3009.00;9.60;798.00;-3.14;4291
166;naval_base_spawn;3003.00;9.50;825.00;-1.57;4291
166;naval_base_spawn;3007.00;9.80;812.00;1.57;4291
166;floating_harbor;3021.00;9.50;792.00;-3.22;3307
166;floating_harbor;3021.00;9.50;792.00;-2.68;3313
167;arms_factory;2518.00;10.57;1262.00;1.00;0
167;arms_factory;2519.00;10.70;1264.00;1.07;0
167;arms_factory;2518.00;10.40;1259.00;5.38;0
167;arms_factory;2514.00;10.75;1265.00;5.30;0
167;arms_factory;2511.00;10.53;1267.00;2.88;0
167;arms_factory;2518.00;10.70;1264.00;2.82;0
167;industrial_complex;2515.00;10.82;1267.00;1.95;0
167;industrial_complex;2511.00;10.45;1266.00;3.42;0
167;industrial_complex;2511.00;10.53;1267.00;5.65;0
167;industrial_complex;2518.00;10.35;1258.00;5.51;0
167;industrial_complex;2515.00;10.82;1267.00;4.66;0
167;industrial_complex;2516.00;10.85;1266.00;4.78;0
167;air_base;2516.00;10.40;1261.00;5.65;0
167;supply_node;2514.00;10.65;1263.00;3.41;0
167;bunker;2510.00;10.35;1265.00;3.73;0
167;coastal_bunker;2509.00;10.00;1265.00;-0.79;0
167;stronghold_network;2512.00;10.45;1263.00;5.27;0
167;dockyard;2508.00;9.60;1269.00;-0.79;0
167;anti_air_building;2518.00;10.60;1263.00;3.30;0
167;anti_air_building;2519.00;10.60;1262.00;3.09;0
167;anti_air_building;2519.00;10.50;1260.00;0.67;0
167;synthetic_refinery;2512.00;10.65;1268.00;2.46;0
167;fuel_silo;2511.00;10.30;1259.00;4.30;0
167;radar_station;2515.00;10.55;1262.00;5.90;0
167;nuclear_reactor_spawn;2517.00;10.35;1260.00;4.93;0
167;special_project_facility_spawn;2519.00;10.80;1265.00;2.54;0
167;naval_base_spawn;2510.00;9.60;1259.00;-0.79;3630
182;supply_node;3168.00;10.30;724.00;5.57;0
182;bunker;3168.00;10.30;724.00;3.27;0
182;coastal_bunker;3168.00;9.50;722.00;-1.57;0
182;special_project_facility_spawn;3168.00;10.30;724.00;2.34;0
182;naval_base_spawn;3168.00;9.50;722.00;-1.57;3991
194;supply_node;3134.00;10.30;630.00;6.21;0
194;bunker;3134.00;10.30;630.00;1.26;0
194;coastal_bunker;3136.00;9.50;628.00;1.57;0
194;special_project_facility_spawn;3136.00;10.30;631.00;5.95;0
194;naval_base_spawn;3133.00;9.50;629.00;1.57;3491
195;supply_node;2598.00;9.50;595.00;0.93;0
195;supply_node;2609.00;9.80;568.00;2.71;0
195;bunker;2600.00;9.50;599.00;4.92;0
195;bunker;2609.00;9.80;568.00;2.39;0
195;coastal_bunker;2599.00;9.50;594.00;-0.79;0
195;coastal_bunker;2608.00;9.50;570.00;-3.14;0
195;special_project_facility_spawn;2597.00;10.10;593.00;1.20;0
195;special_project_facility_spawn;2609.00;9.80;569.00;2.58;0
195;naval_base_spawn;2598.00;9.85;597.00;-0.79;4433
195;naval_base_spawn;2610.00;10.10;570.00;-3.14;4433
202;supply_node;3019.00;9.50;589.00;5.81;0
202;supply_node;3026.00;10.10;560.00;4.94;0
202;supply_node;2988.00;10.10;544.00;2.36;0
202;supply_node;3043.00;10.30;542.00;5.22;0
202;supply_node;3040.00;10.30;522.00;0.30;0
202;supply_node;2994.00;10.30;505.00;4.50;0
202;supply_node;2932.00;9.80;492.00;4.42;0
202;supply_node;2982.00;9.60;474.00;5.30;0
202;bunker;3021.00;10.30;554.00;5.86;0
202;bunker;3021.00;10.10;588.00;4.49;0
202;bunker;3046.00;10.30;544.00;1.89;0
202;bunker;2988.00;10.10;544.00;5.52;0
202;bunker;2983.00;10.30;475.00;6.16;0
202;bunker;2932.00;10.10;493.00;2.28;0
202;bunker;2995.00;9.60;505.00;6.03;0
202;bunker;3041.00;10.30;522.00;4.39;0
202;coastal_bunker;2993.00;9.50;504.00;-3.93;0
202;coastal_bunker;3035.00;10.25;559.00;-1.57;0
202;coastal_bunker;3041.00;9.60;521.00;-3.14;0
202;coastal_bunker;2992.00;10.10;546.00;-1.57;0
202;coastal_bunker;2932.00;9.50;488.00;-1.57;0
202;coastal_bunker;3045.00;10.30;544.00;-3.93;0
202;coastal_bunker;2983.00;10.30;476.00;1.57;0
202;coastal_bunker;3020.00;10.10;592.00;-3.93;0
202;special_project_facility_spawn;3025.00;10.10;563.00;1.39;0
202;special_project_facility_spawn;3041.00;9.50;541.00;3.93;0
202;special_project_facility_spawn;2993.00;9.50;504.00;2.09;0
202;special_project_facility_spawn;2988.00;10.10;544.00;3.63;0
202;special_project_facility_spawn;2983.00;10.30;476.00;0.22;0
202;special_project_facility_spawn;3041.00;10.30;522.00;2.10;0
202;special_project_facility_spawn;3020.00;10.10;589.00;4.76;0
202;special_project_facility_spawn;2932.00;10.10;493.00;1.54;0
202;naval_base_spawn;2930.00;9.50;494.00;-1.57;3851
202;naval_base_spawn;3026.00;9.50;566.00;-1.57;3536
202;naval_base_spawn;2984.00;9.50;544.00;-1.57;3536
202;naval_base_spawn;3044.00;10.30;544.00;-3.93;3536
202;naval_base_spawn;2994.00;10.30;505.00;-3.93;3536
202;naval_base_spawn;3039.00;9.50;524.00;-3.14;4480
202;naval_base_spawn;3020.00;10.10;592.00;-3.93;3536
202;naval_base_spawn;2983.00;10.30;474.00;1.57;3851
212;supply_node;2399.00;9.85;585.00;2.01;0
212;bunker;2400.00;10.20;586.00;3.46;0
212;coastal_bunker;2399.00;9.85;587.00;1.57;0
212;special_project_facility_spawn;2400.00;10.20;586.00;3.39;0
212;naval_base_spawn;2400.00;10.20;586.00;1.57;3541
221;supply_node;3593.00;10.30;578.00;4.06;0
221;supply_node;3631.00;10.35;577.00;2.70;0
221;supply_node;3614.00;10.50;533.00;0.20;0
221;bunker;3617.00;10.60;531.00;6.13;0
221;bunker;3597.00;10.60;577.00;3.83;0
221;bunker;3634.00;10.30;577.00;1.42;0
221;coastal_bunker;3593.00;10.45;582.00;-1.57;0
221;coastal_bunker;3615.00;10.30;537.00;-2.36;0
221;coastal_bunker;3629.00;9.60;579.00;-1.57;0
221;special_project_facility_spawn;3592.00;10.35;580.00;1.27;0
221;special_project_facility_spawn;3614.00;10.45;532.00;0.48;0
221;special_project_facility_spawn;3633.00;10.30;577.00;4.62;0
221;naval_base_spawn;3600.00;10.40;578.00;-1.57;3387
221;naval_base_spawn;3613.00;10.45;539.00;-2.36;3387
221;naval_base_spawn;3629.00;9.50;576.00;-1.57;4099
221;floating_harbor;3575.00;9.50;547.00;-3.67;3349
221;floating_harbor;3684.00;9.50;558.00;-1.92;3351
236;floating_harbor;4026.00;9.50;513.00;-2.86;3359
236;floating_harbor;4026.00;9.50;513.00;-2.39;3364
29;floating_harbor;2704.01;9.50;1449.70;-0.29;137
30;floating_harbor;2979.98;9.50;957.47;-1.50;8
30;floating_harbor;2978.94;9.50;933.71;-1.01;326
30;floating_harbor;2971.99;9.50;847.07;-3.00;394
30;floating_harbor;2997.33;9.50;899.98;-1.13;609
30;floating_harbor;3030.00;9.50;912.00;-1.41;1481
30;floating_harbor;3010.26;9.50;878.13;-1.11;2224
30;floating_harbor;3005.26;9.50;836.87;-2.03;2269
30;floating_harbor;2988.63;9.50;935.97;-0.09;2294
33;floating_harbor;3158.14;9.50;1015.37;1.37;871
33;floating_harbor;3178.08;9.50;1034.73;0.28;873
33;floating_harbor;3167.00;9.50;981.00;1.57;1013
33;floating_harbor;3186.18;9.50;1037.88;0.98;1068
33;floating_harbor;3165.05;9.50;970.95;0.79;1927
33;floating_harbor;3160.21;9.50;995.30;-4.47;2125
35;floating_harbor;4174.00;9.50;1518.00;1.31;599
35;floating_harbor;4049.00;9.50;1470.00;-4.12;818
35;floating_harbor;4259.00;9.50;1449.00;-0.72;1153
35;floating_harbor;4008.00;9.50;1434.00;1.57;1375
35;floating_harbor;4191.37;9.50;1475.86;-0.20;2021
35;floating_harbor;4174.00;9.50;1518.00;-1.51;3223
35;floating_harbor;4020.95;9.50;1510.95;-0.79;3224
35;floating_harbor;4148.95;9.50;1507.95;-0.79;3225
35;floating_harbor;4174.00;9.50;1518.00;-0.08;3227
35;floating_harbor;3960.00;9.50;1493.00;-1.57;3231
35;floating_harbor;4089.95;9.50;1496.95;-0.79;3232
35;floating_harbor;4332.95;9.50;1493.95;-0.79;3233
35;floating_harbor;4049.00;9.50;1470.00;-3.32;3234
35;floating_harbor;4076.95;9.50;1489.95;-0.79;3235
35;floating_harbor;3831.00;9.50;1479.00;-1.57;3236
35;floating_harbor;4222.26;9.50;1475.87;-2.03;3237
35;floating_harbor;4009.00;9.50;1483.00;0.00;3238
35;floating_harbor;4140.95;9.50;1480.95;-0.79;3240
35;floating_harbor;3924.95;9.50;1477.95;-0.79;3241
35;floating_harbor;4100.95;9.50;1471.95;-0.79;3242
35;floating_harbor;4129.95;9.50;1458.95;-0.79;3243
35;floating_harbor;3982.95;9.50;1461.95;-0.79;3244
35;floating_harbor;4049.00;9.50;1470.00;0.79;3245
35;floating_harbor;4161.95;9.50;1463.95;-0.79;3246
35;floating_harbor;4064.00;9.50;1448.00;0.00;3247
35;floating_harbor;4187.00;9.50;1448.00;0.00;3248
35;floating_harbor;4259.00;9.50;1449.00;1.44;3249
35;floating_harbor;3975.00;9.50;1434.00;-1.57;3253
35;floating_harbor;3991.95;9.50;1438.95;-0.79;3254
35;floating_harbor;4178.00;9.50;1420.00;-1.57;3255
35;floating_harbor;3986.95;9.50;1422.95;-0.79;3256
35;floating_harbor;3988.00;9.50;1428.00;1.23;3257
35;floating_harbor;3993.95;9.50;1416.95;-0.79;3258
35;floating_harbor;4247.00;9.50;1385.00;-2.82;3259
35;floating_harbor;4002.95;9.50;1405.95;-0.79;3260
35;floating_harbor;4167.95;9.50;1400.95;-0.79;3261
35;floating_harbor;4019.00;9.50;1393.00;-1.57;3262
35;floating_harbor;4074.00;9.50;1392.00;0.00;3263
35;floating_harbor;4183.00;9.50;1393.00;1.51;3264
35;floating_harbor;4190.95;9.50;1394.95;-0.79;3265
35;floating_harbor;4183.00;9.50;1393.00;-1.33;3266
35;floating_harbor;4072.00;9.50;1356.00;-4.07;3267
35;floating_harbor;4041.00;9.50;1378.00;0.00;3268
35;floating_harbor;4120.95;9.50;1366.95;-0.79;3270
35;floating_harbor;3873.95;9.50;1353.05;-2.36;3271
35;floating_harbor;4094.00;9.50;1341.00;-1.57;3272
35;floating_harbor;4072.00;9.50;1356.00;1.19;3273
35;floating_harbor;4138.00;9.50;1317.00;-1.57;3275
80;floating_harbor;2085.60;9.50;1426.50;-0.38;3269
127;floating_harbor;3085.92;9.50;1033.27;-2.86;59
127;floating_harbor;3116.20;9.50;1028.40;-2.50;856
127;floating_harbor;3146.47;9.50;1043.63;-2.25;2839
127;floating_harbor;3129.95;9.50;1035.05;-2.36;2853
127;floating_harbor;3076.95;9.50;1028.05;-2.36;2855
131;floating_harbor;2503.00;9.50;1018.00;-2.60;3293
131;floating_harbor;2410.00;9.50;1060.00;1.44;3294
134;floating_harbor;3138.05;9.50;872.05;-3.93;189
134;floating_harbor;3216.30;9.50;805.21;-3.39;280
134;floating_harbor;3365.56;9.50;872.69;-2.43;994
134;floating_harbor;3360.00;9.50;826.00;-2.01;1205
134;floating_harbor;3163.00;9.50;833.00;1.57;1419
134;floating_harbor;3201.77;9.50;811.04;-3.03;1609
134;floating_harbor;3283.26;9.50;778.87;-2.03;1724
134;floating_harbor;3305.00;9.50;839.40;-2.11;1849
134;floating_harbor;3351.64;9.50;860.79;-1.89;1857
134;floating_harbor;3294.37;9.50;790.53;-2.47;2055
134;floating_harbor;3235.36;9.50;785.79;-4.39;2244
134;floating_harbor;3144.21;9.50;865.30;-4.47;2998
134;floating_harbor;3162.62;9.50;852.52;-4.02;3000
134;floating_harbor;3338.47;9.50;846.63;-2.25;3003
134;floating_harbor;3168.00;9.50;848.00;1.57;3009
134;floating_harbor;3321.00;9.50;833.00;-3.14;3013
134;floating_harbor;3304.64;9.50;831.21;-1.25;3017
134;floating_harbor;3184.00;9.50;813.00;-3.14;3021
134;floating_harbor;3231.16;9.50;796.25;-3.41;3022
134;floating_harbor;3302.47;9.50;822.37;-0.90;3023
145;floating_harbor;2850.95;9.50;980.95;-0.79;3300
145;floating_harbor;2678.00;9.50;978.00;1.23;3301
145;floating_harbor;2827.00;9.50;936.00;-4.02;3303
145;floating_harbor;2811.00;9.50;962.00;-1.57;3305
152;floating_harbor;3059.00;9.50;924.00;0.00;3306
155;floating_harbor;2882.05;9.50;848.95;0.79;3309
155;floating_harbor;2821.00;9.50;790.00;0.61;3034
155;floating_harbor;2865.12;9.50;780.82;0.59;3321
157;floating_harbor;3636.00;9.60;842.00;0.00;3311
157;floating_harbor;3729.00;9.50;802.00;-2.36;3314
162;floating_harbor;2957.00;9.50;721.00;-1.57;1091
162;floating_harbor;2957.00;9.50;777.00;-2.81;3316
162;floating_harbor;2957.00;9.50;777.00;-3.24;3318
162;floating_harbor;2970.00;9.50;784.00;-1.57;3320
162;floating_harbor;2950.00;9.50;752.00;-1.57;3325
164;floating_harbor;3700.95;9.50;689.95;-0.79;3332
166;floating_harbor;3015.00;9.50;813.00;-1.57;3317
166;floating_harbor;3008.00;9.50;807.00;0.00;3319
182;floating_harbor;3168.00;9.50;709.00;-3.14;3327
194;floating_harbor;3142.00;9.60;630.00;-1.57;3336
195;floating_harbor;2592.05;9.50;589.05;-3.93;3345
195;floating_harbor;2609.00;9.50;576.00;0.00;3353
202;floating_harbor;3024.95;9.50;594.95;-0.79;3346
202;floating_harbor;3007.00;9.50;551.00;-4.25;3355
202;floating_harbor;3007.00;9.50;551.00;-1.22;3361
202;floating_harbor;3048.95;9.50;547.95;-0.79;3362
202;floating_harbor;3064.00;9.50;511.00;-2.03;3371
202;floating_harbor;2999.95;9.50;510.95;-0.79;3377
202;floating_harbor;2945.00;9.50;487.00;-1.94;3378
202;floating_harbor;2990.00;9.50;474.00;-1.57;3379
212;floating_harbor;2407.00;9.50;585.00;-1.57;3348
221;floating_harbor;3575.00;9.50;547.00;1.26;3366
30;floating_harbor;2933.24;9.50;851.57;-3.55;952
30;floating_harbor;2876.10;9.50;881.63;-3.57;1123
30;floating_harbor;2910.44;9.50;855.01;-3.08;2165
36;arms_factory;4010.00;12.90;22.00;1.69;0
36;arms_factory;4074.00;10.50;56.00;2.85;0
36;arms_factory;4056.00;10.53;19.00;3.66;0
36;arms_factory;4022.00;11.05;48.00;2.97;0
36;arms_factory;4055.00;11.25;86.00;2.94;0
36;arms_factory;4018.00;11.95;53.00;2.48;0
36;industrial_complex;3953.00;15.70;52.00;6.00;0
36;industrial_complex;4014.00;12.55;27.00;5.98;0
36;industrial_complex;3979.00;14.32;5.00;2.48;0
36;industrial_complex;4032.00;12.55;74.00;6.12;0
36;industrial_complex;4044.00;10.40;9.00;5.95;0
36;industrial_complex;4024.00;10.70;40.00;1.76;0
36;air_base;4018.00;13.62;97.00;2.49;0
36;supply_node;4060.00;11.00;83.00;6.18;0
36;supply_node;3969.00;15.75;42.00;0.98;0
36;supply_node;4029.00;13.15;121.00;0.31;0
36;supply_node;4008.00;15.10;93.00;0.27;0
36;supply_node;4074.00;10.35;12.00;5.28;0
36;supply_node;4069.00;10.30;42.00;2.38;0
36;supply_node;4013.00;11.90;14.00;0.68;0
36;supply_node;4022.00;11.48;54.00;4.82;0
36;supply_node;4041.00;12.35;151.00;1.23;0
36;bunker;3953.00;14.20;24.00;5.30;0
36;bunker;4057.00;10.50;8.00;5.98;0
36;bunker;4018.00;13.15;72.00;4.06;0
36;bunker;4007.00;14.25;76.00;2.09;0
36;bunker;4012.00;13.75;123.00;0.92;0
36;bunker;4029.00;10.60;7.00;5.57;0
36;bunker;4057.00;10.57;34.00;0.18;0
36;bunker;4053.00;10.62;70.00;0.81;0
36;bunker;4053.00;13.35;140.00;2.51;0
36;stronghold_network;3982.00;14.35;41.00;1.63;0
36;anti_air_building;4079.00;10.30;10.00;5.82;0
36;anti_air_building;4025.00;12.53;71.00;3.53;0
36;anti_air_building;4027.00;10.50;15.00;3.24;0
36;synthetic_refinery;4037.00;11.12;165.00;1.20;0
36;fuel_silo;4048.00;12.20;160.00;5.50;0
36;radar_station;4022.00;13.40;86.00;4.41;0
36;nuclear_reactor_spawn;3977.00;13.15;67.00;1.62;0
36;special_project_facility_spawn;4024.00;10.93;51.00;4.84;0
36;special_project_facility_spawn;4068.00;10.45;35.00;4.69;0
36;special_project_facility_spawn;4054.00;12.90;152.00;4.14;0
36;special_project_facility_spawn;4015.00;13.25;131.00;5.45;0
36;special_project_facility_spawn;3968.00;15.00;13.00;4.49;0
36;special_project_facility_spawn;4050.00;10.90;84.00;4.15;0
36;special_project_facility_spawn;4016.00;11.48;4.00;2.36;0
36;special_project_facility_spawn;4093.00;11.00;23.00;1.22;0
36;special_project_facility_spawn;3993.00;13.78;97.00;4.90;0
36;rocket_site_spawn;4070.00;10.40;33.00;3.83;0
37;arms_factory;3690.00;15.75;48.00;3.66;0
37;arms_factory;3778.00;16.38;27.00;2.97;0
37;arms_factory;3788.00;15.70;4.00;2.94;0
37;arms_factory;3698.00;15.90;50.00;2.48;0
37;arms_factory;3653.00;15.07;48.00;6.00;0
37;arms_factory;3740.00;15.73;114.00;5.98;0
37;industrial_complex;3700.00;15.80;55.00;2.48;0
37;industrial_complex;3669.00;14.60;31.00;6.12;0
37;industrial_complex;3738.00;15.40;20.00;5.95;0
37;industrial_complex;3662.00;14.95;42.00;1.76;0
37;industrial_complex;3770.00;16.43;31.00;2.49;0
37;industrial_complex;3733.00;16.20;91.00;5.20;0
37;air_base;3655.00;15.60;80.00;4.86;0
37;supply_node;3712.00;16.10;102.00;0.31;0
37;supply_node;3765.00;16.25;18.00;0.27;0
37;supply_node;3766.00;14.25;95.00;5.28;0
37;supply_node;3721.00;15.40;39.00;2.38;0
37;supply_node;3673.00;14.35;18.00;0.68;0
37;supply_node;3661.00;15.10;63.00;4.82;0
37;bunker;3667.00;14.60;24.00;3.24;0
37;bunker;3724.00;15.90;127.00;5.30;0
37;bunker;3656.00;15.40;62.00;5.98;0
37;bunker;3762.00;14.62;92.00;4.06;0
37;bunker;3746.00;15.32;46.00;2.09;0
37;bunker;3746.00;15.93;16.00;0.92;0
37;stronghold_network;3646.00;15.05;49.00;5.57;0
37;anti_air_building;3794.00;11.20;94.00;0.18;0
37;anti_air_building;3747.00;15.10;54.00;0.81;0
37;anti_air_building;3777.00;16.60;16.00;2.51;0
37;synthetic_refinery;3736.00;15.38;24.00;1.63;0
37;fuel_silo;3769.00;16.70;22.00;5.82;0
37;radar_station;3717.00;15.55;70.00;2.13;0
37;nuclear_reactor_spawn;3679.00;15.40;41.00;3.24;0
37;special_project_facility_spawn;3719.00;13.98;26.00;1.20;0
37;special_project_facility_spawn;3728.00;15.90;117.00;5.50;0
37;special_project_facility_spawn;3755.00;15.20;96.00;0.13;0
37;special_project_facility_spawn;3770.00;16.77;21.00;1.62;0
37;special_project_facility_spawn;3688.00;14.50;12.00;4.84;0
37;special_project_facility_spawn;3666.00;15.53;68.00;4.69;0
37;rocket_site_spawn;3664.00;13.85;3.00;4.14;0
38;arms_factory;2543.00;10.80;132.00;2.94;0
38;arms_factory;2494.00;10.65;188.00;2.48;0
38;arms_factory;2551.00;10.60;85.00;6.00;0
38;arms_factory;2533.00;10.80;153.00;5.98;0
38;arms_factory;2499.00;10.55;140.00;2.48;0
38;arms_factory;2554.00;11.40;134.00;6.12;0
38;industrial_complex;2551.00;11.12;130.00;5.95;0
38;industrial_complex;2574.00;11.30;117.00;1.76;0
38;industrial_complex;2581.00;10.65;138.00;2.49;0
38;industrial_complex;2541.00;10.20;90.00;5.20;0
38;industrial_complex;2494.00;10.53;134.00;4.86;0
38;industrial_complex;2572.00;11.18;121.00;2.18;0
38;air_base;2518.00;11.30;163.00;2.79;0
38;supply_node;2546.00;10.80;121.00;5.28;0
38;supply_node;2550.00;11.00;147.00;2.38;0
38;supply_node;2557.00;10.57;95.00;0.68;0
38;supply_node;2528.00;11.00;165.00;4.82;0
38;supply_node;2581.00;11.20;122.00;1.23;0
38;supply_node;2540.00;10.60;77.00;0.83;0
38;supply_node;2509.00;10.70;160.00;2.98;0
38;supply_node;2511.00;10.50;129.00;2.44;0
38;supply_node;2570.00;10.85;138.00;6.06;0
38;supply_node;2521.00;10.57;79.00;4.73;0
38;supply_node;2527.00;10.60;142.00;5.03;0
38;supply_node;2490.00;10.65;183.00;5.98;0
38;supply_node;2506.00;10.90;179.00;0.24;0
38;supply_node;2494.00;10.80;137.00;5.05;0
38;bunker;2579.00;11.15;110.00;1.63;0
38;bunker;2515.00;10.30;82.00;5.82;0
38;bunker;2512.00;10.70;141.00;3.53;0
38;bunker;2566.00;10.60;145.00;3.24;0
38;bunker;2545.00;10.80;122.00;1.20;0
38;bunker;2559.00;11.10;135.00;5.50;0
38;bunker;2501.00;10.80;179.00;0.13;0
38;bunker;2505.00;10.25;152.00;1.62;0
38;bunker;2565.00;10.85;99.00;4.84;0
38;bunker;2525.00;11.12;150.00;4.69;0
38;bunker;2529.00;10.70;169.00;4.14;0
38;bunker;2545.00;10.35;68.00;5.45;0
38;bunker;2488.00;10.40;137.00;4.49;0
38;bunker;2495.00;10.82;182.00;4.15;0
38;coastal_bunker;2543.00;10.15;92.00;-2.03;0
38;coastal_bunker;2537.00;9.50;108.00;-0.50;0
38;coastal_bunker;2527.00;10.20;89.00;-1.57;0
38;coastal_bunker;2539.00;10.30;166.00;-3.84;0
38;coastal_bunker;2575.00;10.50;144.00;-3.50;0
38;coastal_bunker;2599.00;10.40;133.00;-3.84;0
38;coastal_bunker;2536.00;10.15;89.00;-0.56;0
38;coastal_bunker;2497.00;10.00;174.00;-1.89;0
38;coastal_bunker;2552.00;10.35;159.00;-3.57;0
38;coastal_bunker;2514.00;10.30;183.00;-3.46;0
38;coastal_bunker;2525.00;9.50;116.00;-0.10;0
38;coastal_bunker;2500.00;10.00;145.00;-2.36;0
38;coastal_bunker;2502.00;9.60;166.00;-2.30;0
38;stronghold_network;2530.00;10.90;155.00;5.25;0
38;dockyard;2510.00;9.50;118.00;-0.10;0
38;anti_air_building;2490.00;10.57;139.00;1.07;0
38;anti_air_building;2541.00;10.60;123.00;3.54;0
38;anti_air_building;2539.00;10.30;85.00;3.23;0
38;synthetic_refinery;2581.00;10.90;131.00;2.86;0
38;fuel_silo;2500.00;10.57;132.00;1.62;0
38;radar_station;2540.00;10.60;129.00;0.94;0
38;nuclear_reactor_spawn;2563.00;10.88;140.00;5.79;0
38;special_project_facility_spawn;2570.00;11.10;117.00;5.91;0
38;special_project_facility_spawn;2524.00;10.60;80.00;4.93;0
38;special_project_facility_spawn;2575.00;10.60;141.00;4.62;0
38;special_project_facility_spawn;2552.00;11.10;144.00;2.37;0
38;special_project_facility_spawn;2512.00;10.40;183.00;4.71;0
38;special_project_facility_spawn;2510.00;10.80;141.00;0.21;0
38;special_project_facility_spawn;2548.00;10.65;116.00;5.55;0
38;special_project_facility_spawn;2484.00;10.53;187.00;3.20;0
38;special_project_facility_spawn;2549.00;10.30;92.00;4.69;0
38;special_project_facility_spawn;2525.00;10.95;169.00;5.90;0
38;special_project_facility_spawn;2520.00;11.10;155.00;4.84;0
38;special_project_facility_spawn;2548.00;10.50;69.00;3.53;0
38;special_project_facility_spawn;2520.00;10.75;137.00;0.52;0
38;special_project_facility_spawn;2498.00;10.70;138.00;5.94;0
38;rocket_site_spawn;2531.00;10.80;153.00;0.40;0
38;naval_base_spawn;2564.00;10.35;152.00;-3.57;3573
38;naval_base_spawn;2540.00;10.30;166.00;-3.84;3573
38;naval_base_spawn;2533.00;9.50;110.00;-0.50;4275
38;naval_base_spawn;2579.00;10.40;142.00;-3.50;3573
38;naval_base_spawn;2518.00;10.15;87.00;-1.57;4275
38;naval_base_spawn;2504.00;9.50;119.00;-0.10;4275
38;naval_base_spawn;2492.00;9.60;132.00;-2.36;4275
38;naval_base_spawn;2500.00;9.60;168.00;-2.30;3873
38;naval_base_spawn;2536.00;9.60;69.00;-0.56;4275
38;naval_base_spawn;2515.00;10.30;182.00;-3.46;3573
38;naval_base_spawn;2557.00;10.25;101.00;-2.03;4275
38;naval_base_spawn;2588.00;10.45;134.00;-3.84;4248
38;naval_base_spawn;2489.00;10.40;190.00;-1.89;3873
38;floating_harbor;2536.65;9.50;103.85;-3.64;69
38;floating_harbor;2557.90;9.50;164.37;-0.43;124
38;floating_harbor;2544.74;9.50;101.13;1.11;191
38;floating_harbor;2537.48;9.50;176.38;-0.69;605
38;floating_harbor;2595.48;9.50;139.38;-0.69;1059
38;floating_harbor;2531.29;9.50;63.06;-3.70;1060
38;floating_harbor;2499.52;9.50;148.62;-3.84;1314
38;floating_harbor;2509.30;9.50;112.03;-3.24;1558
38;floating_harbor;2575.46;9.50;152.55;-0.36;1806
38;floating_harbor;2492.00;9.50;93.00;1.08;2075
38;floating_harbor;2480.36;9.50;186.21;1.25;2121
38;floating_harbor;2510.21;9.50;191.64;-0.32;3173
38;floating_harbor;2488.05;9.50;142.95;0.79;3186
39;arms_factory;3024.00;13.05;104.00;6.00;0
39;arms_factory;3201.00;11.40;195.00;5.98;0
39;arms_factory;3123.00;16.20;216.00;2.48;0
39;arms_factory;3021.00;11.80;46.00;6.12;0
39;arms_factory;3014.00;11.90;86.00;5.95;0
39;arms_factory;3198.00;11.10;208.00;1.76;0
39;industrial_complex;3224.00;13.45;136.00;2.49;0
39;industrial_complex;3201.00;12.20;159.00;5.20;0
39;industrial_complex;3092.00;14.50;256.00;4.86;0
39;industrial_complex;3003.00;11.43;97.00;2.18;0
39;industrial_complex;3142.00;10.75;17.00;2.79;0
39;industrial_complex;3189.00;13.50;126.00;0.58;0
39;air_base;3067.00;11.70;46.00;4.29;0
39;supply_node;3112.00;13.98;112.00;0.68;0
39;supply_node;3140.00;13.95;254.00;4.82;0
39;supply_node;3089.00;15.80;191.00;1.23;0
39;supply_node;3217.00;12.32;156.00;0.83;0
39;supply_node;3025.00;12.60;27.00;2.98;0
39;supply_node;3060.00;13.00;115.00;2.44;0
39;supply_node;3179.00;12.70;193.00;6.06;0
39;supply_node;3014.00;12.10;133.00;4.73;0
39;supply_node;3082.00;13.40;151.00;5.03;0
39;supply_node;3106.00;15.55;230.00;5.98;0
39;supply_node;3171.00;15.15;78.00;0.24;0
39;supply_node;3161.00;14.35;133.00;5.05;0
39;supply_node;3127.00;13.45;58.00;5.82;0
39;supply_node;3007.00;10.75;172.00;6.20;0
39;supply_node;3041.00;12.62;197.00;2.13;0
39;supply_node;3081.00;10.57;21.00;2.19;0
39;supply_node;2976.00;10.95;136.00;2.56;0
39;supply_node;3027.00;12.90;88.00;1.11;0
39;supply_node;3085.00;13.95;268.00;4.41;0
39;supply_node;2983.00;10.60;102.00;3.88;0
39;supply_node;3066.00;13.00;65.00;5.50;0
39;supply_node;2984.00;10.80;160.00;0.87;0
39;supply_node;3130.00;13.35;175.00;2.81;0
39;supply_node;3135.00;10.50;15.00;5.93;0
39;supply_node;3041.00;12.30;162.00;4.05;0
39;supply_node;3068.00;15.00;232.00;1.70;0
39;supply_node;3146.00;14.40;219.00;5.44;0
39;bunker;3132.00;13.00;92.00;1.22;0
39;bunker;3148.00;14.40;198.00;4.90;0
39;bunker;3131.00;15.05;198.00;3.83;0
39;bunker;3169.00;15.38;86.00;2.04;0
39;bunker;3206.00;11.90;130.00;2.55;0
39;bunker;3178.00;15.20;142.00;1.77;0
39;bunker;3042.00;12.45;112.00;3.39;0
39;bunker;3029.00;11.50;169.00;4.25;0
39;bunker;3024.00;12.90;95.00;0.40;0
39;bunker;3111.00;10.20;15.00;2.33;0
39;bunker;3016.00;12.55;109.00;1.88;0
39;bunker;3075.00;10.95;15.00;2.31;0
39;bunker;3097.00;15.15;196.00;5.25;0
39;bunker;2985.00;10.80;160.00;3.51;0
39;bunker;3047.00;13.93;61.00;1.07;0
39;bunker;3121.00;15.80;228.00;3.54;0
39;bunker;3057.00;14.60;210.00;3.23;0
39;bunker;2987.00;11.25;90.00;2.86;0
39;bunker;3080.00;13.55;274.00;1.62;0
39;bunker;3015.00;13.12;14.00;1.39;0
39;bunker;3068.00;13.90;147.00;5.79;0
39;bunker;3194.00;11.18;227.00;5.91;0
39;bunker;3131.00;14.85;243.00;4.93;0
39;bunker;3015.00;10.80;176.00;4.62;0
39;bunker;3108.00;13.40;88.00;2.37;0
39;bunker;3066.00;15.20;206.00;4.71;0
39;bunker;2972.00;10.90;130.00;0.21;0
39;coastal_bunker;2969.00;10.30;155.00;-2.47;0
39;coastal_bunker;2969.00;10.45;103.00;-2.10;0
39;coastal_bunker;2985.00;10.00;174.00;-2.43;0
39;coastal_bunker;3006.00;9.60;185.00;-2.42;0
39;stronghold_network;3117.00;12.70;161.00;4.84;0
39;dockyard;2975.00;9.60;157.00;-2.43;0
39;anti_air_building;3105.00;13.30;265.00;0.52;0
39;anti_air_building;3113.00;12.70;48.00;5.94;0
39;anti_air_building;3121.00;13.00;46.00;0.40;0
39;synthetic_refinery;3127.00;13.10;99.00;3.58;0
39;fuel_silo;3145.00;13.88;192.00;3.25;0
39;radar_station;3110.00;12.50;148.00;1.58;0
39;nuclear_reactor_spawn;3090.00;13.25;60.00;0.89;0
39;special_project_facility_spawn;3200.00;12.25;142.00;4.79;0
39;special_project_facility_spawn;3148.00;14.25;107.00;1.17;0
39;special_project_facility_spawn;3048.00;13.50;42.00;0.61;0
39;special_project_facility_spawn;3108.00;10.35;5.00;3.14;0
39;special_project_facility_spawn;3103.00;12.28;150.00;5.82;0
39;special_project_facility_spawn;3081.00;15.15;238.00;4.23;0
39;special_project_facility_spawn;3028.00;11.70;153.00;1.21;0
39;special_project_facility_spawn;3119.00;14.50;196.00;4.49;0
39;special_project_facility_spawn;3032.00;13.10;99.00;3.42;0
39;special_project_facility_spawn;3065.00;11.12;2.00;1.13;0
39;special_project_facility_spawn;3172.00;13.40;196.00;3.31;0
39;special_project_facility_spawn;3054.00;12.80;113.00;5.70;0
39;special_project_facility_spawn;3009.00;11.20;158.00;3.50;0
39;special_project_facility_spawn;3094.00;14.95;124.00;3.59;0
39;special_project_facility_spawn;3091.00;14.40;255.00;4.66;0
39;special_project_facility_spawn;3030.00;11.30;194.00;2.80;0
39;special_project_facility_spawn;3180.00;13.95;72.00;3.00;0
39;special_project_facility_spawn;3101.00;14.90;203.00;4.30;0
39;special_project_facility_spawn;2998.00;11.20;111.00;4.57;0
39;special_project_facility_spawn;3083.00;15.10;83.00;4.32;0
39;special_project_facility_spawn;3159.00;13.90;242.00;2.71;0
39;special_project_facility_spawn;2981.00;11.40;128.00;3.32;0
39;special_project_facility_spawn;3123.00;12.57;64.00;2.85;0
39;special_project_facility_spawn;3013.00;11.40;156.00;4.37;0
39;special_project_facility_spawn;3113.00;15.95;228.00;5.38;0
39;special_project_facility_spawn;3158.00;14.10;229.00;3.86;0
39;special_project_facility_spawn;2983.00;10.75;169.00;3.14;0
39;rocket_site_spawn;3041.00;12.48;192.00;4.66;0
39;naval_base_spawn;2987.00;10.50;174.00;-2.43;3629
39;naval_base_spawn;3006.00;9.85;190.00;-2.42;3629
39;naval_base_spawn;2966.00;10.40;105.00;-2.10;3629
39;naval_base_spawn;2968.00;9.60;152.00;-2.47;3629
39;floating_harbor;2995.39;9.50;185.27;0.72;927
39;floating_harbor;2963.63;9.50;151.47;0.67;1151
39;floating_harbor;2964.95;9.50;112.53;1.04;1536
39;floating_harbor;2973.44;9.50;172.31;0.71;2098
40;arms_factory;3613.00;15.70;85.00;2.48;0
40;arms_factory;3669.00;13.93;136.00;6.12;0
40;arms_factory;3621.00;11.90;162.00;5.95;0
40;arms_factory;3649.00;11.20;175.00;1.76;0
40;arms_factory;3598.00;12.85;148.00;2.49;0
40;arms_factory;3675.00;16.00;115.00;5.20;0
40;industrial_complex;3590.00;12.30;160.00;4.86;0
40;industrial_complex;3640.00;12.05;193.00;2.18;0
40;industrial_complex;3645.00;12.20;195.00;2.79;0
40;industrial_complex;3661.00;12.25;151.00;0.58;0
40;industrial_complex;3637.00;13.15;142.00;4.29;0
40;industrial_complex;3622.00;11.90;164.00;3.54;0
40;air_base;3569.00;12.53;153.00;2.23;0
40;supply_node;3566.00;10.85;179.00;1.23;0
40;supply_node;3601.00;11.93;182.00;0.83;0
40;supply_node;3669.00;13.00;159.00;2.98;0
40;supply_node;3657.00;15.65;109.00;2.44;0
40;supply_node;3603.00;12.88;142.00;6.06;0
40;supply_node;3567.00;13.05;132.00;4.73;0
40;supply_node;3603.00;15.70;92.00;5.03;0
40;supply_node;3639.00;11.80;186.00;5.98;0
40;supply_node;3538.00;11.85;151.00;0.24;0
40;supply_node;3636.00;12.90;148.00;5.05;0
40;bunker;3555.00;13.10;144.00;1.63;0
40;bunker;3587.00;15.55;107.00;5.82;0
40;bunker;3644.00;11.80;169.00;3.53;0
40;bunker;3600.00;12.90;143.00;3.24;0
40;bunker;3650.00;15.05;121.00;1.20;0
40;bunker;3584.00;10.85;184.00;5.50;0
40;bunker;3671.00;14.25;133.00;0.13;0
40;bunker;3640.00;13.10;143.00;1.62;0
40;bunker;3544.00;12.25;139.00;4.84;0
40;bunker;3564.00;10.57;188.00;4.69;0
40;coastal_bunker;3558.00;10.25;202.00;-3.37;0
40;stronghold_network;3550.00;13.05;140.00;5.45;0
40;dockyard;3562.00;10.30;195.00;-3.37;0
40;anti_air_building;3630.00;15.25;100.00;4.15;0
40;anti_air_building;3584.00;16.00;84.00;2.36;0
40;anti_air_building;3609.00;12.40;150.00;1.22;0
40;synthetic_refinery;3620.00;16.10;86.00;4.90;0
40;fuel_silo;3621.00;15.93;91.00;3.83;0
40;radar_station;3604.00;13.62;134.00;1.80;0
40;nuclear_reactor_spawn;3602.00;14.35;124.00;2.55;0
40;special_project_facility_spawn;3562.00;12.20;157.00;1.77;0
40;special_project_facility_spawn;3604.00;14.10;120.00;3.39;0
40;special_project_facility_spawn;3557.00;11.10;173.00;4.25;0
40;special_project_facility_spawn;3540.00;12.15;137.00;0.40;0
40;special_project_facility_spawn;3639.00;11.85;189.00;2.33;0
40;special_project_facility_spawn;3677.00;14.10;154.00;1.88;0
40;special_project_facility_spawn;3659.00;15.70;98.00;2.31;0
40;special_project_facility_spawn;3590.00;11.98;165.00;5.25;0
40;special_project_facility_spawn;3597.00;13.15;143.00;3.51;0
40;special_project_facility_spawn;3627.00;12.50;140.00;1.07;0
40;rocket_site_spawn;3584.00;13.15;140.00;3.54;0
40;naval_base_spawn;3568.00;10.25;192.00;-3.37;3702
40;floating_harbor;3546.00;9.50;286.00;0.24;27
43;arms_factory;2706.00;11.20;103.00;4.86;0
43;arms_factory;2675.00;13.65;85.00;2.18;0
43;arms_factory;2701.00;11.48;102.00;2.79;0
43;arms_factory;2660.00;13.70;85.00;0.58;0
43;arms_factory;2681.00;10.80;124.00;4.29;0
43;arms_factory;2673.00;13.50;80.00;3.54;0
43;industrial_complex;2666.00;10.57;118.00;2.23;0
43;industrial_complex;2649.00;11.35;113.00;3.24;0
43;industrial_complex;2689.00;12.45;96.00;5.30;0
43;industrial_complex;2633.00;11.65;109.00;5.98;0
43;industrial_complex;2671.00;13.35;72.00;4.06;0
43;industrial_complex;2688.00;10.57;122.00;2.09;0
43;air_base;2678.00;13.30;88.00;0.92;0
43;supply_node;2682.00;11.10;114.00;5.03;0
43;supply_node;2681.00;13.50;75.00;5.98;0
43;supply_node;2644.00;11.15;126.00;0.24;0
43;supply_node;2710.00;12.03;85.00;5.05;0
43;supply_node;2619.00;10.75;133.00;5.82;0
43;supply_node;2664.00;12.70;95.00;6.20;0
43;supply_node;2705.00;10.95;109.00;2.13;0
43;supply_node;2663.00;10.75;130.00;2.19;0
43;supply_node;2626.00;11.45;112.00;2.56;0
43;bunker;2662.00;10.80;129.00;5.50;0
43;bunker;2699.00;11.85;98.00;0.13;0
43;bunker;2695.00;12.88;75.00;1.62;0
43;bunker;2674.00;10.90;117.00;4.84;0
43;bunker;2619.00;10.75;133.00;4.69;0
43;bunker;2625.00;11.93;106.00;4.14;0
43;bunker;2663.00;13.45;89.00;5.45;0
43;bunker;2709.00;11.05;104.00;4.49;0
43;bunker;2649.00;10.90;131.00;4.15;0
43;coastal_bunker;2705.00;10.30;120.00;-3.66;0
43;coastal_bunker;2622.00;9.50;142.00;-2.82;0
43;coastal_bunker;2642.00;10.10;144.00;-2.92;0
43;coastal_bunker;2687.00;10.35;128.00;-3.33;0
43;coastal_bunker;2648.00;10.25;142.00;-3.25;0
43;stronghold_network;2681.00;13.35;89.00;2.55;0
43;dockyard;2636.00;10.10;144.00;-2.92;0
43;anti_air_building;2691.00;12.53;95.00;3.39;0
43;anti_air_building;2619.00;10.50;136.00;4.25;0
43;anti_air_building;2648.00;10.30;141.00;0.40;0
43;synthetic_refinery;2678.00;13.62;86.00;2.33;0
43;fuel_silo;2645.00;10.50;136.00;1.88;0
43;radar_station;2663.00;12.18;101.00;5.35;0
43;nuclear_reactor_spawn;2651.00;10.90;129.00;5.25;0
43;special_project_facility_spawn;2671.00;13.35;72.00;3.51;0
43;special_project_facility_spawn;2661.00;10.55;119.00;1.07;0
43;special_project_facility_spawn;2623.00;11.18;118.00;3.54;0
43;special_project_facility_spawn;2703.00;12.35;84.00;3.23;0
43;special_project_facility_spawn;2674.00;12.75;95.00;2.86;0
43;special_project_facility_spawn;2638.00;11.30;130.00;1.62;0
43;special_project_facility_spawn;2681.00;10.35;132.00;1.39;0
43;special_project_facility_spawn;2714.00;10.40;110.00;5.79;0
43;special_project_facility_spawn;2628.00;10.25;142.00;5.91;0
43;rocket_site_spawn;2685.00;13.60;77.00;4.93;0
43;naval_base_spawn;2667.00;10.25;138.00;-3.25;4248
43;naval_base_spawn;2625.00;10.10;142.00;-2.82;4248
43;naval_base_spawn;2692.00;10.30;124.00;-3.97;3563
43;naval_base_spawn;2705.00;10.30;120.00;-3.66;3563
43;naval_base_spawn;2642.00;10.10;144.00;-2.92;4248
43;floating_harbor;2698.18;9.50;128.71;-0.83;448
43;floating_harbor;2638.48;9.50;150.83;0.22;1133
43;floating_harbor;2614.79;9.50;145.64;0.32;1812
43;floating_harbor;2712.47;9.50;122.08;-0.52;1979
43;floating_harbor;2664.77;9.50;145.96;-0.11;3187
47;arms_factory;2856.00;11.98;92.00;5.30;0
47;arms_factory;2949.00;10.82;118.00;5.98;0
47;arms_factory;2858.00;11.90;96.00;4.06;0
47;arms_factory;2920.00;10.65;129.00;2.09;0
47;arms_factory;2902.00;11.23;139.00;0.92;0
47;arms_factory;2901.00;12.30;106.00;5.57;0
47;industrial_complex;2885.00;11.43;130.00;0.18;0
47;industrial_complex;2945.00;10.30;128.00;0.81;0
47;industrial_complex;2842.00;12.50;51.00;2.51;0
47;industrial_complex;2826.00;12.00;56.00;1.63;0
47;industrial_complex;2916.00;12.00;101.00;5.82;0
47;industrial_complex;2836.00;11.70;77.00;3.53;0
47;air_base;2890.00;10.85;143.00;3.24;0
47;supply_node;2817.00;10.75;102.00;2.56;0
47;supply_node;2835.00;11.90;72.00;1.11;0
47;supply_node;2885.00;11.75;100.00;4.41;0
47;supply_node;2921.00;10.70;128.00;3.88;0
47;supply_node;2840.00;10.90;115.00;5.50;0
47;supply_node;2873.00;10.85;125.00;0.87;0
47;supply_node;2858.00;11.95;95.00;2.81;0
47;supply_node;2944.00;11.48;110.00;5.93;0
47;supply_node;2899.00;12.20;127.00;4.05;0
47;supply_node;2950.00;10.40;144.00;1.70;0
47;supply_node;2910.00;11.10;150.00;5.44;0
47;supply_node;2890.00;10.90;142.00;2.68;0
47;supply_node;2912.00;12.20;109.00;0.45;0
47;bunker;2867.00;11.45;113.00;3.83;0
47;bunker;2844.00;11.98;64.00;2.04;0
47;bunker;2880.00;10.95;134.00;2.55;0
47;bunker;2923.00;11.60;109.00;1.77;0
47;bunker;2833.00;10.80;117.00;3.39;0
47;bunker;2930.00;10.53;125.00;4.25;0
47;bunker;2949.00;11.43;100.00;0.40;0
47;bunker;2895.00;10.57;145.00;2.33;0
47;bunker;2862.00;12.00;92.00;1.88;0
47;bunker;2907.00;11.75;124.00;2.31;0
47;bunker;2825.00;11.30;94.00;5.25;0
47;bunker;2914.00;10.90;144.00;3.51;0
47;bunker;2945.00;10.53;152.00;1.07;0
47;coastal_bunker;2860.00;10.25;128.00;-2.68;0
47;coastal_bunker;2913.00;10.30;159.00;-3.79;0
47;coastal_bunker;2959.00;10.45;115.00;-3.67;0
47;coastal_bunker;2812.00;9.60;111.00;-2.42;0
47;coastal_bunker;2879.00;9.60;144.00;-1.66;0
47;coastal_bunker;2920.00;10.35;135.00;-3.93;0
47;coastal_bunker;2823.00;9.85;123.00;-2.06;0
47;coastal_bunker;2952.00;10.40;138.00;-3.14;0
47;stronghold_network;2931.00;10.50;125.00;4.62;0
47;dockyard;2828.00;10.10;126.00;-3.32;0
47;anti_air_building;2902.00;12.48;112.00;4.71;0
47;anti_air_building;2843.00;12.20;60.00;0.21;0
47;anti_air_building;2836.00;10.90;114.00;5.55;0
47;synthetic_refinery;2835.00;12.20;63.00;3.20;0
47;fuel_silo;2874.00;11.18;122.00;4.69;0
47;radar_station;2882.00;11.80;103.00;2.56;0
47;nuclear_reactor_spawn;2882.00;11.40;127.00;4.84;0
47;special_project_facility_spawn;2834.00;12.20;61.00;3.53;0
47;special_project_facility_spawn;2919.00;10.80;126.00;0.52;0
47;special_project_facility_spawn;2873.00;11.93;91.00;5.94;0
47;special_project_facility_spawn;2937.00;11.50;110.00;0.40;0
47;special_project_facility_spawn;2876.00;11.55;113.00;3.58;0
47;special_project_facility_spawn;2893.00;11.98;128.00;3.25;0
47;special_project_facility_spawn;2885.00;11.50;122.00;3.71;0
47;special_project_facility_spawn;2828.00;11.20;106.00;0.89;0
47;special_project_facility_spawn;2903.00;10.50;153.00;4.79;0
47;special_project_facility_spawn;2847.00;11.30;114.00;1.17;0
47;special_project_facility_spawn;2945.00;10.53;150.00;0.61;0
47;special_project_facility_spawn;2905.00;12.03;116.00;3.14;0
47;special_project_facility_spawn;2886.00;10.82;143.00;5.82;0
47;rocket_site_spawn;2851.00;12.20;84.00;4.23;0
47;naval_base_spawn;2812.00;9.60;112.00;-2.42;3684
47;naval_base_spawn;2889.00;10.35;148.00;-3.14;3629
47;naval_base_spawn;2861.00;10.30;129.00;-2.68;4262
47;naval_base_spawn;2927.00;10.53;128.00;-3.93;3629
47;naval_base_spawn;2824.00;10.15;124.00;-2.06;3684
47;naval_base_spawn;2953.00;10.53;148.00;-3.14;3629
47;naval_base_spawn;2906.00;9.60;159.00;-3.79;3629
47;naval_base_spawn;2961.00;10.35;111.00;-3.67;3629
47;floating_harbor;2805.39;9.50;115.27;0.72;149
47;floating_harbor;2929.95;9.50;136.95;-0.79;1028
47;floating_harbor;2843.25;9.50;132.89;-0.18;1071
47;floating_harbor;2865.87;9.50;139.26;0.46;1343
47;floating_harbor;2954.53;9.50;128.05;-0.53;1459
47;floating_harbor;2940.00;9.50;166.00;0.44;1947
47;floating_harbor;2917.20;9.50;159.60;-0.64;3180
47;floating_harbor;2890.00;9.50;154.00;0.00;3184
49;arms_factory;4098.00;11.93;159.00;0.92;0
49;arms_factory;4056.00;10.70;193.00;5.57;0
49;arms_factory;4165.00;10.55;77.00;0.18;0
49;arms_factory;4106.00;11.45;59.00;0.81;0
49;arms_factory;4139.00;10.75;101.00;2.51;0
49;arms_factory;4087.00;11.85;113.00;1.63;0
49;industrial_complex;4087.00;12.05;121.00;5.82;0
49;industrial_complex;4065.00;13.40;151.00;3.53;0
49;industrial_complex;4150.00;10.30;109.00;3.24;0
49;industrial_complex;4077.00;13.15;118.00;1.20;0
49;industrial_complex;4122.00;11.00;192.00;5.50;0
49;industrial_complex;4136.00;10.90;54.00;0.13;0
49;air_base;4142.00;11.10;75.00;1.62;0
49;supply_node;4162.00;10.80;71.00;5.50;0
49;supply_node;4116.00;11.90;86.00;0.87;0
49;supply_node;4053.00;11.65;171.00;2.81;0
49;supply_node;4134.00;10.30;115.00;5.93;0
49;supply_node;4143.00;11.50;188.00;4.05;0
49;supply_node;4091.00;11.53;121.00;1.70;0
49;supply_node;4096.00;12.12;172.00;5.44;0
49;supply_node;4145.00;10.60;43.00;2.68;0
49;supply_node;4071.00;13.20;151.00;0.45;0
49;supply_node;4148.00;10.45;10.00;4.91;0
49;supply_node;4080.00;10.80;198.00;1.80;0
49;supply_node;4118.00;11.10;61.00;4.30;0
49;supply_node;4037.00;10.35;205.00;3.61;0
49;supply_node;4116.00;10.90;37.00;1.38;0
49;supply_node;4127.00;10.85;158.00;1.40;0
49;supply_node;4119.00;10.80;13.00;0.23;0
49;supply_node;4036.00;10.40;184.00;0.76;0
49;supply_node;4140.00;11.20;71.00;3.14;0
49;supply_node;4152.00;10.82;168.00;5.35;0
49;supply_node;4144.00;10.85;94.00;0.91;0
49;supply_node;4104.00;10.80;196.00;3.63;0
49;supply_node;4062.00;13.80;120.00;5.37;0
49;supply_node;4096.00;11.80;144.00;5.30;0
49;supply_node;4168.00;10.50;3.00;2.16;0
49;supply_node;4152.00;11.28;209.00;2.39;0
49;supply_node;4174.00;10.80;201.00;2.47;0
49;supply_node;4058.00;10.60;195.00;0.94;0
49;supply_node;4122.00;11.45;182.00;3.33;0
49;supply_node;4074.00;11.70;178.00;2.68;0
49;supply_node;4117.00;10.80;136.00;2.80;0
49;supply_node;4117.00;11.12;111.00;5.48;0
49;supply_node;4093.00;11.50;99.00;1.06;0
49;supply_node;4093.00;11.50;67.00;1.56;0
49;bunker;4094.00;11.40;186.00;0.21;0
49;bunker;4106.00;11.85;77.00;5.55;0
49;bunker;4104.00;11.50;31.00;3.20;0
49;bunker;4135.00;10.88;198.00;4.69;0
49;bunker;4063.00;11.80;175.00;5.90;0
49;bunker;4058.00;13.00;107.00;4.84;0
49;bunker;4144.00;10.15;29.00;3.53;0
49;bunker;4070.00;12.60;169.00;0.52;0
49;bunker;4083.00;12.80;157.00;5.94;0
49;bunker;4165.00;10.55;79.00;0.40;0
49;bunker;4094.00;11.30;115.00;3.58;0
49;bunker;4111.00;11.05;162.00;3.25;0
49;bunker;4096.00;11.75;93.00;3.71;0
49;bunker;4120.00;11.10;72.00;0.89;0
49;bunker;4145.00;10.57;1.00;4.79;0
49;bunker;4167.00;10.90;200.00;1.17;0
49;bunker;4142.00;10.88;165.00;0.61;0
49;bunker;4092.00;12.20;141.00;3.14;0
49;bunker;4034.00;10.50;204.00;5.82;0
49;bunker;4165.00;10.30;5.00;4.23;0
49;bunker;4109.00;11.90;84.00;1.21;0
49;bunker;4103.00;11.05;184.00;4.49;0
49;bunker;4126.00;10.70;21.00;3.42;0
49;bunker;4127.00;11.50;78.00;1.13;0
49;bunker;4128.00;11.70;182.00;3.31;0
49;bunker;4153.00;10.30;100.00;5.70;0
49;bunker;4112.00;10.93;124.00;3.50;0
49;bunker;4070.00;11.20;191.00;3.59;0
49;bunker;4124.00;10.60;128.00;4.66;0
49;bunker;4137.00;10.35;112.00;2.80;0
49;bunker;4034.00;10.80;195.00;3.00;0
49;bunker;4161.00;11.18;203.00;4.30;0
49;bunker;4052.00;10.40;200.00;4.57;0
49;coastal_bunker;4042.00;10.30;208.00;-4.31;0
49;coastal_bunker;4174.00;10.35;216.00;-4.17;0
49;coastal_bunker;4073.00;10.30;210.00;-3.14;0
49;coastal_bunker;4163.00;9.60;53.00;1.28;0
49;coastal_bunker;4127.00;10.25;138.00;-4.62;0
49;coastal_bunker;4148.00;9.95;158.00;1.37;0
49;coastal_bunker;4125.00;10.20;142.00;0.79;0
49;coastal_bunker;4151.00;10.25;111.00;-3.93;0
49;coastal_bunker;4129.00;10.30;201.00;-2.43;0
49;coastal_bunker;4169.00;10.30;78.00;-4.57;0
49;coastal_bunker;4059.00;9.90;207.00;-3.14;0
49;coastal_bunker;4168.00;10.30;221.00;-2.86;0
49;coastal_bunker;4115.00;10.35;199.00;-3.79;0
49;coastal_bunker;4156.00;10.30;90.00;1.34;0
49;coastal_bunker;4167.00;10.30;6.00;-4.07;0
49;coastal_bunker;4161.00;10.10;14.00;-4.10;0
49;coastal_bunker;4128.00;10.30;201.00;-3.45;0
49;stronghold_network;4103.00;11.10;180.00;2.90;0
49;dockyard;4190.00;10.25;210.00;-4.17;0
49;anti_air_building;4144.00;10.80;61.00;2.98;0
49;anti_air_building;4138.00;10.40;37.00;0.34;0
49;anti_air_building;4109.00;11.85;85.00;0.19;0
49;synthetic_refinery;4101.00;11.50;58.00;5.52;0
49;fuel_silo;4088.00;12.35;145.00;3.61;0
49;radar_station;4108.00;11.25;111.00;0.93;0
49;nuclear_reactor_spawn;4109.00;10.85;143.00;3.37;0
49;special_project_facility_spawn;4132.00;11.60;81.00;0.90;0
49;special_project_facility_spawn;4133.00;11.12;193.00;4.26;0
49;special_project_facility_spawn;4135.00;10.60;12.00;0.16;0
49;special_project_facility_spawn;4067.00;13.62;135.00;4.00;0
49;special_project_facility_spawn;4090.00;11.55;116.00;1.18;0
49;special_project_facility_spawn;4090.00;11.70;98.00;2.10;0
49;special_project_facility_spawn;4077.00;11.95;176.00;2.27;0
49;special_project_facility_spawn;4099.00;11.70;176.00;3.46;0
49;special_project_facility_spawn;4101.00;11.50;62.00;0.09;0
49;special_project_facility_spawn;4150.00;10.53;92.00;2.78;0
49;special_project_facility_spawn;4120.00;10.60;153.00;4.45;0
49;special_project_facility_spawn;4126.00;11.00;106.00;2.19;0
49;special_project_facility_spawn;4159.00;10.88;73.00;1.46;0
49;special_project_facility_spawn;4109.00;11.40;40.00;0.45;0
49;special_project_facility_spawn;4033.00;10.30;210.00;4.12;0
49;special_project_facility_spawn;4078.00;12.90;155.00;3.63;0
49;special_project_facility_spawn;4184.00;10.50;212.00;4.64;0
49;special_project_facility_spawn;4088.00;12.30;143.00;1.99;0
49;special_project_facility_spawn;4063.00;12.85;165.00;0.07;0
49;special_project_facility_spawn;4121.00;10.53;137.00;1.87;0
49;special_project_facility_spawn;4118.00;11.10;62.00;1.88;0
49;special_project_facility_spawn;4140.00;11.12;166.00;6.10;0
49;special_project_facility_spawn;4036.00;10.40;186.00;0.53;0
49;special_project_facility_spawn;4105.00;10.80;190.00;0.79;0
49;special_project_facility_spawn;4117.00;10.88;192.00;4.05;0
49;special_project_facility_spawn;4070.00;11.05;195.00;5.23;0
49;special_project_facility_spawn;4170.00;10.50;2.00;4.94;0
49;special_project_facility_spawn;4150.00;11.35;206.00;1.26;0
49;special_project_facility_spawn;4144.00;10.80;51.00;5.40;0
49;special_project_facility_spawn;4120.00;11.20;98.00;1.29;0
49;special_project_facility_spawn;4132.00;10.90;101.00;1.72;0
49;special_project_facility_spawn;4144.00;10.60;3.00;4.60;0
49;special_project_facility_spawn;4069.00;11.18;191.00;2.68;0
49;rocket_site_spawn;4096.00;11.50;98.00;6.16;0
49;naval_base_spawn;4158.00;10.35;221.00;-2.86;4078
49;naval_base_spawn;4073.00;10.30;210.00;-3.14;4577
49;naval_base_spawn;4176.00;10.15;4.00;-4.07;4385
49;naval_base_spawn;4131.00;9.60;204.00;-2.43;4078
49;naval_base_spawn;4145.00;10.20;116.00;-3.93;4409
49;naval_base_spawn;4115.00;10.30;200.00;-3.79;4577
49;naval_base_spawn;4129.00;10.30;146.00;0.79;4409
49;naval_base_spawn;4148.00;10.30;159.00;1.37;4409
49;naval_base_spawn;4152.00;10.20;27.00;1.28;3549
49;naval_base_spawn;4176.00;10.25;216.00;-4.17;4078
49;naval_base_spawn;4154.00;10.15;23.00;-3.61;3549
49;naval_base_spawn;4041.00;10.30;210.00;-4.31;4577
49;naval_base_spawn;4155.00;10.25;106.00;-4.08;4409
49;naval_base_spawn;4174.00;10.30;71.00;-4.57;3549
49;naval_base_spawn;4057.00;9.50;205.00;-3.14;4577
49;naval_base_spawn;4128.00;10.15;138.00;-4.62;4409
49;naval_base_spawn;4127.00;9.95;201.00;-3.40;4577
49;floating_harbor;4175.93;9.50;72.99;-1.43;84
49;floating_harbor;4144.95;9.50;125.95;-0.79;214
49;floating_harbor;4181.00;9.50;219.00;-1.27;350
49;floating_harbor;4161.70;9.50;37.99;-1.86;631
49;floating_harbor;4229.00;9.50;17.00;-1.57;807
49;floating_harbor;4080.00;9.50;214.00;0.00;1084
49;floating_harbor;4050.43;9.50;210.76;-1.17;1445
49;floating_harbor;4140.95;9.50;144.05;-2.36;1588
49;floating_harbor;4163.86;9.50;165.63;-1.77;1839
49;floating_harbor;4160.66;9.50;106.12;-0.94;1880
49;floating_harbor;4114.20;9.50;209.60;-0.64;1935
49;floating_harbor;4177.60;9.50;10.20;-0.93;2200
49;floating_harbor;4148.08;9.50;222.73;0.28;2283
49;floating_harbor;4175.87;9.50;186.05;-3.02;3171
49;floating_harbor;4058.00;9.50;213.00;0.00;3172
49;floating_harbor;4077.00;9.50;218.00;1.24;3177
49;floating_harbor;4134.97;9.50;137.63;-1.48;3189
50;arms_factory;3930.00;13.15;71.00;0.18;0
50;arms_factory;3946.00;12.35;193.00;0.81;0
50;arms_factory;3899.00;14.95;142.00;2.51;0
50;arms_factory;3952.00;12.23;199.00;1.63;0
50;arms_factory;3906.00;14.65;182.00;5.82;0
50;arms_factory;3960.00;10.80;217.00;3.53;0
50;industrial_complex;3837.00;11.20;84.00;3.24;0
50;industrial_complex;3986.00;12.55;152.00;1.20;0
50;industrial_complex;3924.00;15.03;125.00;5.50;0
50;industrial_complex;3989.00;11.00;198.00;0.13;0
50;industrial_complex;3929.00;13.10;67.00;1.62;0
50;industrial_complex;3912.00;13.50;97.00;4.84;0
50;air_base;3891.00;12.90;88.00;4.69;0
50;supply_node;3897.00;13.15;82.00;2.81;0
50;supply_node;3945.00;13.50;184.00;5.93;0
50;supply_node;3966.00;13.40;154.00;4.05;0
50;supply_node;4013.00;10.50;182.00;1.70;0
50;supply_node;3924.00;15.00;147.00;5.44;0
50;supply_node;3912.00;14.05;181.00;2.68;0
50;supply_node;3982.00;13.23;124.00;0.45;0
50;supply_node;3970.00;11.40;204.00;4.91;0
50;supply_node;3870.00;14.55;166.00;1.80;0
50;supply_node;3847.00;11.43;100.00;4.30;0
50;supply_node;3889.00;15.28;133.00;3.61;0
50;supply_node;4008.00;11.70;153.00;1.38;0
50;supply_node;3946.00;11.25;212.00;1.40;0
50;supply_node;4019.00;10.40;204.00;0.23;0
50;supply_node;3993.00;10.60;201.00;0.76;0
50;supply_node;3982.00;12.28;181.00;3.14;0
50;supply_node;3940.00;14.65;117.00;5.35;0
50;supply_node;3962.00;14.85;87.00;0.91;0
50;supply_node;3918.00;14.23;44.00;3.63;0
50;bunker;4005.00;10.50;191.00;1.07;0
50;bunker;3864.00;12.65;101.00;3.54;0
50;bunker;3915.00;13.62;81.00;3.23;0
50;bunker;3877.00;15.65;139.00;2.86;0
50;bunker;3927.00;14.50;172.00;1.62;0
50;bunker;3980.00;12.90;167.00;1.39;0
50;bunker;3967.00;13.10;116.00;5.79;0
50;bunker;3918.00;14.20;46.00;5.91;0
50;bunker;3947.00;14.53;117.00;4.93;0
50;bunker;3977.00;13.12;157.00;4.62;0
50;bunker;3966.00;14.70;74.00;2.37;0
50;bunker;3955.00;12.85;183.00;4.71;0
50;bunker;3956.00;11.60;204.00;0.21;0
50;bunker;3917.00;14.32;131.00;5.55;0
50;bunker;3965.00;11.98;191.00;3.20;0
50;bunker;4012.00;11.35;153.00;4.69;0
50;bunker;4000.00;10.70;199.00;5.90;0
50;bunker;3878.00;14.45;162.00;4.84;0
50;bunker;4019.00;10.40;204.00;3.53;0
50;coastal_bunker;3980.00;10.30;219.00;-3.21;0
50;coastal_bunker;3984.00;10.30;216.00;-2.90;0
50;coastal_bunker;4020.00;9.95;213.00;-2.82;0
50;coastal_bunker;3961.00;10.40;221.00;-4.17;0
50;stronghold_network;3902.00;13.40;87.00;3.25;0
50;dockyard;4025.00;10.30;214.00;-2.82;0
50;anti_air_building;4025.00;10.50;168.00;0.89;0
50;anti_air_building;3957.00;14.55;90.00;4.79;0
50;anti_air_building;3927.00;14.45;175.00;1.17;0
50;synthetic_refinery;3913.00;13.65;53.00;0.61;0
50;fuel_silo;3880.00;15.60;136.00;3.14;0
50;radar_station;3922.00;14.75;123.00;2.17;0
50;nuclear_reactor_spawn;3932.00;13.40;69.00;4.23;0
50;special_project_facility_spawn;3952.00;14.10;99.00;1.21;0
50;special_project_facility_spawn;3897.00;14.45;182.00;4.49;0
50;special_project_facility_spawn;3898.00;14.00;126.00;3.42;0
50;special_project_facility_spawn;4004.00;12.85;136.00;1.13;0
50;special_project_facility_spawn;3928.00;14.60;108.00;3.31;0
50;special_project_facility_spawn;3953.00;12.05;200.00;5.70;0
50;special_project_facility_spawn;3933.00;14.50;162.00;3.50;0
50;special_project_facility_spawn;3968.00;13.00;148.00;3.59;0
50;special_project_facility_spawn;3870.00;14.70;159.00;4.66;0
50;special_project_facility_spawn;3988.00;11.65;184.00;2.80;0
50;special_project_facility_spawn;3951.00;12.30;195.00;3.00;0
50;special_project_facility_spawn;3868.00;13.57;106.00;4.30;0
50;special_project_facility_spawn;3892.00;12.88;78.00;4.57;0
50;special_project_facility_spawn;3976.00;12.95;124.00;4.32;0
50;special_project_facility_spawn;3939.00;14.45;70.00;2.71;0
50;special_project_facility_spawn;3996.00;10.60;194.00;3.32;0
50;special_project_facility_spawn;4008.00;10.50;187.00;2.85;0
50;special_project_facility_spawn;3979.00;10.85;205.00;4.37;0
50;special_project_facility_spawn;4026.00;10.50;206.00;5.38;0
50;naval_base_spawn;4015.00;9.95;209.00;-2.82;4240
50;naval_base_spawn;3985.00;10.45;210.00;-2.90;4240
50;naval_base_spawn;3964.00;10.45;220.00;-3.21;4240
50;naval_base_spawn;3959.00;10.45;221.00;-4.17;4240
50;floating_harbor;3971.47;9.50;225.98;-0.07;875
50;floating_harbor;3967.00;9.50;224.60;-1.03;1771
50;floating_harbor;4014.79;9.50;216.64;0.32;3164
50;floating_harbor;3989.30;9.50;215.79;0.24;3168
51;arms_factory;2754.00;11.85;67.00;2.51;0
51;arms_factory;2758.00;11.48;70.00;1.63;0
51;arms_factory;2716.00;12.65;31.00;5.82;0
51;arms_factory;2745.00;12.80;25.00;3.53;0
51;arms_factory;2719.00;12.53;25.00;3.24;0
51;arms_factory;2796.00;10.80;71.00;1.20;0
51;industrial_complex;2750.00;14.15;2.00;5.50;0
51;industrial_complex;2779.00;11.25;65.00;0.13;0
51;industrial_complex;2782.00;13.40;1.00;1.62;0
51;industrial_complex;2789.00;10.85;68.00;4.84;0
51;industrial_complex;2760.00;13.40;10.00;4.69;0
51;industrial_complex;2746.00;12.80;26.00;4.14;0
51;air_base;2799.00;10.50;94.00;5.45;0
51;supply_node;2733.00;13.18;18.00;4.05;0
51;supply_node;2789.00;13.12;34.00;1.70;0
51;supply_node;2733.00;11.50;84.00;5.44;0
51;supply_node;2752.00;11.60;71.00;2.68;0
51;supply_node;2806.00;11.20;72.00;0.45;0
51;supply_node;2768.00;11.98;54.00;4.91;0
51;supply_node;2782.00;13.40;7.00;1.80;0
51;supply_node;2785.00;10.57;84.00;4.30;0
51;bunker;2760.00;13.18;13.00;1.77;0
51;bunker;2800.00;10.70;87.00;3.39;0
51;bunker;2785.00;12.15;48.00;4.25;0
51;bunker;2759.00;11.10;80.00;0.40;0
51;bunker;2779.00;11.55;57.00;2.33;0
51;bunker;2770.00;13.10;10.00;1.88;0
51;bunker;2727.00;11.80;72.00;2.31;0
51;bunker;2772.00;10.53;86.00;5.25;0
51;coastal_bunker;2730.00;10.30;98.00;-3.29;0
51;coastal_bunker;2794.00;10.30;96.00;-3.14;0
51;coastal_bunker;2762.00;10.30;89.00;-3.49;0
51;stronghold_network;2799.00;10.80;78.00;3.23;0
51;dockyard;2790.00;10.30;94.00;-3.14;0
51;anti_air_building;2739.00;14.80;6.00;1.62;0
51;anti_air_building;2791.00;11.00;62.00;1.39;0
51;anti_air_building;2711.00;13.60;9.00;5.79;0
51;synthetic_refinery;2762.00;13.15;14.00;5.91;0
51;fuel_silo;2725.00;12.53;21.00;4.93;0
51;radar_station;2761.00;11.90;51.00;5.48;0
51;nuclear_reactor_spawn;2753.00;11.65;39.00;2.37;0
51;special_project_facility_spawn;2790.00;11.20;59.00;4.71;0
51;special_project_facility_spawn;2723.00;12.75;35.00;0.21;0
51;special_project_facility_spawn;2758.00;10.53;88.00;5.55;0
51;special_project_facility_spawn;2810.00;13.57;5.00;3.20;0
51;special_project_facility_spawn;2802.00;14.30;19.00;4.69;0
51;special_project_facility_spawn;2788.00;10.50;81.00;5.90;0
51;special_project_facility_spawn;2818.00;10.95;87.00;4.84;0
51;special_project_facility_spawn;2743.00;11.00;89.00;3.53;0
51;naval_base_spawn;2735.00;10.35;96.00;-3.29;3684
51;naval_base_spawn;2754.00;10.35;91.00;-3.49;3684
51;naval_base_spawn;2778.00;10.30;89.00;-3.14;3684
51;floating_harbor;2736.06;9.50;103.92;-0.15;484
51;floating_harbor;2761.42;9.50;96.57;-0.35;1088
51;floating_harbor;2785.00;9.50;100.00;0.00;3199
52;arms_factory;3746.00;13.40;130.00;5.82;0
52;arms_factory;3736.00;11.98;168.00;3.53;0
52;arms_factory;3732.00;13.25;159.00;3.24;0
52;arms_factory;3810.00;13.70;153.00;1.20;0
52;arms_factory;3794.00;10.30;207.00;5.50;0
52;arms_factory;3828.00;13.15;172.00;0.13;0
52;industrial_complex;3690.00;14.35;146.00;1.62;0
52;industrial_complex;3766.00;10.10;185.00;4.84;0
52;industrial_complex;3733.00;12.40;185.00;4.69;0
52;industrial_complex;3853.00;12.82;184.00;4.14;0
52;industrial_complex;3848.00;15.03;149.00;5.45;0
52;industrial_complex;3822.00;12.62;174.00;4.49;0
52;air_base;3839.00;14.55;160.00;4.15;0
52;supply_node;3728.00;12.55;186.00;5.44;0
52;supply_node;3835.00;13.80;142.00;2.68;0
52;supply_node;3793.00;11.18;166.00;0.45;0
52;supply_node;3755.00;10.73;208.00;4.91;0
52;supply_node;3748.00;11.55;144.00;1.80;0
52;supply_node;3703.00;13.80;157.00;4.30;0
52;supply_node;3722.00;11.05;218.00;3.61;0
52;supply_node;3794.00;10.30;207.00;1.38;0
52;supply_node;3816.00;11.30;187.00;1.40;0
52;supply_node;3776.00;10.85;195.00;0.23;0
52;supply_node;3842.00;12.90;180.00;0.76;0
52;supply_node;3758.00;10.55;179.00;3.14;0
52;supply_node;3799.00;11.70;127.00;5.35;0
52;bunker;3738.00;11.50;170.00;5.25;0
52;bunker;3811.00;11.70;178.00;3.51;0
52;bunker;3703.00;13.62;159.00;1.07;0
52;bunker;3788.00;10.48;168.00;3.54;0
52;bunker;3783.00;11.10;146.00;3.23;0
52;bunker;3764.00;10.75;208.00;2.86;0
52;bunker;3860.00;14.93;136.00;1.62;0
52;bunker;3788.00;10.30;209.00;1.39;0
52;bunker;3785.00;10.40;194.00;5.79;0
52;bunker;3835.00;13.00;177.00;5.91;0
52;bunker;3756.00;10.50;162.00;4.93;0
52;bunker;3716.00;11.10;232.00;4.62;0
52;bunker;3756.00;10.57;180.00;2.37;0
52;coastal_bunker;3739.00;10.45;220.00;-3.75;0
52;coastal_bunker;3750.00;10.25;215.00;-3.61;0
52;coastal_bunker;3784.00;10.10;221.00;-2.51;0
52;stronghold_network;3781.00;10.30;163.00;3.20;0
52;dockyard;3727.00;10.30;226.00;-3.75;0
52;anti_air_building;3788.00;11.40;148.00;5.90;0
52;anti_air_building;3781.00;11.12;143.00;4.84;0
52;anti_air_building;3810.00;12.57;164.00;3.53;0
52;synthetic_refinery;3719.00;12.00;197.00;0.52;0
52;fuel_silo;3847.00;14.23;139.00;5.94;0
52;radar_station;3773.00;10.30;167.00;1.48;0
52;nuclear_reactor_spawn;3746.00;11.15;151.00;3.58;0
52;special_project_facility_spawn;3803.00;12.10;168.00;3.25;0
52;special_project_facility_spawn;3836.00;12.95;174.00;3.71;0
52;special_project_facility_spawn;3806.00;11.35;192.00;0.89;0
52;special_project_facility_spawn;3732.00;12.62;166.00;4.79;0
52;special_project_facility_spawn;3785.00;10.30;218.00;1.17;0
52;special_project_facility_spawn;3781.00;11.55;129.00;0.61;0
52;special_project_facility_spawn;3719.00;11.15;217.00;3.14;0
52;special_project_facility_spawn;3734.00;12.80;150.00;5.82;0
52;special_project_facility_spawn;3832.00;13.65;145.00;4.23;0
52;special_project_facility_spawn;3745.00;10.90;208.00;1.21;0
52;special_project_facility_spawn;3779.00;10.50;184.00;4.49;0
52;special_project_facility_spawn;3756.00;10.40;165.00;3.42;0
52;special_project_facility_spawn;3719.00;15.60;143.00;1.13;0
52;naval_base_spawn;3788.00;10.15;225.00;-2.51;4411
52;naval_base_spawn;3726.00;10.30;240.00;-3.75;4411
52;naval_base_spawn;3762.00;10.20;215.00;-3.61;4411
52;floating_harbor;3762.13;9.50;222.26;-0.46;865
52;floating_harbor;3733.01;9.50;233.73;-0.61;1475
52;floating_harbor;3778.86;9.50;227.64;0.63;1643
53;arms_factory;3427.00;13.03;195.00;3.24;0
53;arms_factory;3374.00;12.88;297.00;1.20;0
53;arms_factory;3391.00;12.70;254.00;5.50;0
53;arms_factory;3462.00;11.45;129.00;0.13;0
53;arms_factory;3452.00;13.18;250.00;1.62;0
53;arms_factory;3451.00;13.10;234.00;4.84;0
53;industrial_complex;3309.00;10.10;233.00;4.69;0
53;industrial_complex;3364.00;14.30;181.00;4.14;0
53;industrial_complex;3416.00;13.12;274.00;5.45;0
53;industrial_complex;3219.00;13.10;217.00;4.49;0
53;industrial_complex;3229.00;13.10;210.00;4.15;0
53;industrial_complex;3360.00;14.75;145.00;2.36;0
53;air_base;3444.00;12.82;198.00;1.22;0
53;supply_node;3364.00;14.70;175.00;0.45;0
53;supply_node;3285.00;10.35;230.00;4.91;0
53;supply_node;3344.00;12.10;224.00;1.80;0
53;supply_node;3431.00;13.45;264.00;4.30;0
53;supply_node;3440.00;11.00;125.00;3.61;0
53;supply_node;3296.00;11.75;181.00;1.38;0
53;supply_node;3241.00;12.88;199.00;1.40;0
53;supply_node;3448.00;12.53;187.00;0.23;0
53;supply_node;3454.00;12.65;231.00;0.76;0
53;supply_node;3386.00;11.98;249.00;3.14;0
53;supply_node;3410.00;13.98;213.00;5.35;0
53;supply_node;3396.00;13.12;287.00;0.91;0
53;supply_node;3351.00;11.98;292.00;3.63;0
53;supply_node;3385.00;12.70;123.00;5.37;0
53;supply_node;3411.00;14.25;168.00;5.30;0
53;supply_node;3306.00;11.15;269.00;2.16;0
53;bunker;3244.00;12.88;172.00;2.86;0
53;bunker;3363.00;15.32;156.00;1.62;0
53;bunker;3284.00;11.12;209.00;1.39;0
53;bunker;3374.00;13.40;303.00;5.79;0
53;bunker;3369.00;10.88;253.00;5.91;0
53;bunker;3444.00;12.30;192.00;4.93;0
53;bunker;3369.00;12.25;236.00;4.62;0
53;bunker;3308.00;12.00;287.00;2.37;0
53;bunker;3393.00;14.55;136.00;4.71;0
53;bunker;3310.00;11.30;184.00;0.21;0
53;bunker;3414.00;14.30;226.00;5.55;0
53;bunker;3418.00;13.50;139.00;3.20;0
53;bunker;3464.00;12.35;218.00;4.69;0
53;bunker;3421.00;14.15;246.00;5.90;0
53;bunker;3433.00;13.05;178.00;4.84;0
53;bunker;3412.00;13.10;286.00;3.53;0
53;stronghold_network;3370.00;15.95;156.00;0.52;0
53;anti_air_building;3418.00;13.40;216.00;5.94;0
53;anti_air_building;3275.00;10.55;244.00;0.40;0
53;anti_air_building;3344.00;13.15;209.00;3.58;0
53;synthetic_refinery;3430.00;13.00;219.00;3.25;0
53;fuel_silo;3355.00;13.40;209.00;3.71;0
53;radar_station;3341.00;13.40;206.00;5.23;0
53;nuclear_reactor_spawn;3245.00;12.40;183.00;4.79;0
53;special_project_facility_spawn;3341.00;13.50;190.00;1.17;0
53;special_project_facility_spawn;3283.00;11.50;286.00;0.61;0
53;special_project_facility_spawn;3473.00;12.20;221.00;3.14;0
53;special_project_facility_spawn;3320.00;12.20;210.00;5.82;0
53;special_project_facility_spawn;3399.00;14.65;241.00;4.23;0
53;special_project_facility_spawn;3286.00;11.10;210.00;1.21;0
53;special_project_facility_spawn;3280.00;11.85;196.00;4.49;0
53;special_project_facility_spawn;3432.00;11.30;124.00;3.42;0
53;special_project_facility_spawn;3449.00;12.25;170.00;1.13;0
53;special_project_facility_spawn;3422.00;13.98;183.00;3.31;0
53;special_project_facility_spawn;3386.00;13.25;290.00;5.70;0
53;special_project_facility_spawn;3426.00;14.25;233.00;3.50;0
53;special_project_facility_spawn;3325.00;12.03;293.00;3.59;0
53;special_project_facility_spawn;3412.00;14.18;137.00;4.66;0
53;special_project_facility_spawn;3240.00;11.98;217.00;2.80;0
53;special_project_facility_spawn;3419.00;13.70;264.00;3.00;0
54;arms_factory;3864.00;10.80;225.00;5.50;0
54;arms_factory;3845.00;10.30;244.00;0.13;0
54;arms_factory;3915.00;10.55;233.00;1.62;0
54;arms_factory;3832.00;10.35;240.00;4.84;0
54;arms_factory;3881.00;12.88;191.00;4.69;0
54;arms_factory;3853.00;10.50;218.00;4.14;0
54;industrial_complex;3929.00;12.25;216.00;5.45;0
54;industrial_complex;3893.00;13.75;194.00;4.49;0
54;industrial_complex;3871.00;12.18;192.00;4.15;0
54;industrial_complex;3841.00;10.40;209.00;2.36;0
54;industrial_complex;3898.00;11.65;224.00;1.22;0
54;industrial_complex;3837.00;10.85;204.00;4.90;0
54;air_base;3840.00;11.15;199.00;3.83;0
54;supply_node;3864.00;10.80;225.00;1.80;0
54;supply_node;3866.00;11.50;202.00;4.30;0
54;supply_node;3919.00;12.35;215.00;3.61;0
54;supply_node;3835.00;10.50;208.00;1.38;0
54;supply_node;3808.00;10.50;222.00;1.40;0
54;supply_node;3934.00;11.05;230.00;0.23;0
54;supply_node;3839.00;10.35;244.00;0.76;0
54;supply_node;3882.00;10.93;240.00;3.14;0
54;supply_node;3906.00;10.65;238.00;5.35;0
54;supply_node;3952.00;10.82;232.00;0.91;0
54;supply_node;3896.00;11.70;224.00;3.63;0
54;supply_node;3889.00;12.82;200.00;5.37;0
54;bunker;3892.00;12.65;206.00;3.54;0
54;bunker;3883.00;11.05;237.00;3.23;0
54;bunker;3826.00;10.60;203.00;2.86;0
54;bunker;3925.00;11.43;224.00;1.62;0
54;bunker;3898.00;11.12;233.00;1.39;0
54;bunker;3794.00;10.35;226.00;5.79;0
54;bunker;3866.00;10.50;232.00;5.91;0
54;bunker;3911.00;10.57;234.00;4.93;0
54;bunker;3871.00;11.45;207.00;4.62;0
54;bunker;3938.00;11.55;226.00;2.37;0
54;bunker;3859.00;10.35;247.00;4.71;0
54;bunker;3947.00;11.30;229.00;0.21;0
54;coastal_bunker;3844.00;9.55;264.00;-3.73;0
54;coastal_bunker;3951.00;10.40;241.00;-3.14;0
54;coastal_bunker;3851.00;9.60;226.00;-2.19;0
54;coastal_bunker;3845.00;9.50;220.00;-3.50;0
54;coastal_bunker;3912.00;10.30;237.00;-3.73;0
54;coastal_bunker;3923.00;10.40;234.00;-2.74;0
54;coastal_bunker;3884.00;10.30;252.00;-2.90;0
54;coastal_bunker;3819.00;10.10;230.00;-2.62;0
54;coastal_bunker;3916.00;10.40;234.00;-3.04;0
54;stronghold_network;3921.00;12.55;212.00;3.58;0
54;dockyard;3832.00;9.50;254.00;-3.73;0
54;anti_air_building;3858.00;10.40;249.00;3.71;0
54;anti_air_building;3899.00;13.15;204.00;0.89;0
54;anti_air_building;3867.00;10.50;233.00;4.79;0
54;synthetic_refinery;3901.00;13.20;203.00;1.17;0
54;fuel_silo;3853.00;10.50;218.00;0.61;0
54;radar_station;3875.00;11.10;224.00;5.45;0
54;nuclear_reactor_spawn;3873.00;10.95;225.00;5.82;0
54;special_project_facility_spawn;3880.00;12.57;199.00;4.23;0
54;special_project_facility_spawn;3804.00;10.40;226.00;1.21;0
54;special_project_facility_spawn;3851.00;11.00;203.00;4.49;0
54;special_project_facility_spawn;3861.00;10.90;219.00;3.42;0
54;special_project_facility_spawn;3830.00;10.50;227.00;1.13;0
54;special_project_facility_spawn;3923.00;10.50;233.00;3.31;0
54;special_project_facility_spawn;3880.00;10.55;249.00;5.70;0
54;special_project_facility_spawn;3901.00;11.65;225.00;3.50;0
54;special_project_facility_spawn;3918.00;12.30;215.00;3.59;0
54;special_project_facility_spawn;3956.00;10.50;228.00;4.66;0
54;special_project_facility_spawn;3868.00;11.85;196.00;2.80;0
54;special_project_facility_spawn;3906.00;10.57;239.00;3.00;0
54;naval_base_spawn;3799.00;10.20;230.00;-2.62;4411
54;naval_base_spawn;3848.00;10.30;249.00;-3.73;4011
54;naval_base_spawn;3908.00;10.35;247.00;-3.73;4452
54;naval_base_spawn;3833.00;10.25;226.00;-3.50;4011
54;naval_base_spawn;3924.00;10.35;234.00;-2.74;4452
54;naval_base_spawn;3847.00;10.20;221.00;-2.19;4011
54;naval_base_spawn;3869.00;9.60;245.00;-2.90;4011
54;naval_base_spawn;3955.00;10.45;225.00;0.98;4240
54;naval_base_spawn;3918.00;10.40;234.00;-3.04;4452
54;floating_harbor;3851.30;9.50;234.07;0.95;1137
54;floating_harbor;3916.27;9.50;240.96;0.10;1350
54;floating_harbor;3840.46;9.50;222.55;-0.36;1374
54;floating_harbor;3800.53;9.50;235.08;0.52;1587
54;floating_harbor;3928.24;9.50;243.43;0.40;1719
54;floating_harbor;3846.88;9.50;255.82;-0.59;1948
54;floating_harbor;3878.30;9.50;254.79;0.24;1969
54;floating_harbor;3911.88;9.50;246.82;-0.59;3149
54;floating_harbor;3963.82;9.50;224.12;-2.16;3151
55;arms_factory;3500.00;12.40;221.00;1.62;0
55;arms_factory;3450.00;11.25;156.00;4.84;0
55;arms_factory;3467.00;11.80;150.00;4.69;0
55;arms_factory;3549.00;10.82;190.00;4.14;0
55;arms_factory;3499.00;11.90;152.00;5.45;0
55;arms_factory;3496.00;12.10;226.00;4.49;0
55;industrial_complex;3533.00;10.70;190.00;4.15;0
55;industrial_complex;3531.00;10.50;209.00;2.36;0
55;industrial_complex;3522.00;10.80;191.00;1.22;0
55;industrial_complex;3473.00;11.20;130.00;4.90;0
55;industrial_complex;3477.00;11.48;166.00;3.83;0
55;industrial_complex;3468.00;11.40;141.00;2.04;0
55;air_base;3477.00;10.90;136.00;2.55;0
55;supply_node;3496.00;12.75;213.00;3.61;0
55;supply_node;3543.00;10.50;206.00;1.38;0
55;supply_node;3474.00;11.15;256.00;1.40;0
55;supply_node;3505.00;11.95;164.00;0.23;0
55;supply_node;3562.00;10.65;233.00;0.76;0
55;supply_node;3584.00;10.45;236.00;3.14;0
55;supply_node;3511.00;10.70;244.00;5.35;0
55;supply_node;3536.00;10.30;184.00;0.91;0
55;supply_node;3582.00;10.80;214.00;3.63;0
55;supply_node;3484.00;11.80;193.00;5.37;0
55;supply_node;3491.00;11.20;236.00;5.30;0
55;supply_node;3546.00;10.75;226.00;2.16;0
55;supply_node;3518.00;10.88;228.00;2.39;0
55;supply_node;3603.00;10.80;222.00;2.47;0
55;supply_node;3567.00;10.30;208.00;0.94;0
55;supply_node;3519.00;10.95;200.00;3.33;0
55;supply_node;3467.00;11.50;159.00;2.68;0
55;supply_node;3493.00;11.75;133.00;2.80;0
55;bunker;3550.00;10.60;196.00;4.62;0
55;bunker;3501.00;11.43;180.00;2.37;0
55;bunker;3463.00;11.70;154.00;4.71;0
55;bunker;3582.00;10.50;232.00;0.21;0
55;bunker;3515.00;11.10;184.00;5.55;0
55;bunker;3489.00;11.40;240.00;3.20;0
55;bunker;3486.00;12.10;199.00;4.69;0
55;bunker;3540.00;10.40;211.00;5.90;0
55;bunker;3509.00;12.35;207.00;4.84;0
55;bunker;3507.00;10.50;247.00;3.53;0
55;bunker;3493.00;10.55;252.00;0.52;0
55;bunker;3471.00;11.10;138.00;5.94;0
55;bunker;3564.00;10.30;240.00;0.40;0
55;bunker;3549.00;10.40;235.00;3.58;0
55;bunker;3593.00;10.88;222.00;3.25;0
55;bunker;3557.00;10.25;220.00;3.71;0
55;bunker;3603.00;11.00;218.00;0.89;0
55;bunker;3524.00;10.50;224.00;4.79;0
55;coastal_bunker;3501.00;10.53;247.00;-2.47;0
55;coastal_bunker;3580.00;9.50;240.00;-3.14;0
55;coastal_bunker;3545.00;10.15;219.00;-1.57;0
55;coastal_bunker;3557.00;9.50;216.00;-0.98;0
55;coastal_bunker;3558.00;10.20;243.00;-2.48;0
55;coastal_bunker;3528.00;10.35;228.00;-4.15;0
55;coastal_bunker;3550.00;10.10;215.00;-3.55;0
55;coastal_bunker;3479.00;10.40;267.00;-4.10;0
55;coastal_bunker;3600.00;10.10;238.00;-3.02;0
55;coastal_bunker;3499.00;10.35;252.00;-3.63;0
55;stronghold_network;3566.00;10.57;233.00;5.70;0
55;dockyard;3504.00;10.35;247.00;-2.47;0
55;anti_air_building;3488.00;11.40;241.00;3.59;0
55;anti_air_building;3484.00;10.53;258.00;4.66;0
55;anti_air_building;3480.00;10.35;262.00;2.80;0
55;synthetic_refinery;3484.00;11.40;170.00;3.00;0
55;fuel_silo;3509.00;11.40;135.00;4.30;0
55;radar_station;3531.00;10.75;196.00;2.20;0
55;nuclear_reactor_spawn;3609.00;11.45;207.00;4.32;0
55;special_project_facility_spawn;3576.00;10.70;210.00;2.71;0
55;special_project_facility_spawn;3496.00;11.85;134.00;3.32;0
55;special_project_facility_spawn;3508.00;11.20;190.00;2.85;0
55;special_project_facility_spawn;3514.00;11.10;193.00;4.37;0
55;special_project_facility_spawn;3541.00;10.50;183.00;5.38;0
55;special_project_facility_spawn;3477.00;11.65;248.00;3.86;0
55;special_project_facility_spawn;3546.00;10.80;197.00;3.14;0
55;special_project_facility_spawn;3575.00;10.55;206.00;4.66;0
55;special_project_facility_spawn;3486.00;12.23;222.00;0.06;0
55;special_project_facility_spawn;3499.00;11.35;176.00;3.93;0
55;special_project_facility_spawn;3519.00;11.00;221.00;1.79;0
55;special_project_facility_spawn;3565.00;10.50;236.00;2.49;0
55;special_project_facility_spawn;3604.00;11.55;207.00;4.84;0
55;special_project_facility_spawn;3585.00;10.30;240.00;0.68;0
55;special_project_facility_spawn;3472.00;11.48;146.00;5.33;0
55;special_project_facility_spawn;3489.00;11.80;230.00;0.96;0
55;special_project_facility_spawn;3517.00;10.70;241.00;2.90;0
55;special_project_facility_spawn;3544.00;10.45;224.00;1.05;0
55;naval_base_spawn;3542.00;9.55;218.00;-1.57;3702
55;naval_base_spawn;3576.00;10.10;236.00;-3.86;4351
55;naval_base_spawn;3499.00;10.40;251.00;-3.63;4256
55;naval_base_spawn;3530.00;10.35;221.00;-4.15;3702
55;naval_base_spawn;3585.00;10.10;243.00;-3.14;4351
55;naval_base_spawn;3516.00;10.40;250.00;-4.09;3702
55;naval_base_spawn;3567.00;9.85;204.00;-0.98;3702
55;naval_base_spawn;3558.00;10.10;208.00;-3.55;3702
55;naval_base_spawn;3492.00;10.30;256.00;-4.10;4256
55;naval_base_spawn;3608.00;10.20;239.00;-3.02;4351
55;floating_harbor;3548.76;9.50;219.43;-0.40;491
55;floating_harbor;3489.73;9.50;267.01;-0.96;623
55;floating_harbor;3573.61;9.50;246.27;-0.72;1377
55;floating_harbor;3584.00;9.50;247.00;0.00;1624
55;floating_harbor;3502.63;9.50;254.47;0.67;1920
55;floating_harbor;3502.29;9.50;257.18;-0.49;3150
55;floating_harbor;3536.00;9.50;226.00;1.57;3153
55;floating_harbor;3531.94;9.50;236.71;-1.01;3155
55;floating_harbor;3600.18;9.50;245.95;0.12;3156
55;floating_harbor;3546.00;9.50;286.00;0.22;3165
58;arms_factory;3680.00;12.70;197.00;4.15;0
58;arms_factory;3620.00;12.40;200.00;2.36;0
58;arms_factory;3668.00;12.82;235.00;1.22;0
58;arms_factory;3679.00;12.55;188.00;4.90;0
58;arms_factory;3675.00;12.70;214.00;3.83;0
58;arms_factory;3697.00;12.00;205.00;2.04;0
58;industrial_complex;3688.00;12.45;214.00;2.55;0
58;industrial_complex;3697.00;11.00;251.00;1.77;0
58;industrial_complex;3687.00;12.15;237.00;3.39;0
58;industrial_complex;3678.00;12.00;252.00;4.25;0
58;industrial_complex;3679.00;12.60;185.00;0.40;0
58;industrial_complex;3701.00;11.80;230.00;2.33;0
58;air_base;3707.00;11.45;200.00;1.88;0
58;supply_node;3631.00;11.80;213.00;5.35;0
58;supply_node;3676.00;11.30;266.00;0.91;0
58;supply_node;3685.00;11.80;249.00;3.63;0
58;supply_node;3661.00;12.40;210.00;5.37;0
58;supply_node;3639.00;10.95;251.00;5.30;0
58;supply_node;3690.00;12.25;196.00;2.16;0
58;supply_node;3658.00;12.40;241.00;2.39;0
58;supply_node;3711.00;10.85;247.00;2.47;0
58;supply_node;3626.00;10.60;234.00;0.94;0
58;supply_node;3657.00;11.23;267.00;3.33;0
58;supply_node;3700.00;11.70;228.00;2.68;0
58;supply_node;3679.00;12.95;225.00;2.80;0
58;bunker;3667.00;12.23;256.00;4.62;0
58;bunker;3698.00;10.73;256.00;2.37;0
58;bunker;3670.00;10.65;275.00;4.71;0
58;bunker;3680.00;12.90;223.00;0.21;0
58;bunker;3687.00;12.28;190.00;5.55;0
58;bunker;3663.00;11.10;270.00;3.20;0
58;bunker;3636.00;11.18;230.00;4.69;0
58;bunker;3635.00;10.88;248.00;5.90;0
58;bunker;3709.00;11.15;244.00;4.84;0
58;bunker;3707.00;11.40;230.00;3.53;0
58;bunker;3624.00;10.40;242.00;0.52;0
58;bunker;3649.00;12.00;211.00;5.94;0
58;coastal_bunker;3651.00;10.45;273.00;-2.45;0
58;coastal_bunker;3717.00;10.30;256.00;-3.03;0
58;coastal_bunker;3626.00;9.60;245.00;-2.42;0
58;coastal_bunker;3639.00;9.95;261.00;-2.62;0
58;coastal_bunker;3670.00;10.40;280.00;-2.74;0
58;coastal_bunker;3698.00;10.30;261.00;-3.93;0
58;stronghold_network;3670.00;12.55;213.00;1.17;0
58;dockyard;3642.00;10.00;263.00;-2.62;0
58;anti_air_building;3652.00;12.45;231.00;3.14;0
58;anti_air_building;3625.00;12.05;210.00;5.82;0
58;anti_air_building;3636.00;11.00;238.00;4.23;0
58;synthetic_refinery;3703.00;11.90;206.00;1.21;0
58;fuel_silo;3621.00;11.75;212.00;4.49;0
58;radar_station;3669.00;12.70;230.00;4.57;0
58;nuclear_reactor_spawn;3621.00;10.30;240.00;1.13;0
58;special_project_facility_spawn;3704.00;11.30;194.00;3.31;0
58;special_project_facility_spawn;3709.00;11.30;242.00;5.70;0
58;special_project_facility_spawn;3659.00;12.40;226.00;3.50;0
58;special_project_facility_spawn;3657.00;11.93;255.00;3.59;0
58;special_project_facility_spawn;3675.00;11.98;252.00;4.66;0
58;special_project_facility_spawn;3637.00;11.60;223.00;2.80;0
58;special_project_facility_spawn;3681.00;12.90;225.00;3.00;0
58;special_project_facility_spawn;3654.00;11.75;258.00;4.30;0
58;special_project_facility_spawn;3684.00;11.18;259.00;4.57;0
58;special_project_facility_spawn;3710.00;11.30;237.00;4.32;0
58;special_project_facility_spawn;3640.00;11.10;250.00;2.71;0
58;special_project_facility_spawn;3622.00;10.35;242.00;3.32;0
58;naval_base_spawn;3700.00;10.50;258.00;-3.03;3651
58;naval_base_spawn;3644.00;10.40;265.00;-2.62;4351
58;naval_base_spawn;3658.00;10.40;276.00;-2.45;4351
58;naval_base_spawn;3675.00;10.45;278.00;-4.29;3651
58;naval_base_spawn;3626.00;9.95;244.00;-2.42;4351
58;naval_base_spawn;3697.00;10.30;262.00;-3.93;3651
58;floating_harbor;3691.40;9.50;272.84;-1.15;664
58;floating_harbor;3702.95;9.50;266.95;-0.79;901
58;floating_harbor;3631.53;9.50;264.08;0.52;1199
58;floating_harbor;3709.23;9.50;262.96;0.11;2023
58;floating_harbor;3614.39;9.50;247.27;0.72;2193
58;floating_harbor;3647.52;9.50;278.38;0.69;3147
59;arms_factory;3075.00;12.28;310.00;1.22;0
59;arms_factory;3038.00;14.03;229.00;4.90;0
59;arms_factory;3009.00;11.18;333.00;3.83;0
59;arms_factory;3050.00;15.00;259.00;2.04;0
59;arms_factory;2991.00;10.45;491.00;2.55;0
59;arms_factory;3003.00;12.82;228.00;1.77;0
59;industrial_complex;3078.00;11.95;345.00;3.39;0
59;industrial_complex;3044.00;15.00;250.00;4.25;0
59;industrial_complex;2987.00;10.60;292.00;0.40;0
59;industrial_complex;3079.00;12.30;301.00;2.33;0
59;industrial_complex;3044.00;13.12;284.00;1.88;0
59;industrial_complex;3070.00;12.05;303.00;2.31;0
59;air_base;3032.00;12.90;279.00;5.25;0
59;supply_node;3029.00;10.82;338.00;3.63;0
59;supply_node;3074.00;11.98;320.00;5.37;0
59;supply_node;2961.00;10.82;246.00;5.30;0
59;supply_node;2996.00;13.10;245.00;2.16;0
59;supply_node;3030.00;13.90;262.00;2.39;0
59;supply_node;3049.00;12.80;291.00;2.47;0
59;supply_node;3002.00;11.70;323.00;0.94;0
59;supply_node;2953.00;10.60;207.00;3.33;0
59;supply_node;3036.00;14.10;234.00;2.68;0
59;supply_node;2981.00;10.65;282.00;2.80;0
59;supply_node;2944.00;10.88;227.00;5.48;0
59;supply_node;3066.00;11.43;349.00;1.06;0
59;supply_node;3007.00;11.95;289.00;1.56;0
59;supply_node;2987.00;12.50;225.00;1.04;0
59;supply_node;2969.00;10.50;194.00;4.72;0
59;supply_node;2979.00;11.10;260.00;3.76;0
59;supply_node;3003.00;12.50;265.00;0.41;0
59;supply_node;2916.00;10.45;204.00;2.56;0
59;supply_node;2906.00;10.30;216.00;3.58;0
59;supply_node;3032.00;10.70;436.00;1.66;0
59;supply_node;3014.00;10.65;352.00;1.36;0
59;supply_node;2995.00;10.40;489.00;0.21;0
59;supply_node;3004.00;10.40;468.00;1.48;0
59;supply_node;3023.00;10.57;453.00;1.97;0
59;supply_node;3049.00;10.70;400.00;1.62;0
59;supply_node;3049.00;10.53;365.00;1.58;0
59;supply_node;3026.00;11.60;316.00;5.23;0
59;supply_node;2990.00;10.82;311.00;2.45;0
59;supply_node;2963.00;10.60;272.00;5.07;0
59;supply_node;2966.00;11.95;226.00;5.57;0
59;supply_node;2927.00;10.50;217.00;5.45;0
59;supply_node;3011.00;11.98;217.00;2.17;0
59;supply_node;2988.00;10.85;205.00;5.35;0
59;bunker;3027.00;10.50;441.00;1.21;0
59;bunker;3018.00;13.00;228.00;4.49;0
59;bunker;2954.00;11.25;237.00;3.42;0
59;bunker;3011.00;10.85;340.00;1.13;0
59;bunker;2973.00;11.80;231.00;3.31;0
59;bunker;3012.00;13.25;271.00;5.70;0
59;bunker;3053.00;14.75;267.00;3.50;0
59;bunker;3083.00;11.90;330.00;3.59;0
59;bunker;2992.00;11.90;214.00;4.66;0
59;bunker;2950.00;11.10;235.00;2.80;0
59;bunker;2994.00;12.48;231.00;3.00;0
59;bunker;3050.00;10.75;405.00;4.30;0
59;bunker;3038.00;11.80;309.00;4.57;0
59;bunker;3011.00;12.55;319.00;4.32;0
59;bunker;3016.00;12.78;291.00;2.71;0
59;bunker;2930.00;10.60;218.00;3.32;0
59;bunker;2975.00;10.88;265.00;2.85;0
59;bunker;3029.00;10.57;451.00;4.37;0
59;bunker;3077.00;11.95;349.00;5.38;0
59;bunker;3014.00;12.48;321.00;3.86;0
59;bunker;3032.00;10.30;352.00;3.14;0
59;bunker;3031.00;13.00;218.00;4.66;0
59;bunker;2904.00;10.30;215.00;0.06;0
59;bunker;2960.00;11.12;213.00;3.93;0
59;bunker;3055.00;11.05;366.00;1.79;0
59;bunker;3006.00;10.55;471.00;2.49;0
59;bunker;2966.00;10.50;199.00;4.84;0
59;bunker;2980.00;10.53;290.00;0.68;0
59;bunker;2994.00;12.40;255.00;5.33;0
59;bunker;2916.00;10.60;207.00;0.96;0
59;bunker;2958.00;10.30;265.00;2.90;0
59;bunker;2988.00;10.65;310.00;1.05;0
59;bunker;2999.00;10.35;497.00;2.98;0
59;coastal_bunker;3045.00;10.00;371.00;-1.82;0
59;coastal_bunker;3021.00;9.50;443.00;-1.01;0
59;coastal_bunker;2916.00;10.15;215.00;-2.68;0
59;coastal_bunker;2990.00;10.30;327.00;-2.46;0
59;coastal_bunker;2915.00;9.50;198.00;1.17;0
59;coastal_bunker;2991.00;10.45;492.00;-1.11;0
59;coastal_bunker;3018.00;10.30;364.00;-3.46;0
59;coastal_bunker;3044.00;10.40;329.00;-4.04;0
59;coastal_bunker;2927.00;10.30;229.00;-2.19;0
59;coastal_bunker;2991.00;9.60;198.00;0.51;0
59;coastal_bunker;2958.00;9.55;189.00;-0.59;0
59;coastal_bunker;2985.00;9.60;308.00;-1.82;0
59;coastal_bunker;3044.00;9.60;398.00;-1.77;0
59;coastal_bunker;3036.00;9.60;429.00;-0.79;0
59;coastal_bunker;2945.00;10.00;241.00;-2.96;0
59;coastal_bunker;2965.00;9.50;283.00;-1.33;0
59;coastal_bunker;2995.00;10.30;476.00;-1.57;0
59;coastal_bunker;2935.00;9.50;205.00;-0.69;0
59;coastal_bunker;3054.00;9.60;333.00;-1.16;0
59;coastal_bunker;2973.00;10.30;287.00;-2.72;0
59;coastal_bunker;2950.00;10.00;248.00;-2.45;0
59;coastal_bunker;2992.00;10.00;301.00;-2.15;0
59;coastal_bunker;3046.00;10.50;325.00;-4.36;0
59;coastal_bunker;2967.00;9.60;260.00;-1.74;0
59;coastal_bunker;3051.00;10.40;325.00;-1.89;0
59;stronghold_network;3017.00;11.93;211.00;1.87;0
59;dockyard;2916.00;9.50;223.00;-2.19;0
59;anti_air_building;3050.00;14.40;225.00;6.10;0
59;anti_air_building;2956.00;10.82;209.00;0.53;0
59;anti_air_building;2927.00;10.50;213.00;0.79;0
59;synthetic_refinery;2946.00;11.20;221.00;4.05;0
59;fuel_silo;2960.00;11.90;222.00;5.23;0
59;radar_station;3000.00;9.95;340.00;4.94;0
59;nuclear_reactor_spawn;2963.00;11.70;220.00;1.26;0
59;special_project_facility_spawn;3069.00;11.40;336.00;5.40;0
59;special_project_facility_spawn;3008.00;11.10;335.00;1.29;0
59;special_project_facility_spawn;3011.00;10.57;464.00;1.72;0
59;special_project_facility_spawn;3017.00;12.90;305.00;4.60;0
59;special_project_facility_spawn;3030.00;12.82;295.00;2.68;0
59;special_project_facility_spawn;2952.00;11.20;217.00;6.16;0
59;special_project_facility_spawn;3022.00;14.25;240.00;2.13;0
59;special_project_facility_spawn;3001.00;11.35;291.00;5.37;0
59;special_project_facility_spawn;2982.00;12.05;235.00;3.29;0
59;special_project_facility_spawn;3063.00;11.40;350.00;4.44;0
59;special_project_facility_spawn;2984.00;11.30;267.00;5.85;0
59;special_project_facility_spawn;3020.00;10.50;453.00;4.77;0
59;special_project_facility_spawn;2973.00;11.10;209.00;6.21;0
59;special_project_facility_spawn;3030.00;10.45;349.00;2.96;0
59;special_project_facility_spawn;3026.00;13.90;260.00;0.01;0
59;special_project_facility_spawn;2938.00;10.75;214.00;6.20;0
59;special_project_facility_spawn;3023.00;10.60;359.00;1.09;0
59;special_project_facility_spawn;2964.00;10.60;253.00;4.86;0
59;special_project_facility_spawn;2956.00;11.50;222.00;1.38;0
59;special_project_facility_spawn;2969.00;10.20;190.00;2.91;0
59;special_project_facility_spawn;3014.00;12.85;226.00;0.00;0
59;special_project_facility_spawn;3003.00;12.70;262.00;3.95;0
59;special_project_facility_spawn;2943.00;10.88;221.00;2.73;0
59;special_project_facility_spawn;2991.00;11.23;280.00;3.56;0
59;special_project_facility_spawn;2910.00;10.30;203.00;4.87;0
59;special_project_facility_spawn;3050.00;10.70;362.00;4.61;0
59;special_project_facility_spawn;2995.00;10.45;490.00;0.72;0
59;special_project_facility_spawn;3050.00;10.65;395.00;5.43;0
59;special_project_facility_spawn;2907.00;10.30;220.00;3.43;0
59;special_project_facility_spawn;3028.00;10.45;438.00;3.97;0
59;special_project_facility_spawn;2999.00;13.15;237.00;2.64;0
59;special_project_facility_spawn;2966.00;10.60;268.00;3.86;0
59;special_project_facility_spawn;2990.00;10.85;312.00;4.20;0
59;naval_base_spawn;2958.00;9.60;264.00;-1.33;3618
59;naval_base_spawn;2983.00;10.30;198.00;0.51;3629
59;naval_base_spawn;3026.00;9.60;436.00;-0.79;4371
59;naval_base_spawn;2993.00;10.30;496.00;-3.14;3536
59;naval_base_spawn;2992.00;10.45;300.00;-2.15;3618
59;naval_base_spawn;2920.00;9.60;220.00;-2.19;4033
59;naval_base_spawn;3002.00;9.50;463.00;-1.57;3851
59;naval_base_spawn;3002.00;10.30;340.00;-2.46;3618
59;naval_base_spawn;2965.00;9.50;189.00;-0.59;3629
59;naval_base_spawn;3028.00;9.95;358.00;-3.46;4371
59;naval_base_spawn;2908.00;9.60;203.00;-1.45;4033
59;naval_base_spawn;3036.00;10.50;337.00;-4.04;4371
59;naval_base_spawn;3052.00;10.45;375.00;-1.82;4371
59;naval_base_spawn;2989.00;9.60;306.00;-1.82;3618
59;naval_base_spawn;2904.00;9.50;210.00;-2.68;4033
59;naval_base_spawn;2967.00;10.00;264.00;-1.74;3618
59;naval_base_spawn;3047.00;9.50;353.00;-1.16;4371
59;naval_base_spawn;3046.00;9.60;393.00;-1.77;4371
59;naval_base_spawn;2931.00;10.20;230.00;-2.00;4033
59;naval_base_spawn;2951.00;9.95;202.00;-0.69;3629
59;naval_base_spawn;3015.00;10.25;445.00;-1.01;4371
59;naval_base_spawn;2956.00;10.00;250.00;-2.45;3618
59;naval_base_spawn;2981.00;10.35;294.00;-2.72;3618
59;naval_base_spawn;3052.00;10.40;325.00;-1.89;4371
59;naval_base_spawn;3047.00;10.53;324.00;-4.36;4371
59;floating_harbor;3039.47;9.50;346.37;-0.90;143
59;floating_harbor;3046.36;9.50;329.21;1.25;181
59;floating_harbor;2951.52;9.50;257.38;0.69;692
59;floating_harbor;2988.57;9.50;339.42;0.69;1011
59;floating_harbor;2943.52;9.50;195.62;-3.84;1024
59;floating_harbor;2974.16;9.50;297.40;0.42;1135
59;floating_harbor;2940.75;9.50;244.89;0.18;1305
59;floating_harbor;3043.59;9.50;339.19;-4.30;1334
59;floating_harbor;2984.12;9.50;303.80;1.00;1399
59;floating_harbor;2963.12;9.50;185.18;-3.73;1466
59;floating_harbor;2960.10;9.50;263.15;1.41;1477
59;floating_harbor;2901.05;9.50;202.13;-4.59;1855
59;floating_harbor;2901.87;9.50;224.26;0.46;1962
59;floating_harbor;3024.05;9.50;428.05;-3.93;2183
59;floating_harbor;3022.00;9.50;393.00;-0.17;2263
59;floating_harbor;2984.74;9.50;483.87;-4.25;3113
59;floating_harbor;2992.00;9.50;468.00;1.57;3120
59;floating_harbor;3009.06;9.50;444.29;-4.15;3125
59;floating_harbor;3037.14;9.50;402.37;1.37;3131
59;floating_harbor;3038.21;9.50;367.70;1.33;3135
59;floating_harbor;3022.00;9.50;393.00;0.36;3140
59;floating_harbor;2979.21;9.50;313.70;1.33;3142
59;floating_harbor;2952.21;9.50;269.30;-4.47;3146
59;floating_harbor;2914.30;9.50;226.07;0.95;3162
59;floating_harbor;2996.40;9.50;189.88;-2.63;3169
60;arms_factory;4104.00;11.15;232.00;2.04;0
60;arms_factory;4110.00;12.40;292.00;2.55;0
60;arms_factory;4094.00;11.00;229.00;1.77;0
60;arms_factory;4120.00;12.85;285.00;3.39;0
60;arms_factory;4072.00;11.25;277.00;4.25;0
60;arms_factory;4042.00;10.85;268.00;0.40;0
60;industrial_complex;4072.00;11.55;253.00;2.33;0
60;industrial_complex;4125.00;13.12;268.00;1.88;0
60;industrial_complex;4095.00;10.80;307.00;2.31;0
60;industrial_complex;4086.00;13.12;258.00;5.25;0
60;industrial_complex;4102.00;10.40;226.00;3.51;0
60;industrial_complex;4134.00;10.70;232.00;1.07;0
60;air_base;4111.00;11.25;307.00;3.54;0
60;supply_node;4036.00;11.20;261.00;2.16;0
60;supply_node;4100.00;11.20;233.00;2.39;0
60;supply_node;4070.00;12.15;261.00;2.47;0
60;supply_node;4114.00;13.70;267.00;0.94;0
60;supply_node;4125.00;11.15;236.00;3.33;0
60;supply_node;4097.00;11.65;296.00;2.68;0
60;supply_node;4075.00;10.70;235.00;2.80;0
60;bunker;4082.00;11.88;247.00;4.62;0
60;bunker;4122.00;11.35;233.00;2.37;0
60;bunker;4087.00;11.75;242.00;4.71;0
60;bunker;4105.00;10.80;311.00;0.21;0
60;bunker;4043.00;11.12;259.00;5.55;0
60;bunker;4099.00;12.85;246.00;3.20;0
60;bunker;4104.00;13.45;257.00;4.69;0
60;coastal_bunker;4053.00;9.60;246.00;-0.90;0
60;coastal_bunker;4083.00;10.45;289.00;-2.14;0
60;coastal_bunker;4066.00;10.00;233.00;-0.90;0
60;coastal_bunker;4050.00;10.40;272.00;-3.31;0
60;coastal_bunker;4105.00;9.60;224.00;0.18;0
60;coastal_bunker;4129.00;10.00;222.00;0.84;0
60;stronghold_network;4083.00;11.10;239.00;3.58;0
60;dockyard;4083.00;9.60;293.00;-2.14;0
60;anti_air_building;4081.00;12.70;264.00;3.71;0
60;anti_air_building;4082.00;11.10;239.00;0.89;0
60;anti_air_building;4090.00;11.20;283.00;4.79;0
60;synthetic_refinery;4096.00;11.10;231.00;1.17;0
60;fuel_silo;4107.00;13.25;261.00;0.61;0
60;radar_station;4082.00;11.85;272.00;5.45;0
60;nuclear_reactor_spawn;4123.00;13.30;273.00;5.82;0
60;special_project_facility_spawn;4106.00;13.05;254.00;4.23;0
60;special_project_facility_spawn;4129.00;12.40;249.00;1.21;0
60;special_project_facility_spawn;4066.00;11.80;268.00;4.49;0
60;special_project_facility_spawn;4035.00;11.20;264.00;3.42;0
60;special_project_facility_spawn;4095.00;11.50;297.00;1.13;0
60;special_project_facility_spawn;4066.00;11.10;244.00;3.31;0
60;special_project_facility_spawn;4108.00;10.90;230.00;5.70;0
60;naval_base_spawn;4133.00;9.60;229.00;0.84;4078
60;naval_base_spawn;4029.00;10.35;273.00;-3.31;3533
60;naval_base_spawn;4052.00;9.60;246.00;-0.90;4577
60;naval_base_spawn;4081.00;9.60;288.00;-2.14;3533
60;naval_base_spawn;4056.00;9.60;244.00;-0.90;4577
60;naval_base_spawn;4114.00;9.60;220.00;0.18;4577
60;floating_harbor;4021.45;9.50;255.54;-4.35;470
60;floating_harbor;4103.25;9.50;215.11;-2.96;604
60;floating_harbor;4058.13;9.50;287.38;0.42;1049
60;floating_harbor;4140.20;9.50;222.32;-2.30;1328
60;floating_harbor;4077.11;9.50;308.79;1.00;2024
60;floating_harbor;4064.53;9.50;226.63;-4.04;3159
62;arms_factory;4577.00;10.75;403.00;4.25;0
62;arms_factory;4571.00;12.10;461.00;0.40;0
62;arms_factory;4586.00;10.60;405.00;2.33;0
62;arms_factory;4496.00;10.45;509.00;1.88;0
62;arms_factory;4491.00;10.30;515.00;2.31;0
62;arms_factory;4528.00;13.75;408.00;5.25;0
62;industrial_complex;4561.00;10.57;375.00;3.51;0
62;industrial_complex;4487.00;10.30;490.00;1.07;0
62;industrial_complex;4593.00;10.60;401.00;3.54;0
62;industrial_complex;4467.00;11.55;484.00;3.23;0
62;industrial_complex;4499.00;10.65;475.00;2.86;0
62;industrial_complex;4579.00;12.00;457.00;1.62;0
62;air_base;4469.00;10.85;520.00;1.39;0
62;supply_node;4514.00;11.75;461.00;3.33;0
62;supply_node;4528.00;13.45;413.00;2.68;0
62;supply_node;4560.00;12.23;444.00;2.80;0
62;supply_node;4478.00;10.55;503.00;5.48;0
62;supply_node;4602.00;10.60;399.00;1.06;0
62;supply_node;4570.00;11.00;405.00;1.56;0
62;supply_node;4471.00;12.05;464.00;1.04;0
62;supply_node;4547.00;11.12;379.00;4.72;0
62;bunker;4490.00;10.40;513.00;3.20;0
62;bunker;4518.00;12.90;453.00;4.69;0
62;bunker;4556.00;11.88;449.00;5.90;0
62;bunker;4475.00;11.70;465.00;4.84;0
62;bunker;4506.00;13.30;417.00;3.53;0
62;bunker;4547.00;11.05;377.00;0.52;0
62;bunker;4583.00;10.60;408.00;5.94;0
62;bunker;4614.00;10.35;382.00;0.40;0
62;coastal_bunker;4619.00;10.30;386.00;0.42;0
62;coastal_bunker;4573.00;9.60;377.00;0.93;0
62;coastal_bunker;4577.00;10.30;384.00;0.40;0
62;stronghold_network;4503.00;11.70;456.00;0.89;0
62;dockyard;4610.00;10.20;411.00;-3.75;0
62;anti_air_building;4483.00;10.10;482.00;1.17;0
62;anti_air_building;4528.00;11.30;483.00;0.61;0
62;anti_air_building;4580.00;12.65;433.00;3.14;0
62;synthetic_refinery;4502.00;10.80;481.00;5.82;0
62;fuel_silo;4568.00;11.48;412.00;4.23;0
62;radar_station;4536.00;12.05;446.00;5.89;0
62;nuclear_reactor_spawn;4468.00;11.60;509.00;4.49;0
62;special_project_facility_spawn;4528.00;11.30;483.00;3.42;0
62;special_project_facility_spawn;4539.00;12.75;403.00;1.13;0
62;special_project_facility_spawn;4464.00;12.55;471.00;3.31;0
62;special_project_facility_spawn;4477.00;10.82;495.00;5.70;0
62;special_project_facility_spawn;4557.00;11.75;457.00;3.50;0
62;special_project_facility_spawn;4564.00;11.30;404.00;3.59;0
62;special_project_facility_spawn;4548.00;11.25;384.00;4.66;0
62;special_project_facility_spawn;4602.00;10.25;394.00;2.80;0
62;naval_base_spawn;4612.00;10.25;417.00;-3.75;4381
62;naval_base_spawn;4554.00;9.60;368.00;0.93;4042
62;naval_base_spawn;4580.00;9.95;390.00;0.40;4042
62;floating_harbor;4602.00;9.50;351.00;-3.24;1692
62;floating_harbor;4580.72;9.50;379.55;-2.74;1790
62;floating_harbor;4564.60;9.50;365.80;-2.21;3134
63;arms_factory;3139.00;10.45;576.00;2.33;0
63;arms_factory;3200.00;11.53;484.00;1.88;0
63;arms_factory;3205.00;12.30;255.00;2.31;0
63;arms_factory;3262.00;15.93;384.00;5.25;0
63;arms_factory;3129.00;11.35;536.00;3.51;0
63;arms_factory;3121.00;11.20;534.00;1.07;0
63;industrial_complex;3195.00;11.18;297.00;3.54;0
63;industrial_complex;3192.00;10.80;529.00;3.23;0
63;industrial_complex;3096.00;11.90;341.00;2.86;0
63;industrial_complex;3043.00;10.70;489.00;1.62;0
63;industrial_complex;3210.00;11.95;478.00;1.39;0
63;industrial_complex;3313.00;12.30;299.00;5.79;0
63;air_base;3104.00;12.45;353.00;5.91;0
63;supply_node;3104.00;12.55;360.00;2.80;0
63;supply_node;3216.00;12.20;295.00;5.48;0
63;supply_node;3010.00;11.40;486.00;1.06;0
63;supply_node;3048.00;11.60;444.00;1.56;0
63;supply_node;3301.00;13.10;321.00;1.04;0
63;supply_node;3203.00;13.60;349.00;4.72;0
63;supply_node;3071.00;12.05;430.00;3.76;0
63;supply_node;3145.00;12.55;422.00;0.41;0
63;supply_node;3150.00;12.35;464.00;2.56;0
63;supply_node;3093.00;10.57;491.00;3.58;0
63;supply_node;3173.00;11.30;519.00;1.66;0
63;supply_node;3238.00;12.25;443.00;1.36;0
63;supply_node;3103.00;13.50;304.00;0.21;0
63;supply_node;3233.00;10.55;247.00;1.48;0
63;supply_node;3201.00;14.05;408.00;1.97;0
63;supply_node;3132.00;13.95;331.00;1.62;0
63;supply_node;3260.00;16.40;362.00;1.58;0
63;supply_node;3141.00;12.10;515.00;5.23;0
63;supply_node;3179.00;12.53;263.00;2.45;0
63;supply_node;3208.00;11.10;501.00;5.07;0
63;supply_node;3175.00;10.95;558.00;5.57;0
63;supply_node;3116.00;11.10;532.00;5.45;0
63;supply_node;3071.00;12.20;399.00;2.17;0
63;supply_node;3153.00;10.82;566.00;5.35;0
63;supply_node;3149.00;14.80;363.00;5.89;0
63;supply_node;3068.00;11.80;377.00;1.21;0
63;supply_node;3012.00;10.55;508.00;4.57;0
63;supply_node;3172.00;12.45;489.00;5.10;0
63;supply_node;3169.00;13.30;316.00;3.34;0
63;supply_node;3093.00;13.15;410.00;3.51;0
63;supply_node;3180.00;12.80;443.00;4.30;0
63;supply_node;3072.00;11.25;482.00;3.78;0
63;supply_node;3046.00;11.20;476.00;0.35;0
63;supply_node;3134.00;10.80;547.00;2.78;0
63;supply_node;3208.00;13.10;462.00;2.66;0
63;supply_node;3119.00;12.70;399.00;1.81;0
63;supply_node;3087.00;12.78;457.00;2.20;0
63;supply_node;3026.00;10.80;529.00;0.19;0
63;supply_node;3111.00;11.10;509.00;2.79;0
63;supply_node;3242.00;14.23;403.00;1.85;0
63;supply_node;3027.00;10.88;501.00;4.88;0
63;supply_node;3127.00;11.43;489.00;1.92;0
63;supply_node;3159.00;11.70;540.00;4.54;0
63;supply_node;3134.00;12.23;291.00;1.77;0
63;supply_node;3131.00;10.40;568.00;5.89;0
63;supply_node;3191.00;10.57;541.00;3.29;0
63;supply_node;3106.00;11.60;475.00;5.45;0
63;supply_node;3027.00;11.05;472.00;6.16;0
63;supply_node;3065.00;12.23;460.00;2.59;0
63;supply_node;3120.00;12.88;453.00;4.78;0
63;supply_node;3102.00;13.05;437.00;2.16;0
63;supply_node;3050.00;11.00;419.00;3.46;0
63;supply_node;3168.00;14.20;391.00;0.13;0
63;supply_node;3260.00;11.98;306.00;2.88;0
63;supply_node;3147.00;10.30;596.00;4.55;0
63;bunker;3123.00;12.95;320.00;1.05;0
63;bunker;3233.00;10.60;256.00;2.98;0
63;bunker;3047.00;11.48;458.00;0.34;0
63;bunker;3143.00;14.57;383.00;0.19;0
63;bunker;3240.00;14.20;401.00;5.52;0
63;bunker;3176.00;13.80;394.00;3.61;0
63;bunker;3147.00;12.80;453.00;3.61;0
63;bunker;3095.00;12.30;433.00;3.37;0
63;bunker;3168.00;11.65;542.00;0.90;0
63;bunker;3142.00;12.55;401.00;4.26;0
63;bunker;3234.00;12.35;298.00;0.16;0
63;bunker;3041.00;10.85;488.00;4.00;0
63;bunker;3179.00;15.05;359.00;1.18;0
63;bunker;3175.00;11.80;288.00;2.10;0
63;bunker;3185.00;12.00;312.00;2.27;0
63;bunker;3179.00;11.40;518.00;3.46;0
63;bunker;3211.00;14.70;407.00;0.09;0
63;bunker;3285.00;12.95;306.00;2.78;0
63;bunker;3227.00;12.60;453.00;4.45;0
63;bunker;3210.00;12.60;444.00;2.19;0
63;bunker;3049.00;10.82;411.00;1.46;0
63;bunker;3239.00;13.40;325.00;0.45;0
63;bunker;3107.00;13.65;296.00;4.12;0
63;bunker;3210.00;11.38;484.00;3.63;0
63;bunker;3026.00;10.95;463.00;4.64;0
63;bunker;3185.00;10.60;560.00;1.99;0
63;bunker;3135.00;12.00;285.00;0.07;0
63;bunker;3029.00;10.70;523.00;1.87;0
63;bunker;3025.00;11.10;496.00;1.88;0
63;bunker;3112.00;10.40;542.00;6.10;0
63;bunker;3082.00;13.25;445.00;0.53;0
63;bunker;3267.00;16.25;362.00;0.79;0
63;bunker;3074.00;10.80;486.00;4.05;0
63;bunker;3109.00;12.28;465.00;5.23;0
63;bunker;3104.00;11.10;482.00;4.94;0
63;bunker;3069.00;12.30;409.00;1.26;0
63;bunker;3132.00;11.70;480.00;5.40;0
63;bunker;3177.00;12.60;440.00;1.29;0
63;bunker;3136.00;12.05;513.00;1.72;0
63;bunker;3096.00;10.30;506.00;4.60;0
63;bunker;3116.00;12.40;397.00;2.68;0
63;bunker;3008.00;11.00;478.00;6.16;0
63;bunker;3090.00;12.28;379.00;2.13;0
63;bunker;3160.00;11.75;492.00;5.37;0
63;bunker;3088.00;12.05;426.00;3.29;0
63;bunker;3068.00;12.75;449.00;4.44;0
63;bunker;3067.00;11.30;367.00;5.85;0
63;bunker;3158.00;10.70;566.00;4.77;0
63;bunker;3185.00;10.80;539.00;6.21;0
63;bunker;3086.00;12.50;430.00;2.96;0
63;bunker;3141.00;11.12;547.00;0.01;0
63;bunker;3135.00;10.70;565.00;6.20;0
63;bunker;3084.00;11.15;487.00;1.09;0
63;bunker;3016.00;10.53;512.00;4.86;0
63;bunker;3150.00;9.60;598.00;1.38;0
63;coastal_bunker;3081.00;10.30;494.00;-2.36;0
63;coastal_bunker;3033.00;10.35;529.00;-3.34;0
63;coastal_bunker;3128.00;10.15;577.00;-2.68;0
63;coastal_bunker;3036.00;10.30;416.00;-1.33;0
63;coastal_bunker;3036.00;10.40;496.00;-4.09;0
63;coastal_bunker;3161.00;9.60;575.00;-3.56;0
63;coastal_bunker;3178.00;10.35;568.00;-3.99;0
63;coastal_bunker;3094.00;10.30;507.00;-1.84;0
63;coastal_bunker;3146.00;9.60;596.00;-3.93;0
63;coastal_bunker;3111.00;9.60;545.00;-2.28;0
63;coastal_bunker;3006.00;9.95;505.00;-2.03;0
63;coastal_bunker;3070.00;10.40;491.00;-2.48;0
63;coastal_bunker;3051.00;10.35;491.00;-3.27;0
63;coastal_bunker;3122.00;9.95;558.00;-2.14;0
63;coastal_bunker;3197.00;10.25;553.00;-3.46;0
63;coastal_bunker;3052.00;9.60;383.00;-1.91;0
63;stronghold_network;3118.00;13.20;296.00;5.40;0
63;dockyard;3122.00;9.50;554.00;-2.14;0
63;anti_air_building;3061.00;11.85;420.00;0.49;0
63;anti_air_building;3155.00;12.80;273.00;0.30;0
63;anti_air_building;3172.00;13.70;457.00;1.27;0
63;synthetic_refinery;3250.00;13.65;342.00;4.78;0
63;fuel_silo;3212.00;11.32;495.00;1.88;0
63;radar_station;3166.00;12.28;411.00;5.45;0
63;nuclear_reactor_spawn;3167.00;13.50;318.00;4.22;0
63;special_project_facility_spawn;3147.00;14.05;389.00;4.67;0
63;special_project_facility_spawn;3155.00;13.40;315.00;5.82;0
63;special_project_facility_spawn;3189.00;10.60;543.00;1.26;0
63;special_project_facility_spawn;3262.00;12.30;330.00;1.85;0
63;special_project_facility_spawn;3210.00;13.65;351.00;2.17;0
63;special_project_facility_spawn;3164.00;11.50;549.00;0.65;0
63;special_project_facility_spawn;3135.00;12.80;443.00;0.28;0
63;special_project_facility_spawn;3021.00;11.50;478.00;1.98;0
63;special_project_facility_spawn;3198.00;11.10;518.00;0.24;0
63;special_project_facility_spawn;3192.00;13.40;396.00;0.51;0
63;special_project_facility_spawn;3086.00;11.70;471.00;1.62;0
63;special_project_facility_spawn;3091.00;11.95;345.00;3.24;0
63;special_project_facility_spawn;3200.00;11.50;281.00;4.66;0
63;special_project_facility_spawn;3011.00;11.10;490.00;1.34;0
63;special_project_facility_spawn;3171.00;13.62;454.00;6.01;0
63;special_project_facility_spawn;3288.00;12.90;319.00;4.39;0
63;special_project_facility_spawn;3170.00;13.40;259.00;0.97;0
63;special_project_facility_spawn;3079.00;10.60;492.00;6.02;0
63;special_project_facility_spawn;3118.00;13.15;383.00;1.01;0
63;special_project_facility_spawn;3208.00;11.65;234.00;0.25;0
63;special_project_facility_spawn;3174.00;13.98;465.00;3.35;0
63;special_project_facility_spawn;3037.00;10.82;489.00;1.92;0
63;special_project_facility_spawn;3156.00;11.20;506.00;5.44;0
63;special_project_facility_spawn;3242.00;13.30;434.00;5.42;0
63;special_project_facility_spawn;3056.00;11.45;424.00;5.37;0
63;special_project_facility_spawn;3230.00;14.75;387.00;5.83;0
63;special_project_facility_spawn;3223.00;12.95;473.00;0.24;0
63;special_project_facility_spawn;3111.00;13.65;440.00;5.56;0
63;special_project_facility_spawn;3256.00;16.15;358.00;3.00;0
63;special_project_facility_spawn;3104.00;11.10;489.00;2.12;0
63;special_project_facility_spawn;3142.00;14.70;337.00;2.62;0
63;special_project_facility_spawn;3124.00;12.82;457.00;1.58;0
63;special_project_facility_spawn;3128.00;10.25;576.00;5.81;0
63;special_project_facility_spawn;3059.00;12.20;458.00;1.56;0
63;special_project_facility_spawn;3015.00;10.35;517.00;1.68;0
63;special_project_facility_spawn;3138.00;13.80;387.00;3.90;0
63;special_project_facility_spawn;3103.00;13.50;303.00;5.43;0
63;special_project_facility_spawn;3129.00;11.90;527.00;3.67;0
63;special_project_facility_spawn;3147.00;11.12;554.00;5.21;0
63;special_project_facility_spawn;3072.00;12.00;378.00;2.72;0
63;special_project_facility_spawn;3136.00;11.45;489.00;2.87;0
63;special_project_facility_spawn;3097.00;11.60;476.00;5.77;0
63;special_project_facility_spawn;3049.00;11.30;438.00;3.23;0
63;special_project_facility_spawn;3035.00;10.88;490.00;4.63;0
63;special_project_facility_spawn;3160.00;11.65;495.00;4.61;0
63;special_project_facility_spawn;3077.00;12.82;389.00;4.49;0
63;special_project_facility_spawn;3095.00;12.70;391.00;2.68;0
63;special_project_facility_spawn;3148.00;12.10;280.00;1.21;0
63;special_project_facility_spawn;3181.00;10.82;556.00;1.41;0
63;special_project_facility_spawn;3157.00;11.00;560.00;0.73;0
63;special_project_facility_spawn;3126.00;11.20;535.00;2.85;0
63;special_project_facility_spawn;3122.00;11.48;509.00;2.19;0
63;special_project_facility_spawn;3079.00;12.62;434.00;5.54;0
63;special_project_facility_spawn;3030.00;10.57;522.00;2.53;0
63;special_project_facility_spawn;3147.00;10.30;595.00;4.05;0
63;naval_base_spawn;3092.00;9.60;507.00;-2.36;4480
63;naval_base_spawn;3047.00;10.40;491.00;-3.27;4480
63;naval_base_spawn;3043.00;9.60;418.00;-1.33;4371
63;naval_base_spawn;3024.00;10.30;536.00;-3.34;3536
63;naval_base_spawn;3186.00;10.35;564.00;-3.99;3729
63;naval_base_spawn;3124.00;9.60;554.00;-2.14;4140
63;naval_base_spawn;3121.00;9.50;566.00;-2.68;4140
63;naval_base_spawn;3037.00;10.40;496.00;-4.09;4480
63;naval_base_spawn;3147.00;10.30;596.00;-3.93;4140
63;naval_base_spawn;3107.00;9.60;536.00;-2.28;4140
63;naval_base_spawn;3158.00;10.45;569.00;-3.56;4140
63;naval_base_spawn;3100.00;10.30;509.00;-1.84;4480
63;naval_base_spawn;3195.00;10.20;555.00;-3.46;3729
63;naval_base_spawn;3070.00;10.40;491.00;-2.48;4480
63;naval_base_spawn;3050.00;9.60;387.00;-1.91;4371
63;naval_base_spawn;3002.00;10.30;503.00;-2.03;3536
63;floating_harbor;3081.05;9.50;502.95;0.79;504
63;floating_harbor;3188.27;9.50;569.61;-0.85;904
63;floating_harbor;3103.69;9.50;542.56;0.86;924
63;floating_harbor;3159.84;9.50;581.40;-0.42;1092
63;floating_harbor;3044.40;9.50;385.33;1.23;1174
63;floating_harbor;3001.74;9.50;513.13;1.11;1241
63;floating_harbor;3060.70;9.50;496.53;0.66;1563
63;floating_harbor;3048.93;9.50;497.94;-0.13;1667
63;floating_harbor;3117.09;9.50;557.76;1.00;1757
63;floating_harbor;3007.00;9.50;551.00;0.87;2012
63;floating_harbor;3093.25;9.50;513.84;1.30;2105
63;floating_harbor;3039.70;9.50;510.07;-0.95;2138
63;floating_harbor;3125.87;9.50;578.26;0.46;3089
63;floating_harbor;3198.21;9.50;562.64;-0.32;3101
63;floating_harbor;3031.21;9.50;414.30;-4.47;3128
63;floating_harbor;3152.95;9.50;601.95;-0.79;3343
64;arms_factory;4117.00;11.30;410.00;2.31;0
64;arms_factory;4127.00;10.60;455.00;5.25;0
64;arms_factory;4230.00;11.95;469.00;3.51;0
64;arms_factory;4156.00;10.80;345.00;1.07;0
64;arms_factory;4114.00;12.15;397.00;3.54;0
64;arms_factory;4174.00;12.80;385.00;3.23;0
64;industrial_complex;4140.00;12.78;294.00;2.86;0
64;industrial_complex;4192.00;12.00;383.00;1.62;0
64;industrial_complex;4138.00;11.20;316.00;1.39;0
64;industrial_complex;4212.00;11.50;414.00;5.79;0
64;industrial_complex;4239.00;12.45;400.00;5.91;0
64;industrial_complex;4279.00;13.62;445.00;4.93;0
64;air_base;4188.00;10.60;471.00;4.62;0
64;supply_node;4215.00;10.82;475.00;1.06;0
64;supply_node;4261.00;12.90;457.00;1.56;0
64;supply_node;4116.00;11.48;408.00;1.04;0
64;supply_node;4154.00;11.20;308.00;4.72;0
64;supply_node;4179.00;12.53;410.00;3.76;0
64;supply_node;4180.00;11.18;351.00;0.41;0
64;supply_node;4079.00;10.70;391.00;2.56;0
64;supply_node;4230.00;13.60;426.00;3.58;0
64;supply_node;4107.00;10.70;364.00;1.66;0
64;supply_node;4167.00;10.30;470.00;1.36;0
64;supply_node;4111.00;10.60;448.00;0.21;0
64;supply_node;4151.00;10.70;440.00;1.48;0
64;supply_node;4145.00;12.10;377.00;1.97;0
64;supply_node;4125.00;10.70;323.00;1.62;0
64;supply_node;4132.00;10.70;461.00;1.58;0
64;supply_node;4196.00;12.10;451.00;5.23;0
64;supply_node;4214.00;11.70;385.00;2.45;0
64;bunker;4156.00;11.10;358.00;1.17;0
64;bunker;4123.00;10.70;452.00;0.61;0
64;bunker;4130.00;11.93;379.00;3.14;0
64;bunker;4212.00;11.60;406.00;5.82;0
64;bunker;4171.00;11.45;433.00;4.23;0
64;bunker;4129.00;11.20;320.00;1.21;0
64;bunker;4097.00;10.40;424.00;4.49;0
64;bunker;4219.00;12.07;418.00;3.42;0
64;bunker;4167.00;10.25;471.00;1.13;0
64;bunker;4257.00;11.55;472.00;3.31;0
64;bunker;4154.00;11.80;304.00;5.70;0
64;bunker;4151.00;10.60;424.00;3.50;0
64;bunker;4203.00;11.15;463.00;3.59;0
64;bunker;4069.00;11.30;398.00;4.66;0
64;bunker;4198.00;10.60;474.00;2.80;0
64;bunker;4106.00;10.35;440.00;3.00;0
64;bunker;4096.00;10.82;366.00;4.30;0
64;coastal_bunker;4130.00;10.30;469.00;-2.82;0
64;coastal_bunker;4256.00;9.60;486.00;-3.14;0
64;coastal_bunker;4095.00;9.60;359.00;-0.59;0
64;coastal_bunker;4105.00;9.50;332.00;-2.71;0
64;coastal_bunker;4217.00;10.30;487.00;-3.14;0
64;coastal_bunker;4065.00;9.50;357.00;-0.40;0
64;coastal_bunker;4101.00;10.45;443.00;-0.64;0
64;coastal_bunker;4117.00;10.30;421.00;-2.68;0
64;coastal_bunker;4138.00;10.00;449.00;-1.27;0
64;coastal_bunker;4173.00;10.15;483.00;-3.14;0
64;coastal_bunker;4134.00;9.60;357.00;-0.33;0
64;stronghold_network;4182.00;11.30;455.00;3.93;0
64;dockyard;4093.00;9.60;359.00;-0.59;0
64;anti_air_building;4127.00;10.35;330.00;2.49;0
64;anti_air_building;4138.00;11.75;402.00;4.84;0
64;anti_air_building;4154.00;12.15;301.00;0.68;0
64;synthetic_refinery;4087.00;11.00;372.00;5.33;0
64;fuel_silo;4086.00;10.40;360.00;0.96;0
64;radar_station;4171.00;12.80;385.00;4.55;0
64;nuclear_reactor_spawn;4228.00;12.70;417.00;1.05;0
64;special_project_facility_spawn;4284.00;13.40;442.00;2.98;0
64;special_project_facility_spawn;4168.00;11.10;344.00;0.34;0
64;special_project_facility_spawn;4221.00;13.65;446.00;0.19;0
64;special_project_facility_spawn;4221.00;12.10;461.00;5.52;0
64;special_project_facility_spawn;4178.00;12.10;396.00;3.61;0
64;special_project_facility_spawn;4061.00;10.50;395.00;3.61;0
64;special_project_facility_spawn;4182.00;10.50;475.00;3.37;0
64;special_project_facility_spawn;4174.00;11.30;452.00;0.90;0
64;special_project_facility_spawn;4117.00;12.45;387.00;4.26;0
64;special_project_facility_spawn;4220.00;12.50;404.00;0.16;0
64;special_project_facility_spawn;4114.00;11.12;313.00;4.00;0
64;special_project_facility_spawn;4144.00;12.30;382.00;1.18;0
64;special_project_facility_spawn;4171.00;11.45;441.00;2.10;0
64;special_project_facility_spawn;4110.00;12.00;380.00;2.27;0
64;special_project_facility_spawn;4137.00;11.30;309.00;3.46;0
64;special_project_facility_spawn;4128.00;10.30;468.00;0.09;0
64;special_project_facility_spawn;4111.00;10.40;444.00;2.78;0
64;naval_base_spawn;4069.00;9.60;387.00;-1.65;3660
64;naval_base_spawn;4100.00;10.00;455.00;-0.64;4224
64;naval_base_spawn;4164.00;10.20;478.00;-3.14;4038
64;naval_base_spawn;4094.00;9.60;359.00;-0.59;3533
64;naval_base_spawn;4124.00;10.40;424.00;-2.68;4224
64;naval_base_spawn;4136.00;10.45;442.00;-1.27;4224
64;naval_base_spawn;4233.00;10.30;482.00;-3.14;4038
64;naval_base_spawn;4127.00;9.60;468.00;-2.82;3471
64;naval_base_spawn;4142.00;9.90;342.00;-2.71;3533
64;naval_base_spawn;4265.00;10.40;483.00;-3.14;3565
64;naval_base_spawn;4141.00;9.60;347.00;-0.33;3533
64;floating_harbor;4215.00;9.50;493.00;0.00;4
64;floating_harbor;4261.00;9.50;490.00;0.00;66
64;floating_harbor;4103.87;9.50;432.26;0.46;116
64;floating_harbor;4026.00;9.50;397.00;1.45;766
64;floating_harbor;4097.12;9.50;349.18;-3.73;1065
64;floating_harbor;4167.00;9.50;487.00;0.00;1073
64;floating_harbor;4103.80;9.50;438.40;-3.79;1100
64;floating_harbor;4131.31;9.50;433.94;-4.41;1775
64;floating_harbor;4134.70;9.50;347.39;-3.48;1783
64;floating_harbor;4117.10;9.50;340.37;0.43;2300
64;floating_harbor;4127.79;9.50;473.64;0.32;3117
65;arms_factory;3346.00;14.28;346.00;3.51;0
65;arms_factory;3356.00;14.32;324.00;1.07;0
65;arms_factory;3340.00;14.62;334.00;3.54;0
65;arms_factory;3424.00;11.10;331.00;3.23;0
65;arms_factory;3446.00;10.40;352.00;2.86;0
65;arms_factory;3451.00;10.70;412.00;1.62;0
65;industrial_complex;3381.00;12.85;391.00;1.39;0
65;industrial_complex;3394.00;13.18;363.00;5.79;0
65;industrial_complex;3419.00;11.25;328.00;5.91;0
65;industrial_complex;3415.00;12.00;376.00;4.93;0
65;industrial_complex;3440.00;10.82;372.00;4.62;0
65;industrial_complex;3388.00;13.40;337.00;2.37;0
65;air_base;3432.00;10.45;439.00;4.71;0
65;supply_node;3396.00;13.45;338.00;1.04;0
65;supply_node;3430.00;11.90;391.00;4.72;0
65;supply_node;3420.00;12.00;311.00;3.76;0
65;supply_node;3443.00;11.05;410.00;0.41;0
65;supply_node;3443.00;10.88;299.00;2.56;0
65;supply_node;3436.00;10.62;432.00;3.58;0
65;supply_node;3416.00;12.28;418.00;1.66;0
65;supply_node;3394.00;12.85;373.00;1.36;0
65;supply_node;3436.00;11.10;335.00;0.21;0
65;supply_node;3430.00;10.55;366.00;1.48;0
65;supply_node;3356.00;14.55;331.00;1.97;0
65;supply_node;3395.00;12.50;405.00;1.62;0
65;supply_node;3453.00;10.50;348.00;1.58;0
65;supply_node;3458.00;10.62;329.00;5.23;0
65;supply_node;3458.00;11.05;278.00;2.45;0
65;bunker;3456.00;10.50;318.00;1.17;0
65;bunker;3349.00;14.45;332.00;0.61;0
65;bunker;3377.00;13.20;380.00;3.14;0
65;bunker;3423.00;11.30;372.00;5.82;0
65;bunker;3412.00;12.50;307.00;4.23;0
65;bunker;3418.00;12.35;417.00;1.21;0
65;bunker;3445.00;10.55;392.00;4.49;0
65;bunker;3435.00;11.25;328.00;3.42;0
65;bunker;3374.00;13.70;355.00;1.13;0
65;bunker;3401.00;12.28;406.00;3.31;0
65;bunker;3450.00;10.53;301.00;5.70;0
65;bunker;3442.00;11.15;409.00;3.50;0
65;bunker;3435.00;10.50;436.00;3.59;0
65;bunker;3456.00;11.60;272.00;4.66;0
65;bunker;3456.00;10.75;345.00;2.80;0
65;coastal_bunker;3467.00;10.00;328.00;0.79;0
65;coastal_bunker;3448.00;10.45;304.00;-4.07;0
65;coastal_bunker;3461.00;10.53;285.00;-3.70;0
65;coastal_bunker;3436.00;10.00;368.00;1.46;0
65;coastal_bunker;3446.00;10.30;436.00;-3.93;0
65;coastal_bunker;3453.00;10.30;403.00;-4.51;0
65;coastal_bunker;3449.00;10.50;351.00;-2.68;0
65;coastal_bunker;3446.00;10.30;385.00;1.35;0
65;coastal_bunker;3436.00;9.95;345.00;-3.46;0
65;stronghold_network;3370.00;13.75;312.00;3.86;0
65;dockyard;3446.00;10.40;381.00;1.46;0
65;anti_air_building;3444.00;10.53;431.00;4.66;0
65;anti_air_building;3427.00;10.85;359.00;0.06;0
65;anti_air_building;3446.00;10.55;425.00;3.93;0
65;synthetic_refinery;3412.00;12.50;352.00;1.79;0
65;fuel_silo;3444.00;10.53;391.00;2.49;0
65;radar_station;3400.00;13.55;355.00;2.16;0
65;nuclear_reactor_spawn;3364.00;14.25;332.00;0.68;0
65;special_project_facility_spawn;3354.00;14.20;348.00;5.33;0
65;special_project_facility_spawn;3436.00;11.15;394.00;0.96;0
65;special_project_facility_spawn;3417.00;11.98;362.00;2.90;0
65;special_project_facility_spawn;3377.00;13.20;376.00;1.05;0
65;special_project_facility_spawn;3403.00;12.00;389.00;2.98;0
65;special_project_facility_spawn;3398.00;13.40;319.00;0.34;0
65;special_project_facility_spawn;3453.00;10.50;341.00;0.19;0
65;special_project_facility_spawn;3435.00;11.35;416.00;5.52;0
65;special_project_facility_spawn;3425.00;11.45;325.00;3.61;0
65;special_project_facility_spawn;3433.00;11.88;301.00;3.61;0
65;special_project_facility_spawn;3456.00;10.95;333.00;3.37;0
65;special_project_facility_spawn;3422.00;12.40;416.00;0.90;0
65;special_project_facility_spawn;3450.00;11.43;280.00;4.26;0
65;special_project_facility_spawn;3454.00;10.57;346.00;0.16;0
65;special_project_facility_spawn;3436.00;10.50;434.00;4.00;0
65;naval_base_spawn;3464.00;10.40;328.00;0.79;4256
65;naval_base_spawn;3461.00;10.53;285.00;-3.70;4256
65;naval_base_spawn;3455.00;10.30;406.00;-4.51;3822
65;naval_base_spawn;3444.00;10.35;368.00;1.46;4571
65;naval_base_spawn;3454.00;10.30;353.00;-2.68;4571
65;naval_base_spawn;3438.00;10.30;439.00;-3.93;3822
65;naval_base_spawn;3453.00;10.45;296.00;-4.07;4256
65;naval_base_spawn;3442.00;10.30;344.00;-3.46;4571
65;naval_base_spawn;3446.00;10.30;383.00;1.35;4571
65;floating_harbor;3454.83;9.50;385.48;-1.79;275
65;floating_harbor;3459.86;9.50;413.37;-1.37;1096
65;floating_harbor;3456.60;9.50;309.20;-0.93;1194
65;floating_harbor;3446.95;9.50;442.95;-0.79;1316
65;floating_harbor;3441.21;9.50;350.64;-0.32;1836
65;floating_harbor;3445.96;9.50;364.23;-1.68;1885
65;floating_harbor;3448.87;9.50;356.26;0.46;3137
65;floating_harbor;3466.95;9.50;320.05;-2.36;3139
65;floating_harbor;3466.71;9.50;291.94;-0.56;3144
66;arms_factory;4307.00;12.70;450.00;3.54;0
66;arms_factory;4248.00;12.40;273.00;3.23;0
66;arms_factory;4204.00;12.78;336.00;2.86;0
66;arms_factory;4241.00;12.90;279.00;1.62;0
66;arms_factory;4270.00;13.00;404.00;1.39;0
66;arms_factory;4321.00;11.10;420.00;5.79;0
66;industrial_complex;4333.00;10.70;499.00;5.91;0
66;industrial_complex;4311.00;12.20;309.00;4.93;0
66;industrial_complex;4190.00;11.10;244.00;4.62;0
66;industrial_complex;4253.00;13.57;377.00;2.37;0
66;industrial_complex;4349.00;11.10;295.00;4.71;0
66;industrial_complex;4271.00;15.32;335.00;0.21;0
66;air_base;4278.00;12.10;251.00;5.55;0
66;supply_node;4251.00;12.20;259.00;3.76;0
66;supply_node;4325.00;11.80;338.00;0.41;0
66;supply_node;4313.00;11.30;287.00;2.56;0
66;supply_node;4254.00;14.50;368.00;3.58;0
66;supply_node;4322.00;11.85;442.00;1.66;0
66;supply_node;4274.00;14.80;324.00;1.36;0
66;supply_node;4224.00;13.10;288.00;0.21;0
66;supply_node;4178.00;11.70;288.00;1.48;0
66;supply_node;4153.00;11.98;255.00;1.97;0
66;supply_node;4222.00;14.68;328.00;1.62;0
66;supply_node;4196.00;10.60;232.00;1.58;0
66;supply_node;4290.00;11.85;242.00;5.23;0
66;supply_node;4301.00;11.65;477.00;2.45;0
66;supply_node;4276.00;12.75;412.00;5.07;0
66;supply_node;4238.00;10.75;234.00;5.57;0
66;supply_node;4348.00;11.05;303.00;5.45;0
66;supply_node;4335.00;11.00;268.00;2.17;0
66;supply_node;4311.00;12.25;380.00;5.35;0
66;supply_node;4343.00;11.40;493.00;5.89;0
66;supply_node;4279.00;11.95;285.00;1.21;0
66;supply_node;4198.00;11.75;258.00;4.57;0
66;bunker;4265.00;13.10;400.00;1.13;0
66;bunker;4246.00;15.05;365.00;3.31;0
66;bunker;4246.00;15.20;313.00;5.70;0
66;bunker;4312.00;10.90;488.00;3.50;0
66;bunker;4315.00;11.15;425.00;3.59;0
66;bunker;4270.00;13.05;290.00;4.66;0
66;bunker;4306.00;10.80;409.00;2.80;0
66;bunker;4319.00;12.38;331.00;3.00;0
66;bunker;4191.00;10.57;234.00;4.30;0
66;bunker;4308.00;11.65;291.00;4.57;0
66;bunker;4234.00;12.95;280.00;4.32;0
66;bunker;4254.00;14.30;304.00;2.71;0
66;bunker;4192.00;11.75;254.00;3.32;0
66;bunker;4165.00;12.30;269.00;2.85;0
66;bunker;4228.00;10.95;257.00;4.37;0
66;bunker;4331.00;11.30;277.00;5.38;0
66;bunker;4230.00;11.10;242.00;3.86;0
66;bunker;4345.00;11.20;284.00;3.14;0
66;bunker;4359.00;11.65;487.00;4.66;0
66;bunker;4168.00;11.95;256.00;0.06;0
66;bunker;4307.00;10.70;236.00;3.93;0
66;coastal_bunker;4293.00;9.60;495.00;-2.68;0
66;coastal_bunker;4353.00;10.45;269.00;0.46;0
66;coastal_bunker;4322.00;10.45;500.00;-1.95;0
66;coastal_bunker;4196.00;9.60;222.00;0.00;0
66;coastal_bunker;4291.00;9.60;213.00;0.36;0
66;coastal_bunker;4155.00;10.00;237.00;0.37;0
66;coastal_bunker;4228.00;9.50;226.00;-0.62;0
66;stronghold_network;4259.00;13.60;289.00;1.05;0
66;dockyard;4282.00;9.60;484.00;-2.68;0
66;anti_air_building;4313.00;13.55;357.00;0.34;0
66;anti_air_building;4250.00;11.60;397.00;0.19;0
66;anti_air_building;4167.00;12.50;284.00;5.52;0
66;synthetic_refinery;4199.00;11.60;254.00;3.61;0
66;fuel_silo;4316.00;10.70;492.00;3.61;0
66;radar_station;4250.00;13.45;372.00;5.52;0
66;nuclear_reactor_spawn;4283.00;12.35;418.00;0.90;0
66;special_project_facility_spawn;4308.00;13.28;331.00;4.26;0
66;special_project_facility_spawn;4334.00;11.95;475.00;0.16;0
66;special_project_facility_spawn;4228.00;15.55;327.00;4.00;0
66;special_project_facility_spawn;4243.00;12.85;285.00;1.18;0
66;special_project_facility_spawn;4288.00;11.55;286.00;2.10;0
66;special_project_facility_spawn;4280.00;11.95;253.00;2.27;0
66;special_project_facility_spawn;4330.00;11.60;440.00;3.46;0
66;special_project_facility_spawn;4292.00;12.28;465.00;0.09;0
66;special_project_facility_spawn;4299.00;11.18;282.00;2.78;0
66;special_project_facility_spawn;4194.00;12.10;306.00;4.45;0
66;special_project_facility_spawn;4336.00;11.43;296.00;2.19;0
66;special_project_facility_spawn;4271.00;13.40;393.00;1.46;0
66;special_project_facility_spawn;4242.00;11.45;258.00;0.45;0
66;special_project_facility_spawn;4150.00;12.60;264.00;4.12;0
66;special_project_facility_spawn;4253.00;15.55;326.00;3.63;0
66;special_project_facility_spawn;4188.00;11.18;247.00;4.64;0
66;special_project_facility_spawn;4304.00;12.18;383.00;1.99;0
66;special_project_facility_spawn;4199.00;10.85;235.00;0.07;0
66;special_project_facility_spawn;4262.00;15.60;350.00;1.87;0
66;special_project_facility_spawn;4240.00;11.25;242.00;1.88;0
66;special_project_facility_spawn;4341.00;11.12;274.00;6.10;0
66;naval_base_spawn;4357.00;9.60;269.00;0.46;4332
66;naval_base_spawn;4257.00;9.60;224.00;1.14;3586
66;naval_base_spawn;4314.00;10.00;240.00;0.36;3586
66;naval_base_spawn;4333.00;10.30;506.00;-3.23;3442
66;naval_base_spawn;4293.00;10.00;492.00;-2.68;3565
66;naval_base_spawn;4203.00;9.60;220.00;0.00;4078
66;naval_base_spawn;4163.00;9.60;238.00;0.37;4078
66;floating_harbor;4162.54;9.50;230.48;-2.77;787
66;floating_harbor;4196.00;9.50;219.00;-3.14;966
66;floating_harbor;4298.46;9.50;219.45;-2.78;1034
66;floating_harbor;4290.87;9.50;497.26;0.46;1413
66;floating_harbor;4228.93;9.50;221.30;-3.76;1530
66;floating_harbor;4341.13;9.50;255.74;-2.68;1595
66;floating_harbor;4345.61;9.50;522.97;-0.09;2202
67;arms_factory;4507.00;11.25;353.00;2.86;0
67;arms_factory;4482.00;11.80;438.00;1.62;0
67;arms_factory;4382.00;13.00;492.00;1.39;0
67;arms_factory;4407.00;13.00;501.00;5.79;0
67;arms_factory;4476.00;11.50;340.00;5.91;0
67;arms_factory;4370.00;11.85;378.00;4.93;0
67;industrial_complex;4455.00;12.60;385.00;4.62;0
67;industrial_complex;4422.00;12.88;370.00;2.37;0
67;industrial_complex;4477.00;12.25;433.00;4.71;0
67;industrial_complex;4442.00;12.05;444.00;0.21;0
67;industrial_complex;4379.00;11.40;350.00;5.55;0
67;industrial_complex;4370.00;12.35;434.00;3.20;0
67;air_base;4521.00;12.80;386.00;4.69;0
67;supply_node;4377.00;12.20;505.00;2.56;0
67;supply_node;4431.00;12.65;361.00;3.58;0
67;supply_node;4475.00;12.53;422.00;1.66;0
67;supply_node;4372.00;12.80;458.00;1.36;0
67;supply_node;4383.00;10.70;319.00;0.21;0
67;supply_node;4379.00;12.28;361.00;1.48;0
67;supply_node;4384.00;10.10;280.00;1.97;0
67;supply_node;4430.00;14.55;457.00;1.62;0
67;supply_node;4520.00;11.60;361.00;1.58;0
67;supply_node;4463.00;10.60;325.00;5.23;0
67;supply_node;4357.00;10.20;406.00;2.45;0
67;supply_node;4400.00;12.70;417.00;5.07;0
67;supply_node;4493.00;13.65;383.00;5.57;0
67;supply_node;4428.00;10.55;329.00;5.45;0
67;supply_node;4409.00;13.45;492.00;2.17;0
67;supply_node;4436.00;12.75;400.00;5.35;0
67;supply_node;4467.00;12.70;359.00;5.89;0
67;supply_node;4494.00;10.82;342.00;1.21;0
67;supply_node;4405.00;10.30;287.00;4.57;0
67;bunker;4391.00;10.55;324.00;1.13;0
67;bunker;4453.00;12.50;350.00;3.31;0
67;bunker;4376.00;12.53;490.00;5.70;0
67;bunker;4395.00;13.75;378.00;3.50;0
67;bunker;4494.00;13.12;423.00;3.59;0
67;bunker;4440.00;15.05;464.00;4.66;0
67;bunker;4352.00;11.20;397.00;2.80;0
67;bunker;4396.00;13.70;389.00;3.00;0
67;bunker;4485.00;13.40;372.00;4.30;0
67;bunker;4443.00;12.65;401.00;4.57;0
67;bunker;4485.00;10.70;339.00;4.32;0
67;bunker;4447.00;13.10;371.00;2.71;0
67;bunker;4451.00;11.35;332.00;3.32;0
67;bunker;4416.00;14.57;476.00;2.85;0
67;bunker;4354.00;11.70;463.00;4.37;0
67;bunker;4400.00;10.25;301.00;5.38;0
67;bunker;4511.00;12.10;367.00;3.86;0
67;bunker;4410.00;10.75;329.00;3.14;0
67;bunker;4365.00;10.57;286.00;4.66;0
67;coastal_bunker;4409.00;10.20;322.00;0.18;0
67;coastal_bunker;4519.00;9.95;346.00;0.07;0
67;coastal_bunker;4405.00;10.10;314.00;1.35;0
67;coastal_bunker;4507.00;9.60;337.00;0.64;0
67;coastal_bunker;4461.00;10.20;314.00;0.29;0
67;coastal_bunker;4407.00;10.15;269.00;0.34;0
67;coastal_bunker;4398.00;10.30;261.00;0.10;0
67;coastal_bunker;4387.00;10.30;528.00;-2.90;0
67;stronghold_network;4405.00;14.23;457.00;2.90;0
67;dockyard;4437.00;9.50;316.00;0.18;0
67;anti_air_building;4465.00;11.93;340.00;2.98;0
67;anti_air_building;4434.00;12.80;382.00;0.34;0
67;anti_air_building;4415.00;12.85;359.00;0.19;0
67;synthetic_refinery;4433.00;12.60;369.00;5.52;0
67;fuel_silo;4401.00;13.62;408.00;3.61;0
67;radar_station;4434.00;12.45;392.00;0.93;0
67;nuclear_reactor_spawn;4479.00;12.20;358.00;3.37;0
67;special_project_facility_spawn;4435.00;12.30;422.00;0.90;0
67;special_project_facility_spawn;4433.00;12.35;355.00;4.26;0
67;special_project_facility_spawn;4487.00;10.30;325.00;0.16;0
67;special_project_facility_spawn;4363.00;11.70;341.00;4.00;0
67;special_project_facility_spawn;4422.00;11.45;337.00;1.18;0
67;special_project_facility_spawn;4383.00;10.88;297.00;2.10;0
67;special_project_facility_spawn;4411.00;12.75;443.00;2.27;0
67;special_project_facility_spawn;4397.00;14.48;468.00;3.46;0
67;special_project_facility_spawn;4472.00;11.00;329.00;0.09;0
67;special_project_facility_spawn;4446.00;14.25;468.00;2.78;0
67;special_project_facility_spawn;4353.00;11.28;396.00;4.45;0
67;special_project_facility_spawn;4385.00;13.10;491.00;2.19;0
67;special_project_facility_spawn;4496.00;13.30;379.00;1.46;0
67;special_project_facility_spawn;4494.00;13.10;425.00;0.45;0
67;special_project_facility_spawn;4466.00;12.40;352.00;4.12;0
67;special_project_facility_spawn;4394.00;10.30;283.00;3.63;0
67;special_project_facility_spawn;4405.00;12.60;511.00;4.64;0
67;special_project_facility_spawn;4411.00;10.30;283.00;1.99;0
67;special_project_facility_spawn;4511.00;10.75;347.00;0.07;0
67;naval_base_spawn;4405.00;9.60;264.00;0.34;4332
67;naval_base_spawn;4389.00;10.30;261.00;0.10;4332
67;naval_base_spawn;4532.00;9.60;350.00;0.92;4574
67;naval_base_spawn;4435.00;9.95;324.00;0.18;3945
67;naval_base_spawn;4473.00;10.30;322.00;0.29;3945
67;naval_base_spawn;4494.00;10.20;334.00;0.64;3945
67;naval_base_spawn;4375.00;10.30;524.00;-2.90;3442
67;naval_base_spawn;4408.00;9.80;319.00;1.35;3945
67;floating_harbor;4370.30;9.50;531.79;0.24;17
67;floating_harbor;4411.83;9.50;312.45;-1.79;239
67;floating_harbor;4385.70;9.50;263.03;-3.04;277
67;floating_harbor;4521.47;9.50;339.02;-3.07;668
67;floating_harbor;4468.01;9.50;308.30;-2.85;725
67;floating_harbor;4431.25;9.50;311.11;-2.96;2303
67;floating_harbor;4504.20;9.50;328.40;-2.50;3138
67;floating_harbor;4412.47;9.50;300.08;-0.52;3143
69;arms_factory;3353.00;12.50;521.00;5.91;0
69;arms_factory;3402.00;11.95;498.00;4.93;0
69;arms_factory;3417.00;11.15;505.00;4.62;0
69;arms_factory;3338.00;11.95;502.00;2.37;0
69;arms_factory;3343.00;11.80;497.00;4.71;0
69;arms_factory;3400.00;11.98;507.00;0.21;0
69;industrial_complex;3403.00;11.35;545.00;5.55;0
69;industrial_complex;3358.00;12.53;516.00;3.20;0
69;industrial_complex;3355.00;12.55;527.00;4.69;0
69;industrial_complex;3336.00;12.50;520.00;5.90;0
69;industrial_complex;3333.00;10.55;563.00;4.84;0
69;industrial_complex;3404.00;11.65;530.00;3.53;0
69;air_base;3390.00;11.50;478.00;0.52;0
69;supply_node;3387.00;10.90;547.00;0.21;0
69;supply_node;3434.00;12.95;551.00;1.48;0
69;supply_node;3379.00;11.45;525.00;1.97;0
69;supply_node;3417.00;11.95;522.00;1.62;0
69;supply_node;3424.00;10.85;503.00;1.58;0
69;supply_node;3409.00;11.20;568.00;5.23;0
69;supply_node;3442.00;11.90;526.00;2.45;0
69;supply_node;3397.00;12.05;509.00;5.07;0
69;supply_node;3333.00;11.10;549.00;5.57;0
69;supply_node;3348.00;12.38;506.00;5.45;0
69;supply_node;3304.00;10.85;539.00;2.17;0
69;supply_node;3324.00;12.70;519.00;5.35;0
69;supply_node;3386.00;11.50;480.00;5.89;0
69;supply_node;3356.00;11.40;538.00;1.21;0
69;supply_node;3350.00;10.82;566.00;4.57;0
69;supply_node;3372.00;11.70;499.00;5.10;0
69;supply_node;3409.00;12.23;543.00;3.34;0
69;supply_node;3408.00;11.10;485.00;3.51;0
69;supply_node;3419.00;10.35;465.00;4.30;0
69;bunker;3343.00;11.48;555.00;3.59;0
69;bunker;3355.00;11.12;543.00;4.66;0
69;bunker;3375.00;11.80;513.00;2.80;0
69;bunker;3421.00;12.55;551.00;3.00;0
69;bunker;3406.00;11.70;544.00;4.30;0
69;bunker;3304.00;10.82;540.00;4.57;0
69;bunker;3333.00;12.70;517.00;4.32;0
69;bunker;3377.00;11.65;487.00;2.71;0
69;bunker;3352.00;12.57;516.00;3.32;0
69;bunker;3416.00;11.85;562.00;2.85;0
69;bunker;3400.00;12.10;501.00;4.37;0
69;bunker;3385.00;10.90;548.00;5.38;0
69;bunker;3423.00;11.95;526.00;3.86;0
69;bunker;3413.00;10.60;467.00;3.14;0
69;bunker;3449.00;10.95;519.00;4.66;0
69;bunker;3386.00;11.30;533.00;0.06;0
69;bunker;3339.00;10.57;567.00;3.93;0
69;bunker;3414.00;11.05;497.00;1.79;0
69;bunker;3430.00;10.57;504.00;2.49;0
69;coastal_bunker;3330.00;9.60;562.00;-2.57;0
69;coastal_bunker;3300.00;10.20;553.00;-3.00;0
69;coastal_bunker;3419.00;9.95;488.00;-4.63;0
69;coastal_bunker;3427.00;10.30;495.00;1.21;0
69;coastal_bunker;3360.00;10.45;551.00;-3.42;0
69;coastal_bunker;3402.00;9.60;575.00;-2.50;0
69;coastal_bunker;3342.00;10.30;570.00;-2.08;0
69;coastal_bunker;3424.00;10.25;463.00;-4.17;0
69;coastal_bunker;3457.00;9.60;521.00;0.63;0
69;coastal_bunker;3381.00;10.40;553.00;-2.63;0
69;stronghold_network;3415.00;10.50;472.00;3.61;0
69;dockyard;3422.00;10.15;475.00;-4.17;0
69;anti_air_building;3317.00;13.00;516.00;3.37;0
69;anti_air_building;3430.00;12.28;528.00;0.90;0
69;anti_air_building;3338.00;10.57;566.00;4.26;0
69;synthetic_refinery;3317.00;12.90;518.00;0.16;0
69;fuel_silo;3448.00;10.55;514.00;4.00;0
69;radar_station;3375.00;11.80;523.00;2.53;0
69;nuclear_reactor_spawn;3394.00;11.00;543.00;2.10;0
69;special_project_facility_spawn;3409.00;12.40;546.00;2.27;0
69;special_project_facility_spawn;3359.00;10.65;548.00;3.46;0
69;special_project_facility_spawn;3367.00;12.05;491.00;0.09;0
69;special_project_facility_spawn;3298.00;10.95;535.00;2.78;0
69;special_project_facility_spawn;3409.00;11.15;496.00;4.45;0
69;special_project_facility_spawn;3386.00;11.40;471.00;2.19;0
69;special_project_facility_spawn;3396.00;12.20;497.00;1.46;0
69;special_project_facility_spawn;3403.00;11.12;557.00;0.45;0
69;special_project_facility_spawn;3311.00;12.45;521.00;4.12;0
69;special_project_facility_spawn;3339.00;11.18;551.00;3.63;0
69;special_project_facility_spawn;3349.00;12.10;493.00;4.64;0
69;special_project_facility_spawn;3392.00;10.75;551.00;1.99;0
69;special_project_facility_spawn;3369.00;11.60;536.00;0.07;0
69;special_project_facility_spawn;3424.00;11.00;505.00;1.87;0
69;special_project_facility_spawn;3436.00;12.88;558.00;1.88;0
69;special_project_facility_spawn;3419.00;12.25;530.00;6.10;0
69;special_project_facility_spawn;3438.00;12.28;534.00;0.53;0
69;special_project_facility_spawn;3418.00;10.50;464.00;0.79;0
69;special_project_facility_spawn;3349.00;10.57;573.00;4.05;0
69;naval_base_spawn;3334.00;10.00;568.00;-2.57;3948
69;naval_base_spawn;3446.00;10.35;512.00;0.63;4237
69;naval_base_spawn;3354.00;10.45;553.00;-3.42;4115
69;naval_base_spawn;3347.00;10.00;574.00;-4.17;4115
69;naval_base_spawn;3422.00;10.20;489.00;-4.63;4237
69;naval_base_spawn;3427.00;9.95;494.00;1.21;4237
69;naval_base_spawn;3430.00;9.85;457.00;-4.17;3822
69;naval_base_spawn;3408.00;10.00;578.00;-2.50;4115
69;naval_base_spawn;3378.00;10.40;553.00;-2.63;4115
69;naval_base_spawn;3309.00;10.20;553.00;-3.00;3948
69;floating_harbor;3378.60;9.50;562.12;0.51;320
69;floating_harbor;3438.55;9.50;497.54;-1.93;681
69;floating_harbor;3398.80;9.50;581.60;0.64;708
69;floating_harbor;3454.12;9.50;509.34;-2.51;917
69;floating_harbor;3322.24;9.50;565.91;0.57;1359
69;floating_harbor;3301.01;9.50;559.93;0.14;1592
69;floating_harbor;3361.92;9.50;558.73;-0.28;2064
69;floating_harbor;3361.00;9.50;572.60;-1.03;2113
69;floating_harbor;3426.98;9.50;486.58;-1.49;3114
69;floating_harbor;3430.00;9.50;471.60;-1.03;3119
70;arms_factory;3303.00;13.40;465.00;4.62;0
70;arms_factory;3278.00;14.23;462.00;2.37;0
70;arms_factory;3282.00;14.23;440.00;4.71;0
70;arms_factory;3377.00;11.90;454.00;0.21;0
70;arms_factory;3265.00;16.48;415.00;5.55;0
70;arms_factory;3365.00;12.35;456.00;3.20;0
70;industrial_complex;3287.00;16.00;414.00;4.69;0
70;industrial_complex;3291.00;15.85;415.00;5.90;0
70;industrial_complex;3293.00;15.15;411.00;4.84;0
70;industrial_complex;3283.00;13.68;500.00;3.53;0
70;industrial_complex;3210.00;10.90;524.00;0.52;0
70;industrial_complex;3324.00;11.93;494.00;5.94;0
70;air_base;3329.00;13.00;357.00;0.40;0
70;supply_node;3350.00;12.78;376.00;1.97;0
70;supply_node;3316.00;14.55;433.00;1.62;0
70;supply_node;3309.00;12.90;378.00;1.58;0
70;supply_node;3308.00;14.00;497.00;5.23;0
70;supply_node;3260.00;13.68;511.00;2.45;0
70;supply_node;3360.00;12.57;460.00;5.07;0
70;supply_node;3417.00;10.85;443.00;5.57;0
70;supply_node;3213.00;11.10;535.00;5.45;0
70;supply_node;3282.00;14.00;463.00;2.17;0
70;supply_node;3240.00;11.50;526.00;5.35;0
70;supply_node;3278.00;10.88;539.00;5.89;0
70;supply_node;3365.00;12.23;422.00;1.21;0
70;supply_node;3245.00;13.93;481.00;4.57;0
70;supply_node;3278.00;16.20;418.00;5.10;0
70;supply_node;3326.00;11.20;472.00;3.34;0
70;supply_node;3396.00;12.23;452.00;3.51;0
70;supply_node;3260.00;10.55;543.00;4.30;0
70;supply_node;3288.00;11.93;518.00;3.78;0
70;supply_node;3280.00;13.95;495.00;0.35;0
70;bunker;3250.00;11.05;536.00;2.80;0
70;bunker;3412.00;11.25;448.00;3.00;0
70;bunker;3316.00;12.25;487.00;4.30;0
70;bunker;3368.00;11.20;471.00;4.57;0
70;bunker;3254.00;14.60;494.00;4.32;0
70;bunker;3282.00;16.00;418.00;2.71;0
70;bunker;3355.00;12.88;438.00;3.32;0
70;bunker;3408.00;11.12;460.00;2.85;0
70;bunker;3322.00;11.60;475.00;4.37;0
70;bunker;3308.00;15.35;422.00;5.38;0
70;bunker;3359.00;13.20;363.00;3.86;0
70;bunker;3316.00;13.55;398.00;3.14;0
70;bunker;3300.00;13.35;460.00;4.66;0
70;bunker;3261.00;10.10;549.00;0.06;0
70;bunker;3271.00;14.75;493.00;3.93;0
70;bunker;3279.00;12.75;515.00;1.79;0
70;bunker;3217.00;11.05;536.00;2.49;0
70;bunker;3270.00;12.00;523.00;4.84;0
70;bunker;3278.00;10.65;545.00;0.68;0
70;coastal_bunker;3218.00;9.95;550.00;-3.55;0
70;coastal_bunker;3253.00;10.20;546.00;-2.36;0
70;coastal_bunker;3438.00;10.15;447.00;-4.22;0
70;coastal_bunker;3235.00;10.20;543.00;-3.14;0
70;coastal_bunker;3278.00;10.20;551.00;-3.37;0
70;stronghold_network;3370.00;12.23;433.00;0.34;0
70;dockyard;3214.00;10.25;550.00;-3.55;0
70;anti_air_building;3353.00;11.15;405.00;5.52;0
70;anti_air_building;3369.00;13.25;368.00;3.61;0
70;anti_air_building;3246.00;12.20;521.00;3.61;0
70;synthetic_refinery;3317.00;12.18;482.00;3.37;0
70;fuel_silo;3232.00;13.62;478.00;0.90;0
70;radar_station;3320.00;13.93;450.00;3.17;0
70;nuclear_reactor_spawn;3424.00;10.88;433.00;0.16;0
70;special_project_facility_spawn;3270.00;11.30;532.00;4.00;0
70;special_project_facility_spawn;3291.00;11.95;521.00;1.18;0
70;special_project_facility_spawn;3370.00;11.90;462.00;2.10;0
70;special_project_facility_spawn;3257.00;13.98;468.00;2.27;0
70;special_project_facility_spawn;3247.00;10.70;541.00;3.46;0
70;special_project_facility_spawn;3326.00;13.07;411.00;0.09;0
70;special_project_facility_spawn;3302.00;13.55;389.00;2.78;0
70;special_project_facility_spawn;3306.00;13.10;475.00;4.45;0
70;special_project_facility_spawn;3365.00;13.05;380.00;2.19;0
70;special_project_facility_spawn;3404.00;11.85;447.00;1.46;0
70;special_project_facility_spawn;3369.00;12.35;415.00;0.45;0
70;special_project_facility_spawn;3300.00;15.05;412.00;4.12;0
70;special_project_facility_spawn;3261.00;14.55;495.00;3.63;0
70;special_project_facility_spawn;3219.00;11.40;524.00;4.64;0
70;special_project_facility_spawn;3291.00;12.65;459.00;1.99;0
70;special_project_facility_spawn;3303.00;14.25;500.00;0.07;0
70;special_project_facility_spawn;3269.00;15.05;486.00;1.87;0
70;special_project_facility_spawn;3415.00;10.90;440.00;1.88;0
70;special_project_facility_spawn;3255.00;10.55;543.00;6.10;0
70;naval_base_spawn;3218.00;10.35;549.00;-3.55;3729
70;naval_base_spawn;3258.00;10.20;546.00;-2.36;3729
70;naval_base_spawn;3242.00;10.20;544.00;-3.14;3729
70;naval_base_spawn;3430.00;10.25;447.00;-4.22;3822
70;naval_base_spawn;3272.00;10.30;550.00;-3.37;3948
70;floating_harbor;3436.16;9.50;453.32;-1.08;650
70;floating_harbor;3221.76;9.50;555.43;-0.40;768
70;floating_harbor;3240.00;9.50;552.00;0.00;998
70;floating_harbor;3282.57;9.50;558.82;-0.23;1007
70;floating_harbor;3250.05;9.50;552.95;0.79;3098
71;arms_factory;4519.00;10.57;517.00;4.71;0
71;arms_factory;4599.00;11.43;534.00;0.21;0
71;arms_factory;4509.00;10.50;511.00;5.55;0
71;arms_factory;4661.00;10.55;511.00;3.20;0
71;arms_factory;4624.00;10.88;448.00;4.69;0
71;arms_factory;4616.00;11.05;436.00;5.90;0
71;industrial_complex;4634.00;10.40;497.00;4.84;0
71;industrial_complex;4599.00;11.10;491.00;3.53;0
71;industrial_complex;4612.00;10.95;433.00;0.52;0
71;industrial_complex;4595.00;11.15;523.00;5.94;0
71;industrial_complex;4610.00;10.57;425.00;0.40;0
71;industrial_complex;4625.00;10.80;439.00;3.58;0
71;air_base;4588.00;12.60;470.00;3.25;0
71;supply_node;4558.00;12.50;489.00;1.58;0
71;supply_node;4609.00;11.80;530.00;5.23;0
71;supply_node;4602.00;11.90;444.00;2.45;0
71;supply_node;4658.00;10.90;517.00;5.07;0
71;supply_node;4520.00;10.60;512.00;5.57;0
71;supply_node;4605.00;11.10;489.00;5.45;0
71;supply_node;4630.00;10.60;446.00;2.17;0
71;supply_node;4639.00;10.55;499.00;5.35;0
71;bunker;4649.00;10.50;492.00;1.21;0
71;bunker;4535.00;10.60;505.00;4.49;0
71;bunker;4552.00;11.65;497.00;3.42;0
71;bunker;4646.00;10.95;511.00;1.13;0
71;bunker;4614.00;11.95;533.00;3.31;0
71;bunker;4607.00;10.90;472.00;5.70;0
71;bunker;4626.00;10.70;438.00;3.50;0
71;bunker;4611.00;10.53;425.00;3.59;0
71;coastal_bunker;4651.00;9.95;488.00;0.62;0
71;coastal_bunker;4645.00;10.25;444.00;-3.73;0
71;coastal_bunker;4627.00;10.20;479.00;1.26;0
71;coastal_bunker;4669.00;10.15;537.00;-4.39;0
71;coastal_bunker;4614.00;10.30;421.00;0.55;0
71;stronghold_network;4598.00;10.80;421.00;4.32;0
71;dockyard;4641.00;9.60;487.00;0.62;0
71;anti_air_building;4607.00;11.45;510.00;3.32;0
71;anti_air_building;4528.00;10.30;522.00;2.85;0
71;anti_air_building;4615.00;11.10;501.00;4.37;0
71;synthetic_refinery;4543.00;10.55;500.00;5.38;0
71;fuel_silo;4586.00;12.25;450.00;3.86;0
71;radar_station;4593.00;11.53;487.00;5.89;0
71;nuclear_reactor_spawn;4632.00;10.60;499.00;4.66;0
71;special_project_facility_spawn;4542.00;12.15;477.00;0.06;0
71;special_project_facility_spawn;4531.00;10.50;528.00;3.93;0
71;special_project_facility_spawn;4595.00;11.05;518.00;1.79;0
71;special_project_facility_spawn;4652.00;11.25;519.00;2.49;0
71;special_project_facility_spawn;4589.00;11.10;503.00;4.84;0
71;special_project_facility_spawn;4607.00;11.50;463.00;0.68;0
71;special_project_facility_spawn;4643.00;10.50;493.00;5.33;0
71;special_project_facility_spawn;4640.00;10.30;443.00;0.96;0
71;naval_base_spawn;4666.00;9.60;507.00;0.90;3848
71;naval_base_spawn;4627.00;10.30;493.00;1.26;3848
71;naval_base_spawn;4653.00;9.60;495.00;0.62;3848
71;naval_base_spawn;4640.00;10.30;449.00;-3.73;3848
71;naval_base_spawn;4612.00;10.25;418.00;0.55;4381
71;floating_harbor;4619.64;9.50;415.02;-2.59;109
71;floating_harbor;4679.64;9.50;524.21;-1.25;613
71;floating_harbor;4633.67;9.50;479.88;-1.88;1036
71;floating_harbor;4639.88;9.50;460.82;-0.59;1879
71;floating_harbor;4691.00;9.50;467.00;-2.06;3115
76;arms_factory;2791.00;11.00;998.00;0.40;0
76;arms_factory;2746.00;12.28;1023.00;3.58;0
76;arms_factory;2760.00;14.15;1049.00;3.25;0
76;arms_factory;2779.00;15.70;1092.00;3.71;0
76;arms_factory;2732.00;11.98;1033.00;0.89;0
76;arms_factory;2875.00;10.30;993.00;4.79;0
76;industrial_complex;2727.00;11.60;1002.00;1.17;0
76;industrial_complex;2742.00;12.20;1036.00;0.61;0
76;industrial_complex;2728.00;11.80;1031.00;3.14;0
76;industrial_complex;2890.00;10.88;1029.00;5.82;0
76;industrial_complex;2777.00;15.95;1097.00;4.23;0
76;industrial_complex;2812.00;12.40;1011.00;1.21;0
76;air_base;2882.00;10.35;933.00;4.49;0
76;supply_node;2865.00;10.75;1011.00;4.57;0
76;supply_node;2798.00;15.50;1088.00;5.10;0
76;supply_node;2794.00;10.30;984.00;3.34;0
76;supply_node;2740.00;11.60;992.00;3.51;0
76;supply_node;2831.00;12.57;1024.00;4.30;0
76;supply_node;2787.00;11.60;1003.00;3.78;0
76;supply_node;2737.00;10.50;969.00;0.35;0
76;supply_node;2733.00;11.93;1025.00;2.78;0
76;supply_node;2717.00;11.45;997.00;2.66;0
76;supply_node;2701.00;10.90;1004.00;1.81;0
76;supply_node;2754.00;11.12;977.00;2.20;0
76;supply_node;2786.00;14.00;1057.00;0.19;0
76;supply_node;2824.00;10.50;985.00;2.79;0
76;supply_node;2720.00;10.65;982.00;1.85;0
76;supply_node;2823.00;12.25;1006.00;4.88;0
76;supply_node;2893.00;10.82;989.00;1.92;0
76;supply_node;2770.00;12.70;1019.00;4.54;0
76;supply_node;2775.00;15.85;1092.00;1.77;0
76;supply_node;2756.00;13.75;1056.00;5.89;0
76;supply_node;2858.00;10.82;1051.00;3.29;0
76;supply_node;2889.00;10.55;931.00;5.45;0
76;supply_node;2896.00;10.55;1025.00;6.16;0
76;supply_node;2803.00;13.05;1037.00;2.59;0
76;supply_node;2807.00;13.10;1054.00;4.78;0
76;supply_node;2875.00;11.70;1062.00;2.16;0
76;supply_node;2816.00;13.40;1074.00;3.46;0
76;supply_node;2759.00;11.85;1003.00;0.13;0
76;supply_node;2850.00;10.30;998.00;2.88;0
76;supply_node;2861.00;11.48;1028.00;4.55;0
76;supply_node;2918.00;10.90;1000.00;2.25;0
76;supply_node;2882.00;10.40;1003.00;4.27;0
76;supply_node;2793.00;12.70;1021.00;5.32;0
76;supply_node;2883.00;10.50;968.00;2.40;0
76;supply_node;2763.00;13.80;1036.00;5.87;0
76;supply_node;2880.00;10.70;1029.00;3.29;0
76;supply_node;2773.00;10.75;993.00;0.93;0
76;supply_node;2807.00;10.90;993.00;5.52;0
76;supply_node;2841.00;11.60;1012.00;6.25;0
76;supply_node;2874.00;10.40;1044.00;3.17;0
76;supply_node;2772.00;10.55;978.00;3.34;0
76;supply_node;2784.00;13.50;1038.00;5.13;0
76;supply_node;2756.00;10.45;960.00;2.53;0
76;supply_node;2832.00;12.90;1064.00;3.21;0
76;supply_node;2781.00;14.60;1076.00;0.64;0
76;supply_node;2845.00;11.95;1032.00;5.74;0
76;supply_node;2798.00;13.68;1071.00;2.29;0
76;supply_node;2848.00;11.75;1067.00;1.34;0
76;supply_node;2767.00;14.00;1066.00;2.19;0
76;supply_node;2772.00;14.00;1050.00;1.33;0
76;supply_node;2824.00;13.12;1050.00;4.44;0
76;supply_node;2841.00;12.05;1049.00;3.79;0
76;supply_node;2743.00;12.25;1044.00;2.04;0
76;supply_node;2821.00;13.05;1036.00;2.31;0
76;supply_node;2749.00;12.60;1029.00;3.12;0
76;supply_node;2717.00;11.55;1024.00;3.47;0
76;supply_node;2812.00;12.88;1021.00;5.08;0
76;supply_node;2745.00;11.75;1012.00;1.85;0
76;supply_node;2904.00;10.50;1012.00;6.28;0
76;supply_node;2725.00;11.50;1010.00;0.26;0
76;supply_node;2805.00;12.23;1008.00;0.14;0
76;supply_node;2836.00;10.50;992.00;1.42;0
76;supply_node;2869.00;9.85;992.00;5.72;0
76;supply_node;2699.00;10.40;990.00;4.22;0
76;supply_node;2908.00;10.88;985.00;4.94;0
76;supply_node;2809.00;10.50;980.00;0.96;0
76;supply_node;2774.00;10.45;964.00;5.08;0
76;bunker;2744.00;12.20;1023.00;1.29;0
76;bunker;2807.00;10.75;987.00;1.72;0
76;bunker;2846.00;12.10;1026.00;4.60;0
76;bunker;2786.00;15.90;1092.00;2.68;0
76;bunker;2866.00;10.90;1021.00;6.16;0
76;bunker;2917.00;10.95;989.00;2.13;0
76;bunker;2820.00;13.12;1027.00;5.37;0
76;bunker;2885.00;10.35;953.00;3.29;0
76;bunker;2881.00;10.40;1020.00;4.44;0
76;bunker;2880.00;10.40;1002.00;5.85;0
76;bunker;2808.00;12.80;1032.00;4.77;0
76;bunker;2834.00;10.20;987.00;6.21;0
76;bunker;2867.00;10.95;1039.00;2.96;0
76;bunker;2715.00;11.55;1003.00;0.01;0
76;bunker;2854.00;11.15;1017.00;6.20;0
76;bunker;2751.00;12.85;1032.00;1.09;0
76;bunker;2766.00;10.40;969.00;4.86;0
76;bunker;2764.00;12.40;1019.00;1.38;0
76;bunker;2910.00;10.80;999.00;2.91;0
76;bunker;2838.00;12.20;1019.00;0.00;0
76;bunker;2860.00;11.23;1041.00;3.95;0
76;bunker;2848.00;11.80;1064.00;2.73;0
76;bunker;2821.00;13.40;1052.00;3.56;0
76;bunker;2739.00;11.35;981.00;4.87;0
76;bunker;2804.00;12.90;1017.00;4.61;0
76;bunker;2760.00;13.95;1045.00;0.72;0
76;bunker;2896.00;10.78;1028.00;5.43;0
76;bunker;2840.00;12.25;1022.00;3.43;0
76;bunker;2766.00;11.12;991.00;3.97;0
76;bunker;2719.00;10.60;984.00;2.64;0
76;bunker;2744.00;12.40;1049.00;3.86;0
76;bunker;2890.00;10.70;988.00;4.20;0
76;bunker;2786.00;11.95;1006.00;4.73;0
76;bunker;2887.00;10.53;930.00;5.96;0
76;bunker;2805.00;14.53;1085.00;5.40;0
76;bunker;2776.00;14.50;1074.00;5.26;0
76;bunker;2760.00;11.20;981.00;0.49;0
76;bunker;2805.00;12.70;1025.00;0.30;0
76;bunker;2877.00;11.53;1064.00;1.27;0
76;bunker;2786.00;13.35;1043.00;4.78;0
76;bunker;2826.00;12.65;1011.00;1.88;0
76;bunker;2736.00;10.82;975.00;0.51;0
76;bunker;2760.00;14.25;1062.00;4.22;0
76;bunker;2836.00;12.40;1057.00;4.67;0
76;bunker;2797.00;13.40;1055.00;5.82;0
76;bunker;2751.00;11.90;999.00;1.26;0
76;bunker;2794.00;12.75;1019.00;1.85;0
76;bunker;2811.00;13.55;1076.00;2.17;0
76;bunker;2725.00;11.48;1012.00;0.65;0
76;bunker;2739.00;12.20;1020.00;0.28;0
76;bunker;2757.00;10.57;963.00;1.98;0
76;bunker;2797.00;10.40;988.00;0.24;0
76;bunker;2771.00;10.55;975.00;0.51;0
76;bunker;2806.00;13.40;1073.00;1.62;0
76;bunker;2720.00;11.45;1026.00;3.24;0
76;bunker;2770.00;13.90;1045.00;4.66;0
76;bunker;2838.00;12.55;1047.00;1.34;0
76;bunker;2707.00;11.20;1003.00;6.01;0
76;bunker;2909.00;10.90;1008.00;4.39;0
76;bunker;2854.00;10.50;1005.00;0.97;0
76;bunker;2771.00;13.90;1062.00;6.02;0
76;bunker;2704.00;10.35;986.00;1.01;0
76;bunker;2806.00;12.90;1062.00;0.25;0
76;bunker;2871.00;10.30;983.00;3.35;0
76;bunker;2809.00;10.40;979.00;1.92;0
76;bunker;2827.00;10.30;980.00;5.44;0
76;coastal_bunker;2689.00;9.60;990.00;-1.82;0
76;coastal_bunker;2812.00;9.60;975.00;0.24;0
76;coastal_bunker;2782.00;10.30;983.00;1.43;0
76;coastal_bunker;2718.00;9.50;976.00;0.14;0
76;coastal_bunker;2846.00;10.25;985.00;0.14;0
76;coastal_bunker;2871.00;10.15;988.00;-0.93;0
76;coastal_bunker;2879.00;9.50;951.00;-1.19;0
76;coastal_bunker;2787.00;9.50;982.00;-0.24;0
76;coastal_bunker;2689.00;9.50;999.00;-1.18;0
76;coastal_bunker;2774.00;9.50;958.00;-0.59;0
76;coastal_bunker;2874.00;10.20;922.00;-1.82;0
76;coastal_bunker;2838.00;9.85;985.00;0.32;0
76;coastal_bunker;2748.00;9.50;958.00;0.32;0
76;coastal_bunker;2822.00;9.50;980.00;0.64;0
76;coastal_bunker;2731.00;9.60;968.00;-0.64;0
76;stronghold_network;2807.00;13.12;1069.00;5.21;0
76;dockyard;2870.00;10.20;988.00;-0.93;0
76;anti_air_building;2847.00;11.48;1050.00;2.87;0
76;anti_air_building;2881.00;10.30;1003.00;5.77;0
76;anti_air_building;2840.00;12.30;1023.00;3.23;0
76;synthetic_refinery;2844.00;11.70;1065.00;4.63;0
76;fuel_silo;2889.00;10.53;993.00;4.61;0
76;radar_station;2823.00;12.55;1009.00;2.43;0
76;nuclear_reactor_spawn;2899.00;10.40;1018.00;2.68;0
76;special_project_facility_spawn;2891.00;10.57;932.00;1.21;0
76;special_project_facility_spawn;2782.00;15.15;1088.00;1.41;0
76;special_project_facility_spawn;2777.00;13.93;1059.00;0.73;0
76;special_project_facility_spawn;2896.00;10.90;962.00;2.85;0
76;special_project_facility_spawn;2840.00;11.95;1065.00;2.19;0
76;special_project_facility_spawn;2804.00;12.90;1062.00;5.54;0
76;special_project_facility_spawn;2802.00;10.82;993.00;2.53;0
76;special_project_facility_spawn;2882.00;10.30;1038.00;4.05;0
76;special_project_facility_spawn;2868.00;11.15;1055.00;0.90;0
76;special_project_facility_spawn;2820.00;11.30;996.00;3.64;0
76;special_project_facility_spawn;2764.00;14.15;1062.00;3.15;0
76;special_project_facility_spawn;2810.00;10.75;986.00;4.25;0
76;special_project_facility_spawn;2825.00;10.50;985.00;3.34;0
76;special_project_facility_spawn;2878.00;10.40;1004.00;6.03;0
76;special_project_facility_spawn;2779.00;12.88;1018.00;3.59;0
76;special_project_facility_spawn;2791.00;13.10;1034.00;2.16;0
76;special_project_facility_spawn;2780.00;10.90;995.00;1.04;0
76;special_project_facility_spawn;2795.00;12.70;1015.00;3.78;0
76;special_project_facility_spawn;2781.00;14.57;1077.00;2.29;0
76;special_project_facility_spawn;2758.00;11.35;983.00;1.16;0
76;special_project_facility_spawn;2925.00;11.18;1000.00;3.83;0
76;special_project_facility_spawn;2801.00;15.70;1093.00;6.14;0
76;special_project_facility_spawn;2759.00;14.23;1062.00;4.47;0
76;special_project_facility_spawn;2824.00;13.12;1041.00;1.45;0
76;special_project_facility_spawn;2771.00;10.40;967.00;4.24;0
76;special_project_facility_spawn;2786.00;11.15;999.00;5.29;0
76;special_project_facility_spawn;2822.00;14.10;1077.00;2.56;0
76;special_project_facility_spawn;2737.00;11.40;984.00;2.63;0
76;special_project_facility_spawn;2707.00;11.30;1010.00;3.00;0
76;special_project_facility_spawn;2839.00;12.23;1021.00;2.04;0
76;special_project_facility_spawn;2861.00;10.50;999.00;5.64;0
76;special_project_facility_spawn;2848.00;11.20;1046.00;1.99;0
76;special_project_facility_spawn;2862.00;11.43;1034.00;5.25;0
76;special_project_facility_spawn;2850.00;11.93;1059.00;5.07;0
76;special_project_facility_spawn;2751.00;13.15;1044.00;0.94;0
76;special_project_facility_spawn;2892.00;10.55;1017.00;5.43;0
76;special_project_facility_spawn;2711.00;10.50;985.00;3.59;0
76;special_project_facility_spawn;2852.00;11.45;1029.00;1.87;0
76;special_project_facility_spawn;2808.00;12.85;1037.00;0.78;0
76;special_project_facility_spawn;2750.00;12.50;1024.00;0.01;0
76;special_project_facility_spawn;2774.00;13.95;1034.00;0.66;0
76;special_project_facility_spawn;2827.00;13.10;1045.00;6.07;0
76;special_project_facility_spawn;2766.00;11.15;983.00;4.29;0
76;special_project_facility_spawn;2852.00;10.45;1003.00;2.31;0
76;special_project_facility_spawn;2834.00;12.30;1021.00;3.15;0
76;special_project_facility_spawn;2905.00;10.65;985.00;2.60;0
76;special_project_facility_spawn;2709.00;11.35;1000.00;2.21;0
76;special_project_facility_spawn;2872.00;10.20;1018.00;2.10;0
76;special_project_facility_spawn;2793.00;10.50;990.00;5.82;0
76;special_project_facility_spawn;2838.00;10.57;993.00;5.22;0
76;special_project_facility_spawn;2868.00;10.20;1046.00;2.56;0
76;special_project_facility_spawn;2762.00;11.43;994.00;4.20;0
76;special_project_facility_spawn;2768.00;14.20;1050.00;3.60;0
76;special_project_facility_spawn;2725.00;11.50;1007.00;1.06;0
76;special_project_facility_spawn;2738.00;10.45;967.00;5.72;0
76;special_project_facility_spawn;2804.00;13.40;1069.00;0.56;0
76;special_project_facility_spawn;2907.00;10.90;1003.00;5.77;0
76;special_project_facility_spawn;2868.00;11.25;1058.00;4.77;0
76;special_project_facility_spawn;2900.00;10.85;990.00;5.00;0
76;special_project_facility_spawn;2753.00;12.53;1020.00;6.17;0
76;special_project_facility_spawn;2810.00;12.20;1009.00;0.31;0
76;special_project_facility_spawn;2807.00;12.90;1020.00;3.77;0
76;special_project_facility_spawn;2738.00;12.00;1033.00;3.15;0
76;special_project_facility_spawn;2720.00;11.48;1031.00;3.74;0
76;special_project_facility_spawn;2748.00;10.30;962.00;5.98;0
76;special_project_facility_spawn;2695.00;10.30;991.00;0.22;0
76;naval_base_spawn;2887.00;9.90;943.00;-1.82;3802
76;naval_base_spawn;2746.00;9.50;960.00;-0.64;4084
76;naval_base_spawn;2716.00;9.60;979.00;-1.45;4542
76;naval_base_spawn;2781.00;10.20;968.00;1.41;3802
76;naval_base_spawn;2782.00;9.95;981.00;1.43;3802
76;naval_base_spawn;2827.00;9.60;979.00;0.64;3802
76;naval_base_spawn;2687.00;9.50;990.00;-1.82;4542
76;naval_base_spawn;2763.00;10.30;960.00;0.32;4084
76;naval_base_spawn;2862.00;9.50;976.00;-1.19;3802
76;naval_base_spawn;2840.00;9.85;983.00;0.32;3802
76;naval_base_spawn;2867.00;10.10;984.00;-0.93;3802
76;naval_base_spawn;2852.00;10.20;996.00;0.14;3802
76;naval_base_spawn;2790.00;9.85;981.00;-0.24;3802
76;naval_base_spawn;2814.00;10.30;978.00;0.24;3802
76;naval_base_spawn;2690.00;9.95;999.00;-1.18;4542
76;floating_harbor;2791.30;9.50;973.21;-3.39;337
76;floating_harbor;2729.80;9.50;959.40;-3.79;608
76;floating_harbor;2682.54;9.50;996.31;-4.32;686
76;floating_harbor;2831.20;9.50;975.40;-2.50;741
76;floating_harbor;2705.05;9.50;980.13;-4.59;872
76;floating_harbor;2874.21;9.50;934.70;1.33;1326
76;floating_harbor;2851.99;9.50;984.07;-3.00;1798
76;floating_harbor;2827.00;9.50;936.00;-4.17;1929
76;floating_harbor;2785.93;9.50;976.01;-1.71;2172
76;floating_harbor;2759.21;9.50;950.36;-2.82;2231
76;floating_harbor;2841.21;9.50;976.36;-2.82;2916
76;floating_harbor;2859.40;9.50;984.80;-4.07;2917
76;floating_harbor;2688.21;9.50;992.70;1.33;2920
76;floating_harbor;2811.70;9.50;969.21;-2.90;2935
76;floating_harbor;2768.12;9.50;955.18;-3.73;2945
77;arms_factory;2148.00;17.55;1094.00;3.25;0
77;arms_factory;2184.00;15.23;1082.00;3.71;0
77;arms_factory;2175.00;15.53;1078.00;0.89;0
77;arms_factory;2136.00;14.80;1058.00;4.79;0
77;arms_factory;2150.00;15.65;1099.00;1.17;0
77;arms_factory;2129.00;12.40;1035.00;0.61;0
77;industrial_complex;2130.00;15.68;1056.00;3.14;0
77;industrial_complex;2187.00;13.65;1073.00;5.82;0
77;industrial_complex;2172.00;15.40;1077.00;4.23;0
77;industrial_complex;2113.00;13.35;1088.00;1.21;0
77;industrial_complex;2127.00;17.55;1085.00;4.49;0
77;industrial_complex;2141.00;15.15;1063.00;3.42;0
77;air_base;2138.00;16.95;1097.00;1.13;0
77;supply_node;2145.00;15.60;1064.00;3.34;0
77;supply_node;2164.00;14.55;1078.00;3.51;0
77;supply_node;2129.00;12.25;1034.00;4.30;0
77;supply_node;2134.00;14.57;1050.00;3.78;0
77;supply_node;2112.00;11.25;1017.00;0.35;0
77;supply_node;2143.00;17.88;1081.00;2.78;0
77;supply_node;2116.00;14.70;1082.00;2.66;0
77;supply_node;2135.00;17.08;1096.00;1.81;0
77;supply_node;2180.00;15.93;1080.00;2.20;0
77;supply_node;2128.00;15.53;1066.00;0.19;0
77;supply_node;2118.00;16.15;1063.00;2.79;0
77;supply_node;2160.00;14.20;1059.00;1.85;0
77;bunker;2119.00;16.65;1065.00;2.85;0
77;bunker;2148.00;14.45;1061.00;4.37;0
77;bunker;2136.00;16.00;1069.00;5.38;0
77;bunker;2164.00;14.48;1074.00;3.86;0
77;bunker;2160.00;14.50;1064.00;3.14;0
77;bunker;2117.00;13.53;1088.00;4.66;0
77;bunker;2186.00;14.62;1075.00;0.06;0
77;bunker;2129.00;11.30;1029.00;3.93;0
77;bunker;2141.00;15.20;1056.00;1.79;0
77;bunker;2129.00;17.70;1089.00;2.49;0
77;bunker;2116.00;11.25;1018.00;4.84;0
77;bunker;2127.00;15.43;1073.00;0.68;0
77;coastal_bunker;2124.00;11.00;1024.00;0.79;0
77;coastal_bunker;2127.00;10.40;1025.00;-0.32;0
77;stronghold_network;2167.00;14.60;1076.00;2.90;0
77;dockyard;2102.00;9.50;1008.00;0.79;0
77;anti_air_building;2162.00;15.85;1087.00;2.98;0
77;anti_air_building;2132.00;12.48;1036.00;0.34;0
77;anti_air_building;2165.00;14.80;1072.00;0.19;0
77;synthetic_refinery;2161.00;14.45;1063.00;5.52;0
77;fuel_silo;2120.00;15.80;1076.00;3.61;0
77;radar_station;2147.00;14.35;1059.00;0.93;0
77;nuclear_reactor_spawn;2150.00;15.23;1100.00;3.37;0
77;special_project_facility_spawn;2148.00;17.52;1079.00;0.90;0
77;special_project_facility_spawn;2131.00;16.65;1094.00;4.26;0
77;special_project_facility_spawn;2173.00;15.07;1087.00;0.16;0
77;special_project_facility_spawn;2117.00;11.25;1019.00;4.00;0
77;special_project_facility_spawn;2166.00;14.55;1078.00;1.18;0
77;special_project_facility_spawn;2139.00;12.55;1038.00;2.10;0
77;special_project_facility_spawn;2154.00;14.20;1059.00;2.27;0
77;special_project_facility_spawn;2123.00;15.90;1082.00;3.46;0
77;special_project_facility_spawn;2126.00;13.98;1047.00;0.09;0
77;special_project_facility_spawn;2153.00;14.45;1070.00;2.78;0
77;special_project_facility_spawn;2126.00;15.65;1070.00;4.45;0
77;special_project_facility_spawn;2118.00;16.48;1067.00;2.19;0
77;naval_base_spawn;2112.00;11.15;1015.00;0.79;3696
77;naval_base_spawn;2127.00;9.50;1024.00;-0.32;3696
77;floating_harbor;2123.79;9.50;1018.36;-3.46;1568
77;floating_harbor;2093.00;9.50;970.00;-3.58;1681
81;arms_factory;2229.00;11.60;1061.00;4.23;0
81;arms_factory;2196.00;12.23;1042.00;1.21;0
81;arms_factory;2229.00;14.00;1095.00;4.49;0
81;arms_factory;2238.00;14.40;1096.00;3.42;0
81;arms_factory;2197.00;12.28;1045.00;1.13;0
81;arms_factory;2215.00;14.25;1092.00;3.31;0
81;industrial_complex;2227.00;11.05;1044.00;5.70;0
81;industrial_complex;2203.00;16.20;1083.00;3.50;0
81;industrial_complex;2222.00;14.12;1077.00;3.59;0
81;industrial_complex;2229.00;12.30;1035.00;4.66;0
81;industrial_complex;2228.00;14.05;1097.00;2.80;0
81;industrial_complex;2220.00;11.20;1048.00;3.00;0
81;air_base;2201.00;12.50;1059.00;4.30;0
81;supply_node;2255.00;11.60;1087.00;2.20;0
81;supply_node;2236.00;13.35;1073.00;0.19;0
81;supply_node;2217.00;13.45;1064.00;2.79;0
81;supply_node;2199.00;13.15;1065.00;1.85;0
81;supply_node;2215.00;14.90;1085.00;4.88;0
81;supply_node;2230.00;14.15;1098.00;1.92;0
81;supply_node;2199.00;16.50;1086.00;4.54;0
81;supply_node;2250.00;12.20;1100.00;1.77;0
81;supply_node;2238.00;13.28;1087.00;5.89;0
81;supply_node;2232.00;11.00;1059.00;3.29;0
81;supply_node;2197.00;12.30;1048.00;5.45;0
81;supply_node;2221.00;11.25;1044.00;6.16;0
81;supply_node;2231.00;12.30;1039.00;2.59;0
81;supply_node;2209.00;12.18;1041.00;4.78;0
81;supply_node;2232.00;10.57;1050.00;2.16;0
81;bunker;2226.00;13.80;1102.00;0.68;0
81;bunker;2203.00;16.10;1080.00;5.33;0
81;bunker;2216.00;15.32;1082.00;0.96;0
81;bunker;2216.00;12.40;1058.00;2.90;0
81;bunker;2206.00;15.12;1076.00;1.05;0
81;bunker;2256.00;11.03;1098.00;2.98;0
81;bunker;2216.00;11.65;1046.00;0.34;0
81;bunker;2235.00;10.40;1055.00;0.19;0
81;bunker;2200.00;12.30;1051.00;5.52;0
81;bunker;2230.00;12.18;1067.00;3.61;0
81;bunker;2258.00;10.75;1095.00;3.61;0
81;bunker;2242.00;12.62;1087.00;3.37;0
81;bunker;2210.00;12.25;1042.00;0.90;0
81;bunker;2232.00;10.70;1048.00;4.26;0
81;bunker;2237.00;11.40;1046.00;0.16;0
81;coastal_bunker;2264.00;10.00;1088.00;0.79;0
81;coastal_bunker;2241.00;10.00;1061.00;1.57;0
81;coastal_bunker;2247.00;10.50;1064.00;1.27;0
81;coastal_bunker;2237.00;10.30;1053.00;-4.12;0
81;coastal_bunker;2259.00;10.45;1097.00;1.25;0
81;stronghold_network;2244.00;14.12;1104.00;0.09;0
81;dockyard;2261.00;10.35;1096.00;0.79;0
81;anti_air_building;2194.00;12.95;1067.00;4.45;0
81;anti_air_building;2206.00;14.12;1069.00;2.19;0
81;anti_air_building;2215.00;15.10;1077.00;1.46;0
81;synthetic_refinery;2208.00;15.07;1085.00;0.45;0
81;fuel_silo;2221.00;11.30;1043.00;4.12;0
81;radar_station;2225.00;13.80;1070.00;2.31;0
81;nuclear_reactor_spawn;2233.00;13.60;1075.00;4.64;0
81;special_project_facility_spawn;2192.00;12.70;1052.00;1.99;0
81;special_project_facility_spawn;2235.00;13.90;1081.00;0.07;0
81;special_project_facility_spawn;2227.00;11.00;1045.00;1.87;0
81;special_project_facility_spawn;2221.00;11.50;1056.00;1.88;0
81;special_project_facility_spawn;2249.00;11.88;1089.00;6.10;0
81;special_project_facility_spawn;2213.00;14.80;1088.00;0.53;0
81;special_project_facility_spawn;2229.00;14.00;1096.00;0.79;0
81;special_project_facility_spawn;2235.00;10.50;1049.00;4.05;0
81;special_project_facility_spawn;2200.00;16.50;1082.00;5.23;0
81;special_project_facility_spawn;2207.00;14.80;1074.00;4.94;0
81;special_project_facility_spawn;2254.00;11.12;1082.00;1.26;0
81;special_project_facility_spawn;2207.00;12.65;1045.00;5.40;0
81;special_project_facility_spawn;2230.00;12.30;1037.00;1.29;0
81;special_project_facility_spawn;2236.00;10.65;1058.00;1.72;0
81;special_project_facility_spawn;2248.00;12.65;1095.00;4.60;0
81;naval_base_spawn;2256.00;9.50;1074.00;0.79;3971
81;naval_base_spawn;2248.00;11.00;1068.00;1.27;3971
81;naval_base_spawn;2244.00;10.00;1062.00;1.57;3971
81;naval_base_spawn;2236.00;10.30;1053.00;-4.12;3971
81;naval_base_spawn;2259.00;10.45;1097.00;1.25;3971
81;floating_harbor;2263.95;9.50;1078.05;-2.36;636
81;floating_harbor;2255.69;9.50;1066.94;-1.87;963
81;floating_harbor;2265.64;9.50;1094.79;-1.89;2776
81;floating_harbor;2247.00;9.50;1059.00;-1.57;2831
81;floating_harbor;2243.82;9.50;1057.88;-0.98;4679
82;arms_factory;2235.00;11.40;995.00;4.49;0
82;arms_factory;2232.00;11.40;1031.00;3.42;0
82;arms_factory;2212.00;10.80;983.00;1.13;0
82;arms_factory;2218.00;11.45;1017.00;3.31;0
82;arms_factory;2171.00;12.05;1005.00;5.70;0
82;arms_factory;2149.00;10.93;989.00;3.50;0
82;industrial_complex;2229.00;11.25;993.00;3.59;0
82;industrial_complex;2184.00;10.30;979.00;4.66;0
82;industrial_complex;2184.00;11.95;1014.00;2.80;0
82;industrial_complex;2209.00;11.10;1005.00;3.00;0
82;industrial_complex;2240.00;11.10;1011.00;4.30;0
82;industrial_complex;2215.00;10.85;1008.00;4.57;0
82;air_base;2143.00;10.25;974.00;4.32;0
82;supply_node;2182.00;12.00;1015.00;2.79;0
82;supply_node;2200.00;11.45;1013.00;1.85;0
82;supply_node;2154.00;10.55;983.00;4.88;0
82;supply_node;2209.00;11.20;1035.00;1.92;0
82;supply_node;2247.00;10.60;980.00;4.54;0
82;supply_node;2177.00;11.20;999.00;1.77;0
82;supply_node;2239.00;11.25;1009.00;5.89;0
82;supply_node;2201.00;10.80;986.00;3.29;0
82;supply_node;2171.00;13.05;1027.00;5.45;0
82;supply_node;2215.00;11.70;1023.00;6.16;0
82;supply_node;2218.00;10.88;986.00;2.59;0
82;supply_node;2234.00;10.90;989.00;4.78;0
82;supply_node;2191.00;12.75;1032.00;2.16;0
82;supply_node;2141.00;10.30;977.00;3.46;0
82;supply_node;2208.00;10.50;976.00;0.13;0
82;supply_node;2212.00;11.10;1003.00;2.88;0
82;supply_node;2232.00;11.20;1025.00;4.55;0
82;supply_node;2251.00;11.15;999.00;2.25;0
82;supply_node;2162.00;11.50;1000.00;4.27;0
82;supply_node;2193.00;10.80;999.00;5.32;0
82;supply_node;2170.00;10.53;984.00;2.40;0
82;supply_node;2187.00;10.50;981.00;5.87;0
82;supply_node;2225.00;11.40;1004.00;3.29;0
82;bunker;2191.00;10.70;996.00;3.61;0
82;bunker;2199.00;10.80;1005.00;3.37;0
82;bunker;2172.00;12.93;1025.00;0.90;0
82;bunker;2138.00;10.30;978.00;4.26;0
82;bunker;2228.00;11.40;1029.00;0.16;0
82;bunker;2190.00;12.65;1039.00;4.00;0
82;bunker;2244.00;11.15;994.00;1.18;0
82;bunker;2229.00;11.70;1007.00;2.10;0
82;bunker;2217.00;11.70;1023.00;2.27;0
82;bunker;2249.00;10.45;976.00;3.46;0
82;bunker;2162.00;11.60;1001.00;0.09;0
82;bunker;2239.00;11.10;1014.00;2.78;0
82;bunker;2170.00;11.85;1001.00;4.45;0
82;bunker;2170.00;10.30;976.00;2.19;0
82;bunker;2207.00;10.90;992.00;1.46;0
82;bunker;2185.00;12.32;1020.00;0.45;0
82;bunker;2161.00;10.30;973.00;4.12;0
82;bunker;2218.00;10.80;990.00;3.63;0
82;bunker;2191.00;10.75;985.00;4.64;0
82;bunker;2249.00;11.05;996.00;1.99;0
82;bunker;2203.00;11.90;1033.00;0.07;0
82;bunker;2209.00;10.90;997.00;1.87;0
82;bunker;2215.00;10.50;978.00;1.88;0
82;coastal_bunker;2152.00;9.50;970.00;0.10;0
82;coastal_bunker;2209.00;9.60;973.00;0.00;0
82;coastal_bunker;2225.00;10.00;978.00;0.42;0
82;coastal_bunker;2235.00;9.90;979.00;-0.20;0
82;coastal_bunker;2182.00;9.50;978.00;0.00;0
82;coastal_bunker;2171.00;10.20;976.00;0.28;0
82;coastal_bunker;2249.00;10.35;974.00;0.20;0
82;coastal_bunker;2152.00;9.50;974.00;0.00;0
82;coastal_bunker;2197.00;9.60;975.00;-0.35;0
82;stronghold_network;2244.00;11.10;1011.00;1.72;0
82;dockyard;2238.00;9.60;977.00;0.20;0
82;anti_air_building;2178.00;12.05;1014.00;2.68;0
82;anti_air_building;2207.00;11.43;1035.00;6.16;0
82;anti_air_building;2252.00;11.20;1006.00;2.13;0
82;synthetic_refinery;2254.00;11.12;1000.00;5.37;0
82;fuel_silo;2168.00;10.25;977.00;3.29;0
82;radar_station;2196.00;10.80;1006.00;6.11;0
82;nuclear_reactor_spawn;2167.00;10.88;991.00;5.85;0
82;special_project_facility_spawn;2151.00;10.50;980.00;4.77;0
82;special_project_facility_spawn;2180.00;11.45;1008.00;6.21;0
82;special_project_facility_spawn;2188.00;12.90;1030.00;2.96;0
82;special_project_facility_spawn;2209.00;11.95;1023.00;0.01;0
82;special_project_facility_spawn;2165.00;12.80;1025.00;6.20;0
82;special_project_facility_spawn;2232.00;11.70;1005.00;1.09;0
82;special_project_facility_spawn;2188.00;10.80;999.00;4.86;0
82;special_project_facility_spawn;2235.00;10.88;987.00;1.38;0
82;special_project_facility_spawn;2199.00;11.85;1023.00;2.91;0
82;special_project_facility_spawn;2170.00;10.53;987.00;0.00;0
82;special_project_facility_spawn;2179.00;11.40;1006.00;3.95;0
82;special_project_facility_spawn;2236.00;11.20;1026.00;2.73;0
82;special_project_facility_spawn;2189.00;10.30;977.00;3.56;0
82;special_project_facility_spawn;2218.00;10.80;999.00;4.87;0
82;special_project_facility_spawn;2251.00;10.45;976.00;4.61;0
82;special_project_facility_spawn;2203.00;10.90;994.00;0.72;0
82;special_project_facility_spawn;2221.00;10.90;990.00;5.43;0
82;special_project_facility_spawn;2227.00;11.60;1005.00;3.43;0
82;special_project_facility_spawn;2213.00;11.10;1034.00;3.97;0
82;special_project_facility_spawn;2204.00;10.50;977.00;2.64;0
82;special_project_facility_spawn;2158.00;13.07;1006.00;3.86;0
82;special_project_facility_spawn;2259.00;11.30;1000.00;4.20;0
82;special_project_facility_spawn;2136.00;10.60;981.00;4.73;0
82;naval_base_spawn;2216.00;9.55;973.00;0.00;3547
82;naval_base_spawn;2157.00;9.80;972.00;0.32;3547
82;naval_base_spawn;2185.00;9.85;976.00;0.00;3547
82;naval_base_spawn;2173.00;9.85;978.00;0.28;3547
82;naval_base_spawn;2249.00;10.35;974.00;0.20;4046
82;naval_base_spawn;2226.00;10.00;979.00;-0.59;3547
82;naval_base_spawn;2144.00;9.50;972.00;0.00;3696
82;naval_base_spawn;2225.00;10.45;979.00;0.42;3547
82;naval_base_spawn;2196.00;9.95;975.00;-0.35;3547
82;floating_harbor;2093.00;9.50;970.00;-4.66;640
82;floating_harbor;2249.37;9.50;968.14;-2.94;922
82;floating_harbor;2194.61;9.50;968.42;-3.49;1142
82;floating_harbor;2224.84;9.50;970.60;-2.72;1476
82;floating_harbor;2230.63;9.50;972.14;-3.34;1961
82;floating_harbor;2141.00;9.50;967.00;-3.14;2177
82;floating_harbor;2208.00;9.50;966.00;-3.14;2226
82;floating_harbor;2173.92;9.50;970.27;-2.86;2924
82;floating_harbor;2187.00;9.50;969.00;-3.14;2931
83;arms_factory;3843.00;12.10;1105.00;1.13;0
83;arms_factory;3842.00;11.98;977.00;3.31;0
83;arms_factory;3982.00;11.40;1013.00;5.70;0
83;arms_factory;3896.00;13.50;1100.00;3.50;0
83;arms_factory;4296.00;10.57;1084.00;3.59;0
83;arms_factory;4085.00;11.65;1039.00;4.66;0
83;industrial_complex;4343.00;11.10;1102.00;2.80;0
83;industrial_complex;4140.00;13.65;912.00;3.00;0
83;industrial_complex;4068.00;12.00;1029.00;4.30;0
83;industrial_complex;4165.00;13.10;1045.00;4.57;0
83;industrial_complex;4204.00;14.30;977.00;4.32;0
83;industrial_complex;4164.00;14.70;1063.00;2.71;0
83;air_base;4098.00;12.00;1052.00;3.32;0
83;supply_node;3959.00;15.25;1141.00;4.88;0
83;supply_node;3887.00;13.40;1161.00;1.92;0
83;supply_node;4236.00;13.65;1062.00;4.54;0
83;supply_node;4071.00;13.18;1097.00;1.77;0
83;supply_node;4158.00;14.75;923.00;5.89;0
83;supply_node;4209.00;14.50;974.00;3.29;0
83;supply_node;3830.00;11.70;1004.00;5.45;0
83;supply_node;4036.00;11.50;1050.00;6.16;0
83;supply_node;4112.00;14.57;1097.00;2.59;0
83;supply_node;3990.00;12.95;1059.00;4.78;0
83;supply_node;4309.00;11.05;1107.00;2.16;0
83;supply_node;4179.00;13.62;958.00;3.46;0
83;supply_node;4139.00;12.30;1005.00;0.13;0
83;supply_node;4338.00;12.55;1045.00;2.88;0
83;supply_node;3907.00;14.95;1067.00;4.55;0
83;supply_node;4092.00;11.70;968.00;2.25;0
83;supply_node;4053.00;12.80;1003.00;4.27;0
83;supply_node;4074.00;12.20;928.00;5.32;0
83;supply_node;4013.00;11.40;1137.00;2.40;0
83;supply_node;3999.00;13.05;942.00;5.87;0
83;supply_node;3955.00;11.80;1024.00;3.29;0
83;supply_node;4034.00;13.00;1101.00;0.93;0
83;supply_node;4049.00;13.25;959.00;5.52;0
83;supply_node;4088.00;12.20;1032.00;6.25;0
83;supply_node;4170.00;15.18;1121.00;3.17;0
83;supply_node;4194.00;15.00;1094.00;3.34;0
83;supply_node;4157.00;13.20;1036.00;5.13;0
83;supply_node;4181.00;12.43;1003.00;2.53;0
83;supply_node;3890.00;11.50;1003.00;3.21;0
83;supply_node;4157.00;15.95;1069.00;0.64;0
83;supply_node;4221.00;15.05;1015.00;5.74;0
83;supply_node;4268.00;11.75;1110.00;2.29;0
83;supply_node;4281.00;12.45;1037.00;1.34;0
83;supply_node;4033.00;12.35;1165.00;2.19;0
83;supply_node;4064.00;14.00;1134.00;1.33;0
83;supply_node;3860.00;12.50;954.00;4.44;0
83;supply_node;4193.00;13.20;1049.00;3.79;0
83;supply_node;3996.00;11.25;1182.00;2.04;0
83;supply_node;4004.00;11.10;994.00;2.31;0
83;supply_node;4277.00;12.28;1072.00;3.12;0
83;supply_node;4119.00;11.43;926.00;3.47;0
83;supply_node;4119.00;13.57;1056.00;5.08;0
83;supply_node;3939.00;11.40;971.00;1.85;0
83;supply_node;4141.00;10.50;964.00;6.28;0
83;supply_node;3953.00;12.55;1186.00;0.26;0
83;supply_node;4344.00;11.00;1085.00;0.14;0
83;supply_node;3858.00;11.98;1117.00;1.42;0
83;supply_node;4233.00;13.10;1109.00;5.72;0
83;supply_node;4243.00;11.48;975.00;4.22;0
83;supply_node;4079.00;12.20;1065.00;4.94;0
83;supply_node;3912.00;15.32;1127.00;0.96;0
83;supply_node;3994.00;12.85;1105.00;5.08;0
83;supply_node;3948.00;15.90;1089.00;5.39;0
83;supply_node;4311.00;10.75;1070.00;2.29;0
83;supply_node;3864.00;12.50;1051.00;2.94;0
83;supply_node;4254.00;13.12;1016.00;6.21;0
83;supply_node;4296.00;11.45;1006.00;5.42;0
83;supply_node;4105.00;11.95;1001.00;5.89;0
83;supply_node;4036.00;11.40;916.00;0.61;0
83;supply_node;4094.00;12.48;900.00;2.77;0
83;bunker;4117.00;12.65;1048.00;4.44;0
83;bunker;4137.00;11.12;954.00;5.85;0
83;bunker;3952.00;13.65;1176.00;4.77;0
83;bunker;3930.00;11.50;948.00;6.21;0
83;bunker;3981.00;13.60;1100.00;2.96;0
83;bunker;3941.00;13.80;1053.00;0.01;0
83;bunker;4051.00;12.28;926.00;6.20;0
83;bunker;4151.00;14.90;907.00;1.09;0
83;bunker;4070.00;12.40;1006.00;4.86;0
83;bunker;4306.00;12.50;1035.00;1.38;0
83;bunker;3923.00;15.95;1103.00;2.91;0
83;bunker;3955.00;15.10;1128.00;0.00;0
83;bunker;4048.00;12.70;1092.00;3.95;0
83;bunker;4216.00;13.62;1112.00;2.73;0
83;bunker;3914.00;11.18;995.00;3.56;0
83;bunker;4053.00;13.18;945.00;4.87;0
83;bunker;4308.00;11.10;1110.00;4.61;0
83;bunker;4034.00;11.50;1046.00;0.72;0
83;bunker;4230.00;13.30;999.00;5.43;0
83;bunker;3969.00;12.25;1052.00;3.43;0
83;bunker;3858.00;12.60;1144.00;3.97;0
83;bunker;4287.00;11.60;1053.00;2.64;0
83;bunker;3948.00;16.10;1101.00;3.86;0
83;bunker;4035.00;13.20;1135.00;4.20;0
83;bunker;4074.00;13.18;1097.00;4.73;0
83;bunker;4179.00;13.15;983.00;5.96;0
83;bunker;4068.00;11.40;902.00;5.40;0
83;bunker;4088.00;12.53;885.00;5.26;0
83;bunker;4180.00;15.68;1113.00;0.49;0
83;bunker;4345.00;11.55;1074.00;0.30;0
83;bunker;4107.00;10.88;954.00;1.27;0
83;bunker;4155.00;13.93;1049.00;4.78;0
83;bunker;4031.00;12.82;979.00;1.88;0
83;bunker;4170.00;16.10;1082.00;0.51;0
83;bunker;4130.00;11.95;938.00;4.22;0
83;bunker;3873.00;12.95;1051.00;4.67;0
83;bunker;3811.00;11.80;1023.00;5.82;0
83;bunker;4289.00;10.85;993.00;1.26;0
83;bunker;4360.00;13.30;1050.00;1.85;0
83;bunker;4198.00;13.70;1058.00;2.17;0
83;bunker;4245.00;11.45;978.00;0.65;0
83;bunker;4244.00;13.70;1084.00;0.28;0
83;bunker;4297.00;10.70;1086.00;1.98;0
83;bunker;3924.00;15.40;1075.00;0.24;0
83;bunker;4057.00;12.50;1073.00;0.51;0
83;bunker;4056.00;13.70;1137.00;1.62;0
83;bunker;4210.00;14.10;1095.00;3.24;0
83;bunker;4101.00;12.00;1048.00;4.66;0
83;bunker;4267.00;12.20;1100.00;1.34;0
83;bunker;4245.00;14.55;1034.00;6.01;0
83;bunker;4083.00;12.30;1006.00;4.39;0
83;bunker;3890.00;13.55;1160.00;0.97;0
83;bunker;4160.00;11.90;1010.00;6.02;0
83;bunker;3988.00;11.65;956.00;1.01;0
83;bunker;4045.00;12.95;1157.00;0.25;0
83;bunker;3985.00;12.40;1160.00;3.35;0
83;bunker;4164.00;13.93;947.00;1.92;0
83;bunker;4121.00;14.28;1076.00;5.44;0
83;bunker;4195.00;13.95;984.00;5.42;0
83;bunker;3889.00;11.90;960.00;5.37;0
83;stronghold_network;4342.00;10.82;1091.00;5.83;0
83;anti_air_building;4160.00;14.35;938.00;0.24;0
83;anti_air_building;4098.00;14.30;1100.00;5.56;0
83;anti_air_building;3922.00;15.25;1068.00;3.00;0
83;synthetic_refinery;3965.00;14.57;1088.00;2.12;0
83;fuel_silo;3919.00;15.50;1107.00;2.62;0
83;radar_station;4081.00;11.50;1046.00;5.96;0
83;nuclear_reactor_spawn;4039.00;12.75;1173.00;5.81;0
83;special_project_facility_spawn;4086.00;12.30;1014.00;1.56;0
83;special_project_facility_spawn;4051.00;11.80;1059.00;1.68;0
83;special_project_facility_spawn;3994.00;13.25;1077.00;3.90;0
83;special_project_facility_spawn;4234.00;15.93;1021.00;5.43;0
83;special_project_facility_spawn;4295.00;10.90;1114.00;3.67;0
83;special_project_facility_spawn;3959.00;15.25;1145.00;5.21;0
83;special_project_facility_spawn;3976.00;10.90;955.00;2.72;0
83;special_project_facility_spawn;4112.00;11.20;983.00;2.87;0
83;special_project_facility_spawn;4238.00;14.30;1056.00;5.77;0
83;special_project_facility_spawn;3838.00;11.70;983.00;3.23;0
83;special_project_facility_spawn;4081.00;13.40;1093.00;4.63;0
83;special_project_facility_spawn;3949.00;12.60;1184.00;4.61;0
83;special_project_facility_spawn;3973.00;14.10;1112.00;4.49;0
83;special_project_facility_spawn;4285.00;10.95;1119.00;2.68;0
83;special_project_facility_spawn;3871.00;12.88;1099.00;1.21;0
83;special_project_facility_spawn;4249.00;13.50;1091.00;1.41;0
83;special_project_facility_spawn;4030.00;11.70;1018.00;0.73;0
83;special_project_facility_spawn;4013.00;11.60;1154.00;2.85;0
83;special_project_facility_spawn;3897.00;14.30;1054.00;2.19;0
83;special_project_facility_spawn;4038.00;13.70;967.00;5.54;0
83;special_project_facility_spawn;4101.00;12.60;1058.00;2.53;0
83;special_project_facility_spawn;3982.00;10.35;972.00;4.05;0
83;special_project_facility_spawn;4165.00;14.85;915.00;0.90;0
83;special_project_facility_spawn;3834.00;12.10;936.00;3.64;0
83;special_project_facility_spawn;4050.00;13.40;1158.00;3.15;0
83;special_project_facility_spawn;4191.00;13.65;981.00;4.25;0
83;special_project_facility_spawn;4182.00;12.40;1017.00;3.34;0
83;special_project_facility_spawn;3963.00;14.75;1093.00;6.03;0
83;special_project_facility_spawn;4180.00;14.55;1129.00;3.59;0
83;special_project_facility_spawn;4190.00;13.10;1023.00;2.16;0
83;special_project_facility_spawn;4065.00;11.20;908.00;1.04;0
83;special_project_facility_spawn;4117.00;10.90;944.00;3.78;0
83;special_project_facility_spawn;3974.00;11.50;1018.00;2.29;0
83;special_project_facility_spawn;4339.00;10.90;1095.00;1.16;0
83;special_project_facility_spawn;4180.00;15.80;1101.00;3.83;0
83;special_project_facility_spawn;4147.00;14.65;1050.00;6.14;0
83;special_project_facility_spawn;4013.00;11.60;1179.00;4.47;0
83;special_project_facility_spawn;4079.00;12.57;950.00;1.45;0
83;special_project_facility_spawn;3952.00;11.12;957.00;4.24;0
83;special_project_facility_spawn;3881.00;13.18;1053.00;5.29;0
83;special_project_facility_spawn;4229.00;12.95;986.00;2.56;0
83;special_project_facility_spawn;4141.00;11.20;984.00;2.63;0
83;special_project_facility_spawn;4131.00;11.98;1002.00;3.00;0
83;special_project_facility_spawn;3899.00;11.20;995.00;2.04;0
83;special_project_facility_spawn;4120.00;14.65;1088.00;5.64;0
83;special_project_facility_spawn;4257.00;13.20;1082.00;1.99;0
83;special_project_facility_spawn;3939.00;14.53;1129.00;5.25;0
83;special_project_facility_spawn;4255.00;12.95;1003.00;5.07;0
83;special_project_facility_spawn;4328.00;11.75;1043.00;0.94;0
83;special_project_facility_spawn;4112.00;12.85;904.00;5.43;0
83;special_project_facility_spawn;4167.00;15.30;1067.00;3.59;0
83;special_project_facility_spawn;4090.00;12.10;1059.00;1.87;0
83;special_project_facility_spawn;4047.00;13.15;1098.00;0.78;0
83;special_project_facility_spawn;4037.00;11.45;913.00;0.01;0
83;special_project_facility_spawn;4259.00;13.65;1035.00;0.66;0
83;special_project_facility_spawn;4061.00;13.90;1134.00;6.07;0
83;special_project_facility_spawn;3895.00;13.40;1170.00;4.29;0
83;special_project_facility_spawn;4310.00;10.90;1066.00;2.31;0
83;special_project_facility_spawn;4173.00;13.60;962.00;3.15;0
83;special_project_facility_spawn;4301.00;11.48;1007.00;2.60;0
84;arms_factory;2359.00;10.80;995.00;5.70;0
84;arms_factory;2325.00;11.15;994.00;3.50;0
84;arms_factory;2282.00;12.10;1002.00;3.59;0
84;arms_factory;2363.00;10.75;992.00;4.66;0
84;arms_factory;2318.00;11.40;999.00;2.80;0
84;arms_factory;2311.00;11.30;997.00;3.00;0
84;industrial_complex;2308.00;10.95;994.00;4.30;0
84;industrial_complex;2320.00;10.82;991.00;4.57;0
84;industrial_complex;2357.00;10.80;995.00;4.32;0
84;industrial_complex;2301.00;10.25;984.00;2.71;0
84;industrial_complex;2348.00;10.95;998.00;3.32;0
84;industrial_complex;2256.00;11.90;1010.00;2.85;0
84;air_base;2348.00;10.88;995.00;4.37;0
84;supply_node;2308.00;11.12;996.00;4.54;0
84;supply_node;2365.00;10.70;991.00;1.77;0
84;supply_node;2337.00;10.50;984.00;5.89;0
84;supply_node;2259.00;11.90;1009.00;3.29;0
84;supply_node;2298.00;10.30;985.00;5.45;0
84;supply_node;2335.00;11.50;1002.00;6.16;0
84;supply_node;2350.00;10.88;999.00;2.59;0
84;supply_node;2293.00;11.10;999.00;4.78;0
84;supply_node;2323.00;11.20;996.00;2.16;0
84;supply_node;2317.00;10.35;982.00;3.46;0
84;supply_node;2280.00;9.60;985.00;0.13;0
84;supply_node;2352.00;10.60;983.00;2.88;0
84;supply_node;2261.00;10.50;986.00;4.55;0
84;supply_node;2284.00;12.00;990.00;2.25;0
84;supply_node;2267.00;12.25;995.00;4.27;0
84;supply_node;2280.00;13.15;999.00;5.32;0
84;bunker;2324.00;10.90;987.00;0.19;0
84;bunker;2278.00;11.20;989.00;5.52;0
84;bunker;2354.00;10.55;988.00;3.61;0
84;bunker;2293.00;11.18;1002.00;3.61;0
84;bunker;2284.00;11.57;989.00;3.37;0
84;bunker;2360.00;10.75;991.00;0.90;0
84;bunker;2338.00;10.30;980.00;4.26;0
84;bunker;2302.00;10.30;982.00;0.16;0
84;bunker;2254.00;10.85;988.00;4.00;0
84;bunker;2313.00;11.10;994.00;1.18;0
84;bunker;2345.00;11.50;1006.00;2.10;0
84;bunker;2280.00;12.40;1001.00;2.27;0
84;bunker;2352.00;11.15;1004.00;3.46;0
84;bunker;2318.00;11.18;996.00;0.09;0
84;bunker;2262.00;11.90;1002.00;2.78;0
84;bunker;2264.00;11.70;993.00;4.45;0
84;coastal_bunker;2280.00;9.60;985.00;0.00;0
84;coastal_bunker;2326.00;10.35;977.00;-0.20;0
84;coastal_bunker;2304.00;9.50;979.00;0.24;0
84;coastal_bunker;2375.00;10.45;991.00;0.98;0
84;coastal_bunker;2355.00;9.95;977.00;0.59;0
84;coastal_bunker;2339.00;9.85;976.00;-0.52;0
84;coastal_bunker;2265.00;10.30;984.00;0.59;0
84;stronghold_network;2293.00;11.10;999.00;0.07;0
84;dockyard;2373.00;9.60;986.00;0.98;0
84;anti_air_building;2249.00;11.85;1015.00;1.88;0
84;anti_air_building;2348.00;10.70;992.00;6.10;0
84;anti_air_building;2361.00;10.55;987.00;0.53;0
84;synthetic_refinery;2341.00;11.40;1000.00;0.79;0
84;fuel_silo;2277.00;12.20;992.00;4.05;0
84;radar_station;2312.00;11.25;997.00;4.22;0
84;nuclear_reactor_spawn;2331.00;11.50;1004.00;4.94;0
84;special_project_facility_spawn;2308.00;10.88;993.00;1.26;0
84;special_project_facility_spawn;2358.00;10.60;987.00;5.40;0
84;special_project_facility_spawn;2283.00;12.00;990.00;1.29;0
84;special_project_facility_spawn;2282.00;13.05;997.00;1.72;0
84;special_project_facility_spawn;2335.00;11.50;1003.00;4.60;0
84;special_project_facility_spawn;2360.00;10.65;992.00;2.68;0
84;special_project_facility_spawn;2316.00;10.25;984.00;6.16;0
84;special_project_facility_spawn;2345.00;11.10;995.00;2.13;0
84;special_project_facility_spawn;2332.00;10.88;990.00;5.37;0
84;special_project_facility_spawn;2250.00;11.93;1012.00;3.29;0
84;special_project_facility_spawn;2271.00;10.45;987.00;4.44;0
84;special_project_facility_spawn;2291.00;11.12;1002.00;5.85;0
84;special_project_facility_spawn;2267.00;12.25;995.00;4.77;0
84;special_project_facility_spawn;2300.00;10.75;990.00;6.21;0
84;special_project_facility_spawn;2321.00;11.85;1005.00;2.96;0
84;special_project_facility_spawn;2260.00;10.70;988.00;0.01;0
84;naval_base_spawn;2349.00;9.60;976.00;0.59;4380
84;naval_base_spawn;2297.00;9.85;981.00;0.24;4046
84;naval_base_spawn;2377.00;10.30;989.00;0.98;4380
84;naval_base_spawn;2283.00;9.95;984.00;0.00;4046
84;naval_base_spawn;2269.00;9.95;986.00;0.59;4046
84;naval_base_spawn;2312.00;9.50;974.00;-0.20;4046
84;naval_base_spawn;2342.00;9.50;975.00;0.56;4380
84;floating_harbor;2376.82;9.50;983.12;-2.16;912
84;floating_harbor;2329.53;9.50;970.92;-3.66;1574
84;floating_harbor;2300.70;9.50;974.21;-2.90;2190
84;floating_harbor;2314.63;9.50;970.14;-3.34;2926
84;floating_harbor;2280.00;9.50;977.00;-3.14;2928
84;floating_harbor;2359.88;9.50;971.18;-2.55;2930
84;floating_harbor;2266.88;9.50;977.18;-2.55;2932
86;arms_factory;4936.00;11.80;1028.00;2.80;0
86;arms_factory;4943.00;11.45;1028.00;3.00;0
86;arms_factory;4907.00;10.55;974.00;4.30;0
86;arms_factory;4918.00;10.90;1035.00;4.57;0
86;arms_factory;4963.00;11.85;1011.00;4.32;0
86;arms_factory;4858.00;12.95;1008.00;2.71;0
86;industrial_complex;4949.00;12.10;1020.00;3.32;0
86;industrial_complex;4875.00;11.00;1001.00;2.85;0
86;industrial_complex;4982.00;11.05;1031.00;4.37;0
86;industrial_complex;4919.00;11.85;1061.00;5.38;0
86;industrial_complex;4944.00;10.45;965.00;3.86;0
86;industrial_complex;4903.00;10.57;1030.00;3.14;0
86;air_base;4896.00;10.50;1023.00;4.66;0
86;supply_node;4908.00;10.30;982.00;5.45;0
86;supply_node;4949.00;11.75;990.00;6.16;0
86;supply_node;4976.00;10.85;1018.00;2.59;0
86;supply_node;4947.00;10.60;1068.00;4.78;0
86;supply_node;4908.00;10.50;1014.00;2.16;0
86;supply_node;4945.00;11.40;1030.00;3.46;0
86;supply_node;4916.00;11.55;1049.00;0.13;0
86;supply_node;4877.00;12.85;1032.00;2.88;0
86;supply_node;4867.00;11.55;1000.00;4.55;0
86;supply_node;4977.00;10.60;987.00;2.25;0
86;supply_node;4937.00;10.35;962.00;4.27;0
86;bunker;4898.00;11.98;1040.00;0.34;0
86;bunker;4910.00;10.60;975.00;0.19;0
86;bunker;4912.00;10.53;1008.00;5.52;0
86;bunker;4883.00;10.50;1008.00;3.61;0
86;bunker;4989.00;10.55;1024.00;3.61;0
86;bunker;4904.00;12.60;1058.00;3.37;0
86;bunker;4958.00;10.50;1051.00;0.90;0
86;bunker;4923.00;10.65;961.00;4.26;0
86;bunker;4958.00;11.10;981.00;0.16;0
86;bunker;4963.00;11.05;1036.00;4.00;0
86;bunker;4966.00;10.65;977.00;1.18;0
86;coastal_bunker;4964.00;10.30;962.00;0.94;0
86;coastal_bunker;4970.00;9.50;970.00;0.54;0
86;coastal_bunker;5005.00;9.60;1032.00;-4.47;0
86;stronghold_network;4907.00;10.57;1000.00;0.09;0
86;dockyard;4970.00;9.50;970.00;0.54;0
86;anti_air_building;4936.00;12.00;1026.00;4.45;0
86;anti_air_building;4867.00;12.70;1030.00;2.19;0
86;anti_air_building;4866.00;11.60;993.00;1.46;0
86;synthetic_refinery;4947.00;10.85;971.00;0.45;0
86;fuel_silo;4884.00;12.32;1032.00;4.12;0
86;radar_station;4926.00;11.60;1019.00;2.31;0
86;nuclear_reactor_spawn;4946.00;10.45;1077.00;4.64;0
86;special_project_facility_spawn;4955.00;11.43;988.00;1.99;0
86;special_project_facility_spawn;4987.00;10.80;1027.00;0.07;0
86;special_project_facility_spawn;4854.00;13.18;997.00;1.87;0
86;special_project_facility_spawn;4894.00;10.35;989.00;1.88;0
86;special_project_facility_spawn;4941.00;10.35;955.00;6.10;0
86;special_project_facility_spawn;4894.00;10.40;1002.00;0.53;0
86;special_project_facility_spawn;4933.00;10.82;1076.00;0.79;0
86;special_project_facility_spawn;4945.00;12.15;1011.00;4.05;0
86;special_project_facility_spawn;4882.00;12.78;1033.00;5.23;0
86;special_project_facility_spawn;4929.00;10.60;1046.00;4.94;0
86;special_project_facility_spawn;4969.00;10.82;981.00;1.26;0
86;naval_base_spawn;4990.00;10.53;997.00;0.54;4019
86;naval_base_spawn;4953.00;10.15;958.00;0.94;4019
86;naval_base_spawn;5005.00;9.60;1032.00;-4.47;4341
86;floating_harbor;4998.79;9.50;1023.70;-1.33;551
86;floating_harbor;4983.60;9.50;976.00;-2.60;2927
86;floating_harbor;4953.66;9.50;949.88;-2.20;2948
87;arms_factory;3951.00;12.60;829.00;4.30;0
87;arms_factory;3993.00;11.18;819.00;4.57;0
87;arms_factory;4068.00;12.00;883.00;4.32;0
87;arms_factory;3937.00;13.30;878.00;2.71;0
87;arms_factory;4124.00;14.80;877.00;3.32;0
87;arms_factory;4223.00;15.40;903.00;2.85;0
87;industrial_complex;4130.00;13.95;811.00;4.37;0
87;industrial_complex;3836.00;10.85;756.00;5.38;0
87;industrial_complex;3894.00;11.00;742.00;3.86;0
87;industrial_complex;3934.00;13.00;923.00;3.14;0
87;industrial_complex;3864.00;11.15;736.00;4.66;0
87;industrial_complex;4109.00;10.57;768.00;0.06;0
87;air_base;3999.00;11.45;901.00;3.93;0
87;supply_node;4362.00;14.25;940.00;2.59;0
87;supply_node;4084.00;12.50;861.00;4.78;0
87;supply_node;4098.00;11.25;779.00;2.16;0
87;supply_node;4092.00;13.40;821.00;3.46;0
87;supply_node;4279.00;12.05;905.00;0.13;0
87;supply_node;3869.00;12.23;750.00;2.88;0
87;supply_node;4364.00;11.95;999.00;4.55;0
87;supply_node;4248.00;10.45;941.00;2.25;0
87;supply_node;3891.00;15.07;877.00;4.27;0
87;supply_node;4328.00;11.07;963.00;5.32;0
87;supply_node;4390.00;13.60;971.00;2.40;0
87;supply_node;3925.00;11.70;769.00;5.87;0
87;supply_node;4001.00;10.82;812.00;3.29;0
87;supply_node;3894.00;11.80;813.00;0.93;0
87;supply_node;4185.00;14.80;854.00;5.52;0
87;supply_node;4127.00;15.25;875.00;6.25;0
87;supply_node;4044.00;11.25;884.00;3.17;0
87;supply_node;3941.00;13.23;853.00;3.34;0
87;supply_node;4039.00;12.55;845.00;5.13;0
87;supply_node;3994.00;12.00;869.00;2.53;0
87;supply_node;4328.00;12.55;1002.00;3.21;0
87;supply_node;4300.00;10.50;939.00;0.64;0
87;supply_node;3959.00;13.85;910.00;5.74;0
87;supply_node;4212.00;15.35;925.00;2.29;0
87;supply_node;4246.00;16.75;903.00;1.34;0
87;supply_node;4052.00;10.70;814.00;2.19;0
87;supply_node;3910.00;13.10;929.00;1.33;0
87;supply_node;4277.00;10.40;975.00;4.44;0
87;supply_node;4068.00;10.75;785.00;3.79;0
87;supply_node;4164.00;15.90;889.00;2.04;0
87;supply_node;4319.00;11.93;911.00;2.31;0
87;supply_node;4381.00;14.00;1032.00;3.12;0
87;supply_node;3851.00;15.45;910.00;3.47;0
87;supply_node;4201.00;14.20;893.00;5.08;0
87;supply_node;4154.00;15.50;849.00;1.85;0
87;supply_node;4124.00;12.20;830.00;6.28;0
87;supply_node;3958.00;11.05;809.00;0.26;0
87;supply_node;3936.00;10.50;733.00;0.14;0
87;bunker;3859.00;15.55;883.00;0.79;0
87;bunker;3913.00;12.40;932.00;4.05;0
87;bunker;4374.00;13.10;947.00;5.23;0
87;bunker;3930.00;13.10;840.00;4.94;0
87;bunker;4073.00;12.05;829.00;1.26;0
87;bunker;4048.00;12.00;834.00;5.40;0
87;bunker;3972.00;10.85;807.00;1.29;0
87;bunker;3915.00;12.00;773.00;1.72;0
87;bunker;3873.00;11.60;779.00;4.60;0
87;bunker;4273.00;10.25;982.00;2.68;0
87;bunker;4374.00;13.12;990.00;6.16;0
87;bunker;3998.00;12.28;871.00;2.13;0
87;bunker;3934.00;13.50;891.00;5.37;0
87;bunker;4169.00;16.20;890.00;3.29;0
87;bunker;4124.00;12.75;845.00;4.44;0
87;bunker;3990.00;11.80;822.00;5.85;0
87;bunker;4089.00;12.50;797.00;4.77;0
87;bunker;4196.00;14.60;891.00;6.21;0
87;bunker;4070.00;11.70;892.00;2.96;0
87;bunker;3888.00;11.00;818.00;0.01;0
87;bunker;4296.00;13.80;895.00;6.20;0
87;bunker;4336.00;12.53;1008.00;1.09;0
87;bunker;3932.00;10.30;716.00;4.86;0
87;bunker;3828.00;14.75;926.00;1.38;0
87;bunker;4372.00;13.80;967.00;2.91;0
87;bunker;4374.00;13.80;1038.00;0.00;0
87;bunker;4257.00;14.05;897.00;3.95;0
87;bunker;4026.00;11.20;823.00;2.73;0
87;bunker;4137.00;15.70;870.00;3.56;0
87;bunker;4241.00;12.48;929.00;4.87;0
87;bunker;4344.00;12.80;951.00;4.61;0
87;bunker;4192.00;11.75;838.00;0.72;0
87;bunker;4318.00;12.53;944.00;5.43;0
87;bunker;4232.00;14.40;921.00;3.43;0
87;bunker;4064.00;12.25;862.00;3.97;0
87;bunker;4311.00;13.23;903.00;2.64;0
87;bunker;4148.00;14.80;846.00;3.86;0
87;bunker;4079.00;11.48;784.00;4.20;0
87;coastal_bunker;3967.00;10.25;788.00;0.46;0
87;coastal_bunker;4013.00;10.20;803.00;0.36;0
87;coastal_bunker;3955.00;10.30;744.00;-4.27;0
87;coastal_bunker;4065.00;9.50;774.00;-0.79;0
87;coastal_bunker;4049.00;10.25;805.00;-0.39;0
87;coastal_bunker;4096.00;10.18;758.00;-0.36;0
87;coastal_bunker;3848.00;10.35;731.00;-0.79;0
87;coastal_bunker;3951.00;10.40;753.00;1.40;0
87;stronghold_network;3865.00;11.48;740.00;1.88;0
87;dockyard;3862.00;10.00;726.00;-0.79;0
87;anti_air_building;4371.00;13.00;985.00;4.22;0
87;anti_air_building;3956.00;12.15;821.00;4.67;0
87;anti_air_building;4061.00;11.85;850.00;5.82;0
87;synthetic_refinery;3938.00;11.30;758.00;1.26;0
87;fuel_silo;4264.00;10.50;964.00;1.85;0
87;radar_station;4117.00;13.95;883.00;2.95;0
87;nuclear_reactor_spawn;4342.00;12.80;1016.00;0.65;0
87;special_project_facility_spawn;3936.00;11.43;768.00;0.28;0
87;special_project_facility_spawn;4101.00;12.88;873.00;1.98;0
87;special_project_facility_spawn;3882.00;12.70;864.00;0.24;0
87;special_project_facility_spawn;4344.00;11.28;970.00;0.51;0
87;special_project_facility_spawn;3910.00;12.78;931.00;1.62;0
87;special_project_facility_spawn;4397.00;13.05;1030.00;3.24;0
87;special_project_facility_spawn;3991.00;11.50;846.00;4.66;0
87;special_project_facility_spawn;3983.00;10.15;790.00;1.34;0
87;special_project_facility_spawn;4091.00;10.88;777.00;6.01;0
87;special_project_facility_spawn;3886.00;12.35;801.00;4.39;0
87;special_project_facility_spawn;3970.00;10.60;801.00;0.97;0
87;special_project_facility_spawn;3919.00;10.45;744.00;6.02;0
87;special_project_facility_spawn;3926.00;14.28;875.00;1.01;0
87;special_project_facility_spawn;3960.00;14.55;923.00;0.25;0
87;special_project_facility_spawn;4297.00;10.45;938.00;3.35;0
87;special_project_facility_spawn;4232.00;16.90;903.00;1.92;0
87;special_project_facility_spawn;4384.00;13.50;941.00;5.44;0
87;special_project_facility_spawn;4130.00;12.75;826.00;5.42;0
87;special_project_facility_spawn;4078.00;12.00;837.00;5.37;0
87;special_project_facility_spawn;4166.00;15.15;843.00;5.83;0
87;special_project_facility_spawn;4203.00;16.70;875.00;0.24;0
87;special_project_facility_spawn;4396.00;13.40;948.00;5.56;0
87;special_project_facility_spawn;4029.00;11.10;881.00;3.00;0
87;special_project_facility_spawn;4214.00;15.28;910.00;2.12;0
87;special_project_facility_spawn;4045.00;10.50;812.00;2.62;0
87;special_project_facility_spawn;4172.00;15.15;860.00;1.58;0
87;special_project_facility_spawn;4277.00;10.60;927.00;5.81;0
87;special_project_facility_spawn;4154.00;16.20;893.00;1.56;0
87;special_project_facility_spawn;4239.00;11.55;938.00;1.68;0
87;special_project_facility_spawn;4043.00;11.70;827.00;3.90;0
87;special_project_facility_spawn;4373.00;13.20;1009.00;5.43;0
87;special_project_facility_spawn;4105.00;13.15;877.00;3.67;0
87;special_project_facility_spawn;3901.00;10.70;746.00;5.21;0
87;special_project_facility_spawn;4267.00;10.85;994.00;2.72;0
87;special_project_facility_spawn;3860.00;15.07;895.00;2.87;0
87;special_project_facility_spawn;4325.00;13.10;1009.00;5.77;0
87;special_project_facility_spawn;4318.00;12.25;907.00;3.23;0
87;special_project_facility_spawn;4058.00;10.50;791.00;4.63;0
87;naval_base_spawn;3946.00;10.20;731.00;-4.27;4302
87;naval_base_spawn;4005.00;9.50;793.00;0.36;4302
87;naval_base_spawn;3964.00;10.20;783.00;0.46;4302
87;naval_base_spawn;3949.00;10.40;759.00;1.40;4302
87;naval_base_spawn;4036.00;10.30;808.00;-1.06;4302
87;naval_base_spawn;4075.00;10.25;771.00;-0.79;3633
87;naval_base_spawn;3870.00;9.60;725.00;-0.79;3679
87;naval_base_spawn;4100.00;9.75;755.00;-0.36;3633
87;floating_harbor;4064.00;9.50;745.00;-4.14;76
87;floating_harbor;3847.05;9.50;728.05;-3.93;196
87;floating_harbor;3960.90;9.50;762.81;-1.74;452
87;floating_harbor;4009.46;9.50;789.45;-2.78;480
87;floating_harbor;4044.31;9.50;795.54;-3.54;1631
87;floating_harbor;4057.05;9.50;774.05;-3.93;1897
87;floating_harbor;3973.13;9.50;778.74;-2.68;3024
87;floating_harbor;3946.56;9.50;720.69;-2.43;3043
89;arms_factory;3192.00;10.85;1072.00;3.32;0
89;arms_factory;3166.00;10.53;1084.00;2.85;0
89;arms_factory;3183.00;11.05;1076.00;4.37;0
89;arms_factory;3188.00;10.88;1077.00;5.38;0
89;arms_factory;3218.00;14.48;1061.00;3.86;0
89;arms_factory;3201.00;11.00;1065.00;3.14;0
89;industrial_complex;3177.00;10.25;1056.00;4.66;0
89;industrial_complex;3174.00;10.80;1074.00;0.06;0
89;industrial_complex;3207.00;11.90;1061.00;3.93;0
89;industrial_complex;3199.00;10.90;1071.00;1.79;0
89;industrial_complex;3157.00;10.50;1085.00;2.49;0
89;industrial_complex;3164.00;10.53;1079.00;4.84;0
89;air_base;3212.00;12.73;1056.00;0.68;0
89;supply_node;3180.00;11.10;1079.00;0.13;0
89;supply_node;3154.00;10.30;1060.00;2.88;0
89;supply_node;3228.00;15.80;1062.00;4.55;0
89;supply_node;3210.00;13.20;1046.00;2.25;0
89;supply_node;3194.00;10.30;1047.00;4.27;0
89;supply_node;3160.00;10.40;1077.00;5.32;0
89;supply_node;3201.00;11.10;1069.00;2.40;0
89;supply_node;3172.00;10.20;1060.00;5.87;0
89;bunker;3205.00;12.23;1041.00;3.61;0
89;bunker;3180.00;10.50;1062.00;3.61;0
89;bunker;3173.00;10.60;1068.00;3.37;0
89;bunker;3232.00;16.45;1057.00;0.90;0
89;bunker;3200.00;10.90;1064.00;4.26;0
89;bunker;3156.00;10.55;1081.00;0.16;0
89;bunker;3153.00;10.20;1069.00;4.00;0
89;bunker;3201.00;10.85;1056.00;1.18;0
89;coastal_bunker;3169.00;10.10;1058.00;0.46;0
89;coastal_bunker;3151.00;9.85;1056.00;-0.38;0
89;coastal_bunker;3193.00;10.25;1056.00;-1.89;0
89;stronghold_network;3215.00;13.53;1058.00;0.09;0
89;dockyard;3187.00;9.60;1059.00;0.46;0
89;anti_air_building;3187.00;10.53;1064.00;4.45;0
89;anti_air_building;3185.00;10.85;1071.00;2.19;0
89;anti_air_building;3170.00;10.57;1088.00;1.46;0
89;synthetic_refinery;3233.00;16.52;1058.00;0.45;0
89;fuel_silo;3166.00;10.15;1062.00;4.12;0
89;radar_station;3195.00;10.80;1066.00;2.31;0
89;nuclear_reactor_spawn;3181.00;11.05;1087.00;4.64;0
89;special_project_facility_spawn;3211.00;12.62;1052.00;1.99;0
89;special_project_facility_spawn;3209.00;11.30;1074.00;0.07;0
89;special_project_facility_spawn;3229.00;16.40;1056.00;1.87;0
89;special_project_facility_spawn;3193.00;10.35;1039.00;1.88;0
89;special_project_facility_spawn;3170.00;10.50;1066.00;6.10;0
89;special_project_facility_spawn;3158.00;10.55;1076.00;0.53;0
89;special_project_facility_spawn;3173.00;10.60;1072.00;0.79;0
89;special_project_facility_spawn;3153.00;10.10;1068.00;4.05;0
89;naval_base_spawn;3179.00;10.30;1055.00;0.46;4092
89;naval_base_spawn;3144.00;10.20;1059.00;-0.38;4092
89;naval_base_spawn;3192.00;10.20;1050.00;-1.89;4092
89;floating_harbor;3149.40;9.50;1048.50;-3.52;352
89;floating_harbor;3184.36;9.50;1050.21;1.25;2015
89;floating_harbor;3177.13;9.50;1049.74;-2.68;2830
91;arms_factory;3295.00;12.50;958.00;3.86;0
91;arms_factory;3266.00;13.03;1004.00;3.14;0
91;arms_factory;3269.00;18.73;956.00;4.66;0
91;arms_factory;3270.00;12.38;1009.00;0.06;0
91;arms_factory;3262.00;18.60;972.00;3.93;0
91;arms_factory;3249.00;17.95;993.00;1.79;0
91;industrial_complex;3301.00;13.40;916.00;2.49;0
91;industrial_complex;3248.00;16.80;986.00;4.84;0
91;industrial_complex;3272.00;19.40;963.00;0.68;0
91;industrial_complex;3306.00;11.75;968.00;5.33;0
91;industrial_complex;3238.00;15.10;963.00;0.96;0
91;industrial_complex;3320.00;10.55;933.00;2.90;0
91;air_base;3294.00;12.48;967.00;1.05;0
91;supply_node;3293.00;16.60;923.00;4.27;0
91;supply_node;3323.00;10.90;963.00;5.32;0
91;supply_node;3269.00;12.53;1008.00;2.40;0
91;supply_node;3293.00;12.70;1002.00;5.87;0
91;supply_node;3262.00;15.53;939.00;3.29;0
91;supply_node;3266.00;16.68;987.00;0.93;0
91;supply_node;3306.00;12.18;916.00;5.52;0
91;supply_node;3282.00;16.35;956.00;6.25;0
91;supply_node;3258.00;14.62;1029.00;3.17;0
91;supply_node;3277.00;16.52;974.00;3.34;0
91;supply_node;3308.00;11.18;948.00;5.13;0
91;supply_node;3248.00;15.10;956.00;2.53;0
91;supply_node;3320.00;13.00;1002.00;3.21;0
91;supply_node;3247.00;17.75;992.00;0.64;0
91;supply_node;3295.00;12.23;981.00;5.74;0
91;supply_node;3289.00;14.45;940.00;2.29;0
91;supply_node;3229.00;14.60;966.00;1.34;0
91;supply_node;3307.00;14.25;1020.00;2.19;0
91;supply_node;3315.00;10.88;983.00;1.33;0
91;supply_node;3242.00;15.05;975.00;4.44;0
91;supply_node;3257.00;16.68;971.00;3.79;0
91;supply_node;3297.00;12.00;963.00;2.04;0
91;supply_node;3266.00;18.98;957.00;2.31;0
91;supply_node;3223.00;14.60;951.00;3.12;0
91;supply_node;3238.00;15.10;946.00;3.47;0
91;supply_node;3316.00;10.65;933.00;5.08;0
91;supply_node;3275.00;16.83;927.00;1.85;0
91;supply_node;3322.00;11.40;911.00;6.28;0
91;bunker;3320.00;10.90;985.00;6.10;0
91;bunker;3267.00;18.05;979.00;0.53;0
91;bunker;3277.00;12.80;1007.00;0.79;0
91;bunker;3258.00;17.05;970.00;4.05;0
91;bunker;3307.00;10.53;933.00;5.23;0
91;bunker;3321.00;14.28;1015.00;4.94;0
91;bunker;3304.00;12.45;991.00;1.26;0
91;bunker;3306.00;11.07;927.00;5.40;0
91;bunker;3310.00;11.20;949.00;1.29;0
91;bunker;3233.00;14.75;953.00;1.72;0
91;bunker;3259.00;17.10;956.00;4.60;0
91;bunker;3282.00;13.85;985.00;2.68;0
91;bunker;3225.00;14.65;949.00;6.16;0
91;bunker;3235.00;14.90;960.00;2.13;0
91;bunker;3290.00;14.95;935.00;5.37;0
91;bunker;3258.00;15.50;938.00;3.29;0
91;bunker;3281.00;16.48;929.00;4.44;0
91;bunker;3246.00;17.18;990.00;5.85;0
91;bunker;3319.00;11.12;966.00;4.77;0
91;bunker;3288.00;16.12;928.00;6.21;0
91;bunker;3293.00;13.30;1009.00;2.96;0
91;bunker;3294.00;12.78;955.00;0.01;0
91;bunker;3263.00;13.65;1032.00;6.20;0
91;bunker;3251.00;15.60;946.00;1.09;0
91;bunker;3275.00;19.52;960.00;4.86;0
91;bunker;3307.00;14.10;1012.00;1.38;0
91;bunker;3318.00;10.98;917.00;2.91;0
91;bunker;3245.00;15.07;972.00;0.00;0
91;stronghold_network;3247.00;15.40;945.00;3.95;0
91;anti_air_building;3294.00;12.10;978.00;2.73;0
91;anti_air_building;3266.00;14.82;997.00;3.56;0
91;anti_air_building;3263.00;15.35;932.00;4.87;0
91;synthetic_refinery;3298.00;11.85;963.00;4.61;0
91;fuel_silo;3264.00;12.90;1009.00;0.72;0
91;radar_station;3277.00;16.45;975.00;1.58;0
91;nuclear_reactor_spawn;3233.00;14.70;959.00;3.43;0
91;special_project_facility_spawn;3281.00;16.52;920.00;3.97;0
91;special_project_facility_spawn;3323.00;10.50;936.00;2.64;0
91;special_project_facility_spawn;3256.00;14.35;1039.00;3.86;0
91;special_project_facility_spawn;3263.00;18.12;955.00;4.20;0
91;special_project_facility_spawn;3248.00;18.23;994.00;4.73;0
91;special_project_facility_spawn;3288.00;13.30;1007.00;5.96;0
91;special_project_facility_spawn;3302.00;14.10;1011.00;5.40;0
91;special_project_facility_spawn;3326.00;10.60;916.00;5.26;0
91;special_project_facility_spawn;3308.00;11.20;950.00;0.49;0
91;special_project_facility_spawn;3305.00;11.70;971.00;0.30;0
91;special_project_facility_spawn;3294.00;11.95;977.00;1.27;0
91;special_project_facility_spawn;3310.00;11.60;963.00;4.78;0
91;special_project_facility_spawn;3288.00;15.57;930.00;1.88;0
91;special_project_facility_spawn;3225.00;14.75;947.00;0.51;0
91;special_project_facility_spawn;3242.00;15.05;975.00;4.22;0
91;special_project_facility_spawn;3315.00;11.65;991.00;4.67;0
91;special_project_facility_spawn;3271.00;16.50;941.00;5.82;0
91;special_project_facility_spawn;3232.00;14.65;966.00;1.26;0
91;special_project_facility_spawn;3309.00;13.12;1005.00;1.85;0
91;special_project_facility_spawn;3230.00;14.80;949.00;2.17;0
91;special_project_facility_spawn;3263.00;16.05;995.00;0.65;0
91;special_project_facility_spawn;3256.00;15.43;1014.00;0.28;0
91;special_project_facility_spawn;3297.00;11.90;940.00;1.98;0
91;special_project_facility_spawn;3282.00;13.85;985.00;0.24;0
91;special_project_facility_spawn;3309.00;12.55;912.00;0.51;0
91;special_project_facility_spawn;3258.00;16.62;954.00;1.62;0
91;special_project_facility_spawn;3282.00;16.40;959.00;3.24;0
91;special_project_facility_spawn;3254.00;15.90;974.00;4.66;0
92;arms_factory;3555.00;12.53;889.00;4.66;0
92;arms_factory;3637.00;14.20;1016.00;0.06;0
92;arms_factory;3708.00;10.20;905.00;3.93;0
92;arms_factory;3725.00;10.15;952.00;1.79;0
92;arms_factory;3813.00;10.80;816.00;2.49;0
92;arms_factory;3464.00;11.60;963.00;4.84;0
92;industrial_complex;3515.00;11.30;899.00;0.68;0
92;industrial_complex;3436.00;12.82;1020.00;5.33;0
92;industrial_complex;3345.00;11.20;949.00;0.96;0
92;industrial_complex;3778.00;12.60;949.00;2.90;0
92;industrial_complex;3483.00;10.90;922.00;1.05;0
92;industrial_complex;3602.00;10.53;855.00;2.98;0
92;air_base;3444.00;11.60;1004.00;0.34;0
92;supply_node;3760.00;10.90;1011.00;2.40;0
92;supply_node;3529.00;11.93;934.00;5.87;0
92;supply_node;3675.00;12.80;1079.00;3.29;0
92;supply_node;3622.00;11.00;868.00;0.93;0
92;supply_node;3695.00;10.90;1003.00;5.52;0
92;supply_node;3839.00;11.25;854.00;6.25;0
92;supply_node;3582.00;14.48;1050.00;3.17;0
92;supply_node;3831.00;11.18;793.00;3.34;0
92;supply_node;3339.00;13.10;1016.00;5.13;0
92;supply_node;3373.00;11.10;950.00;2.53;0
92;supply_node;3579.00;10.60;1008.00;3.21;0
92;supply_node;3340.00;11.48;991.00;0.64;0
92;supply_node;3440.00;11.55;1040.00;5.74;0
92;supply_node;3332.00;10.85;942.00;2.29;0
92;supply_node;3681.00;10.50;924.00;1.34;0
92;supply_node;3758.00;12.00;900.00;2.19;0
92;supply_node;3558.00;13.12;956.00;1.33;0
92;supply_node;3638.00;11.50;912.00;4.44;0
92;supply_node;3628.00;12.18;1040.00;3.79;0
92;supply_node;3547.00;11.75;1035.00;2.04;0
92;supply_node;3444.00;10.30;959.00;2.31;0
92;supply_node;3364.00;12.28;1000.00;3.12;0
92;supply_node;3740.00;10.80;841.00;3.47;0
92;supply_node;3780.00;10.55;834.00;5.08;0
92;supply_node;3390.00;11.50;983.00;1.85;0
92;supply_node;3680.00;10.60;873.00;6.28;0
92;supply_node;3801.00;12.57;955.00;0.26;0
92;supply_node;3544.00;12.75;860.00;0.14;0
92;supply_node;3747.00;10.50;959.00;1.42;0
92;supply_node;3533.00;12.80;966.00;5.72;0
92;supply_node;3558.00;12.82;926.00;4.22;0
92;supply_node;3397.00;10.80;899.00;4.94;0
92;supply_node;3599.00;11.20;873.00;0.96;0
92;supply_node;3629.00;11.98;966.00;5.08;0
92;supply_node;3514.00;11.00;1055.00;5.39;0
92;supply_node;3351.00;10.75;941.00;2.29;0
92;supply_node;3448.00;11.15;927.00;2.94;0
92;supply_node;3579.00;11.12;866.00;6.21;0
92;supply_node;3415.00;10.80;874.00;5.42;0
92;supply_node;3437.00;10.85;990.00;5.89;0
92;supply_node;3616.00;11.15;897.00;0.61;0
92;supply_node;3654.00;14.32;1015.00;2.77;0
92;supply_node;3571.00;11.48;890.00;6.11;0
92;supply_node;3511.00;10.82;879.00;4.20;0
92;supply_node;3589.00;12.35;940.00;0.79;0
92;supply_node;3743.00;10.90;1062.00;1.05;0
92;supply_node;3526.00;10.85;851.00;4.72;0
92;supply_node;3702.00;10.30;961.00;4.73;0
92;supply_node;3399.00;11.20;957.00;0.90;0
92;supply_node;3490.00;12.20;1000.00;3.36;0
92;supply_node;3565.00;10.65;854.00;3.81;0
92;supply_node;3403.00;10.60;854.00;4.72;0
92;supply_node;3523.00;11.12;1005.00;4.57;0
92;supply_node;3365.00;11.80;1026.00;6.13;0
92;supply_node;3470.00;11.40;954.00;4.05;0
92;supply_node;3517.00;11.70;906.00;2.36;0
92;supply_node;3505.00;12.60;943.00;1.51;0
92;supply_node;3424.00;10.80;897.00;2.04;0
92;supply_node;3333.00;10.10;922.00;5.27;0
92;supply_node;3651.00;11.70;889.00;4.84;0
92;supply_node;3482.00;10.30;879.00;1.58;0
92;supply_node;3350.00;10.35;918.00;6.01;0
92;supply_node;3345.00;11.50;967.00;3.97;0
92;supply_node;3497.00;11.60;914.00;5.98;0
92;supply_node;3463.00;11.50;980.00;5.32;0
92;supply_node;3586.00;12.15;969.00;3.71;0
92;supply_node;3502.00;12.85;969.00;4.89;0
92;supply_node;3481.00;11.40;935.00;4.69;0
92;supply_node;3647.00;10.75;865.00;2.83;0
92;supply_node;3402.00;11.20;931.00;5.16;0
92;supply_node;3496.00;10.70;886.00;2.43;0
92;supply_node;3504.00;10.60;861.00;2.92;0
92;supply_node;3616.00;11.40;934.00;2.52;0
92;supply_node;3416.00;12.75;1011.00;3.49;0
92;supply_node;3462.00;11.20;897.00;0.06;0
92;supply_node;3481.00;10.80;901.00;5.45;0
92;supply_node;3437.00;10.50;863.00;2.87;0
92;supply_node;3390.00;10.30;887.00;3.59;0
92;supply_node;3803.00;13.85;893.00;0.92;0
92;supply_node;3534.00;10.55;838.00;0.84;0
92;supply_node;3384.00;10.30;923.00;0.64;0
92;supply_node;3601.00;10.50;850.00;2.95;0
92;supply_node;3548.00;12.82;876.00;4.23;0
92;supply_node;3576.00;12.40;911.00;4.67;0
92;supply_node;3528.00;11.20;884.00;5.86;0
92;supply_node;3550.00;10.62;846.00;1.57;0
92;supply_node;3451.00;10.80;872.00;0.50;0
92;supply_node;3716.00;10.50;893.00;2.60;0
92;supply_node;3367.00;10.60;918.00;3.44;0
92;supply_node;3442.00;10.95;901.00;2.44;0
92;supply_node;3437.00;10.60;882.00;4.44;0
92;supply_node;3704.00;10.88;1040.00;1.10;0
92;supply_node;3480.00;12.00;1042.00;1.63;0
92;supply_node;3425.00;10.35;945.00;3.03;0
92;supply_node;3545.00;12.05;893.00;1.89;0
92;supply_node;3411.00;10.70;911.00;3.61;0
92;supply_node;3563.00;11.50;872.00;4.15;0
92;supply_node;3518.00;10.45;841.00;2.06;0
92;supply_node;3796.00;11.50;1046.00;3.49;0
92;supply_node;3388.00;11.93;1012.00;3.44;0
92;supply_node;3459.00;12.55;1010.00;4.63;0
92;supply_node;3613.00;12.90;1001.00;4.14;0
92;supply_node;3554.00;10.25;989.00;3.87;0
92;supply_node;3364.00;11.50;977.00;5.24;0
92;supply_node;3662.00;13.25;976.00;0.77;0
92;supply_node;3416.00;11.45;975.00;4.57;0
92;supply_node;3646.00;10.48;937.00;3.07;0
92;supply_node;3427.00;10.90;921.00;0.04;0
92;supply_node;3599.00;11.35;917.00;5.96;0
92;supply_node;3467.00;11.12;918.00;0.08;0
92;supply_node;3540.00;11.05;912.00;6.14;0
92;supply_node;3381.00;10.50;904.00;1.40;0
92;supply_node;3354.00;10.57;903.00;1.07;0
92;supply_node;3593.00;11.25;895.00;3.65;0
92;supply_node;3371.00;10.45;893.00;4.94;0
92;supply_node;3410.00;10.57;888.00;2.16;0
92;supply_node;3464.00;10.75;881.00;4.43;0
92;supply_node;3524.00;11.10;867.00;5.54;0
92;supply_node;3421.00;10.55;860.00;1.60;0
92;supply_node;3586.00;10.57;851.00;5.69;0
92;supply_node;3663.00;10.53;848.00;4.43;0
92;supply_node;3521.00;10.57;831.00;1.50;0
92;bunker;3545.00;12.05;893.00;4.49;0
92;bunker;3598.00;12.03;974.00;2.68;0
92;bunker;3742.00;10.80;835.00;1.21;0
92;bunker;3382.00;11.90;1030.00;1.41;0
92;bunker;3456.00;12.20;1005.00;0.73;0
92;bunker;3518.00;11.48;990.00;2.85;0
92;bunker;3504.00;12.55;984.00;2.19;0
92;bunker;3425.00;10.10;939.00;5.54;0
92;bunker;3601.00;11.90;1007.00;2.53;0
92;bunker;3730.00;11.12;1029.00;4.05;0
92;bunker;3797.00;10.70;832.00;0.90;0
92;bunker;3368.00;11.50;975.00;3.64;0
92;bunker;3756.00;10.88;965.00;3.15;0
92;bunker;3696.00;10.88;999.00;4.25;0
92;bunker;3826.00;12.20;945.00;3.34;0
92;bunker;3427.00;10.30;856.00;6.03;0
92;bunker;3656.00;14.18;1024.00;3.59;0
92;bunker;3406.00;10.45;887.00;2.16;0
92;bunker;3614.00;12.82;1026.00;1.04;0
92;bunker;3659.00;10.80;878.00;3.78;0
92;bunker;3346.00;12.95;1029.00;2.29;0
92;bunker;3507.00;10.75;864.00;1.16;0
92;bunker;3440.00;10.70;881.00;3.83;0
92;bunker;3554.00;12.75;958.00;6.14;0
92;bunker;3455.00;10.95;926.00;4.47;0
92;bunker;3773.00;11.20;1031.00;1.45;0
92;bunker;3614.00;11.70;960.00;4.24;0
92;bunker;3489.00;12.10;1001.00;5.29;0
92;bunker;3602.00;10.55;860.00;2.56;0
92;bunker;3628.00;12.20;894.00;2.63;0
92;bunker;3401.00;10.90;966.00;3.00;0
92;bunker;3815.00;15.03;896.00;2.04;0
92;bunker;3672.00;10.30;846.00;5.64;0
92;bunker;3545.00;10.60;1012.00;1.99;0
92;bunker;3401.00;11.40;981.00;5.25;0
92;bunker;3665.00;15.50;1059.00;5.07;0
92;bunker;3467.00;10.85;885.00;0.94;0
92;bunker;3862.00;12.15;843.00;5.43;0
92;bunker;3693.00;10.85;948.00;3.59;0
92;bunker;3614.00;11.18;868.00;1.87;0
92;bunker;3460.00;11.20;900.00;0.78;0
92;bunker;3398.00;10.70;905.00;0.01;0
92;bunker;3378.00;11.90;1008.00;0.66;0
92;bunker;3337.00;10.57;935.00;6.07;0
92;bunker;3788.00;10.85;1034.00;4.29;0
92;bunker;3451.00;11.20;902.00;2.31;0
92;bunker;3590.00;12.00;952.00;3.15;0
92;bunker;3506.00;11.70;914.00;2.60;0
92;bunker;3665.00;11.15;902.00;2.21;0
92;bunker;3573.00;13.45;1053.00;2.10;0
92;bunker;3522.00;11.03;873.00;5.82;0
92;bunker;3743.00;10.82;890.00;5.22;0
92;bunker;3540.00;13.55;864.00;2.56;0
92;bunker;3448.00;11.10;1053.00;4.20;0
92;bunker;3477.00;10.55;882.00;3.60;0
92;bunker;3530.00;11.12;847.00;1.06;0
92;bunker;3660.00;11.90;952.00;5.72;0
92;bunker;3512.00;11.15;1081.00;0.56;0
92;bunker;3565.00;12.60;911.00;5.77;0
92;bunker;3693.00;10.70;892.00;4.77;0
92;bunker;3416.00;12.50;997.00;5.00;0
92;bunker;3537.00;11.00;914.00;6.17;0
92;bunker;3342.00;10.90;947.00;0.31;0
92;bunker;3450.00;10.60;967.00;3.77;0
92;bunker;3558.00;11.00;976.00;3.15;0
92;bunker;3496.00;11.93;1040.00;3.74;0
92;bunker;3365.00;11.05;952.00;5.98;0
92;bunker;3586.00;11.15;1005.00;0.22;0
92;bunker;3354.00;10.60;897.00;4.93;0
92;bunker;3500.00;10.60;875.00;0.27;0
92;bunker;3482.00;11.12;932.00;3.76;0
92;bunker;3558.00;11.18;858.00;5.13;0
92;bunker;3377.00;11.90;997.00;2.50;0
92;bunker;3463.00;11.50;983.00;4.55;0
92;bunker;3731.00;12.10;1075.00;2.20;0
92;bunker;3521.00;10.70;882.00;3.02;0
92;bunker;3411.00;10.57;874.00;1.51;0
92;bunker;3519.00;11.40;899.00;3.01;0
92;bunker;3587.00;11.93;898.00;5.93;0
92;bunker;3510.00;10.80;884.00;0.13;0
92;bunker;3693.00;10.50;884.00;2.51;0
92;bunker;3592.00;10.75;864.00;4.21;0
92;bunker;3342.00;10.53;927.00;3.27;0
92;bunker;3426.00;10.53;971.00;5.07;0
92;bunker;3541.00;13.05;959.00;0.26;0
92;bunker;3412.00;10.82;934.00;1.77;0
92;bunker;3345.00;11.45;960.00;3.68;0
92;bunker;3472.00;11.40;959.00;1.15;0
92;bunker;3598.00;10.85;908.00;5.39;0
92;bunker;3848.00;11.75;785.00;2.21;0
92;bunker;3431.00;10.35;857.00;3.05;0
92;bunker;3573.00;11.60;890.00;3.72;0
92;bunker;3618.00;10.90;913.00;2.13;0
92;bunker;3518.00;12.80;944.00;0.32;0
92;bunker;3649.00;10.55;860.00;4.44;0
92;bunker;3421.00;10.55;902.00;3.71;0
92;bunker;3390.00;10.30;923.00;5.47;0
92;bunker;3345.00;10.55;908.00;5.45;0
92;bunker;3428.00;11.43;993.00;5.98;0
92;bunker;3602.00;10.45;851.00;2.85;0
92;bunker;3629.00;11.40;913.00;1.50;0
92;bunker;3428.00;10.88;911.00;5.28;0
92;bunker;3469.00;11.20;911.00;2.16;0
92;bunker;3535.00;11.00;925.00;2.43;0
92;bunker;3569.00;12.10;938.00;2.39;0
92;bunker;3348.00;12.05;989.00;0.01;0
92;bunker;3657.00;11.70;948.00;0.25;0
92;bunker;3369.00;10.60;895.00;3.54;0
92;bunker;3414.00;10.85;915.00;4.13;0
92;bunker;3547.00;12.88;872.00;3.31;0
92;bunker;3529.00;10.40;833.00;6.26;0
92;bunker;3387.00;10.70;905.00;1.97;0
92;bunker;3475.00;11.12;897.00;3.86;0
92;bunker;3389.00;10.30;892.00;0.20;0
92;bunker;3556.00;10.53;847.00;1.39;0
92;bunker;3406.00;10.50;862.00;3.00;0
92;bunker;3524.00;10.65;838.00;1.13;0
92;bunker;3369.00;10.15;927.00;0.12;0
92;bunker;3584.00;10.53;849.00;0.08;0
92;bunker;3561.00;11.50;868.00;3.96;0
92;bunker;3448.00;10.88;881.00;4.57;0
92;bunker;3523.00;10.35;830.00;5.87;0
92;coastal_bunker;3417.00;9.50;852.00;-0.46;0
92;coastal_bunker;3682.00;9.50;851.00;0.09;0
92;coastal_bunker;3823.00;9.60;759.00;-1.03;0
92;coastal_bunker;3720.00;9.50;867.00;0.00;0
92;coastal_bunker;3545.00;10.45;840.00;0.64;0
92;coastal_bunker;3614.00;9.90;853.00;0.46;0
92;coastal_bunker;3440.00;9.85;854.00;0.40;0
92;coastal_bunker;3620.00;9.50;855.00;0.07;0
92;coastal_bunker;3570.00;9.95;851.00;0.67;0
92;coastal_bunker;3400.00;9.95;879.00;0.32;0
92;coastal_bunker;3653.00;9.85;850.00;0.17;0
92;coastal_bunker;3484.00;9.60;873.00;0.20;0
92;coastal_bunker;3395.00;9.50;848.00;-1.11;0
92;coastal_bunker;3777.00;9.80;800.00;-0.48;0
92;coastal_bunker;3508.00;9.50;850.00;-0.93;0
92;coastal_bunker;3518.00;9.95;827.00;0.00;0
92;coastal_bunker;3582.00;9.95;844.00;0.00;0
92;coastal_bunker;3512.00;10.30;843.00;-1.77;0
92;coastal_bunker;3639.00;9.85;857.00;-0.61;0
92;coastal_bunker;3736.00;9.95;827.00;-0.95;0
92;coastal_bunker;3456.00;10.00;864.00;0.79;0
92;coastal_bunker;3540.00;9.60;837.00;0.46;0
92;coastal_bunker;3402.00;9.55;877.00;-1.39;0
92;coastal_bunker;3464.00;9.60;873.00;0.40;0
92;coastal_bunker;3377.00;9.80;888.00;0.36;0
92;stronghold_network;3524.00;12.80;945.00;3.03;0
92;dockyard;3512.00;9.60;849.00;-1.77;0
92;anti_air_building;3835.00;11.50;798.00;2.88;0
92;anti_air_building;3653.00;15.03;1007.00;3.18;0
92;anti_air_building;3492.00;11.90;1013.00;4.45;0
92;synthetic_refinery;3665.00;15.80;1006.00;1.70;0
92;fuel_silo;3345.00;11.10;955.00;4.44;0
92;radar_station;3597.00;12.00;936.00;4.81;0
92;nuclear_reactor_spawn;3592.00;10.62;1009.00;1.67;0
92;special_project_facility_spawn;3809.00;11.60;978.00;0.02;0
92;special_project_facility_spawn;3542.00;10.93;980.00;3.40;0
92;special_project_facility_spawn;3782.00;14.23;907.00;4.90;0
92;special_project_facility_spawn;3502.00;11.20;1053.00;0.47;0
92;special_project_facility_spawn;3439.00;12.10;1032.00;4.41;0
92;special_project_facility_spawn;3665.00;14.90;1000.00;2.49;0
92;special_project_facility_spawn;3765.00;10.45;849.00;2.73;0
92;special_project_facility_spawn;3833.00;11.35;796.00;5.62;0
92;special_project_facility_spawn;3552.00;10.90;850.00;2.97;0
92;special_project_facility_spawn;3619.00;13.73;997.00;3.86;0
92;special_project_facility_spawn;3816.00;12.75;876.00;4.30;0
92;special_project_facility_spawn;3412.00;12.20;994.00;5.20;0
92;special_project_facility_spawn;3381.00;11.70;995.00;5.18;0
92;special_project_facility_spawn;3422.00;10.60;881.00;4.05;0
92;special_project_facility_spawn;3765.00;11.20;1032.00;2.87;0
92;special_project_facility_spawn;3790.00;11.30;1024.00;5.64;0
92;special_project_facility_spawn;3350.00;12.57;1001.00;2.05;0
92;special_project_facility_spawn;3568.00;10.50;1022.00;2.94;0
92;special_project_facility_spawn;3591.00;12.00;947.00;2.93;0
92;special_project_facility_spawn;3538.00;11.80;938.00;0.78;0
92;special_project_facility_spawn;3518.00;11.12;892.00;4.51;0
92;special_project_facility_spawn;3656.00;11.18;881.00;4.71;0
92;special_project_facility_spawn;3334.00;10.88;941.00;3.52;0
92;special_project_facility_spawn;3680.00;12.62;1032.00;4.08;0
92;special_project_facility_spawn;3349.00;10.57;909.00;5.15;0
92;special_project_facility_spawn;3717.00;11.40;936.00;3.23;0
92;special_project_facility_spawn;3594.00;13.00;1055.00;0.70;0
92;special_project_facility_spawn;3665.00;11.75;960.00;4.14;0
92;special_project_facility_spawn;3362.00;11.20;957.00;4.57;0
92;special_project_facility_spawn;3345.00;11.10;956.00;0.84;0
92;special_project_facility_spawn;3547.00;10.30;996.00;1.74;0
92;special_project_facility_spawn;3355.00;12.60;1010.00;5.91;0
92;special_project_facility_spawn;3725.00;10.35;863.00;4.68;0
92;special_project_facility_spawn;3678.00;12.65;947.00;0.58;0
92;special_project_facility_spawn;3863.00;11.80;840.00;5.00;0
92;special_project_facility_spawn;3534.00;10.80;1002.00;1.13;0
92;special_project_facility_spawn;3596.00;12.28;980.00;2.49;0
92;special_project_facility_spawn;3509.00;12.80;945.00;2.78;0
92;special_project_facility_spawn;3563.00;12.55;915.00;5.45;0
92;special_project_facility_spawn;3357.00;12.15;1031.00;3.22;0
92;special_project_facility_spawn;3623.00;11.55;879.00;3.46;0
92;special_project_facility_spawn;3359.00;12.00;990.00;1.49;0
92;special_project_facility_spawn;3435.00;10.80;896.00;0.66;0
92;special_project_facility_spawn;3467.00;12.80;1018.00;3.36;0
92;special_project_facility_spawn;3745.00;10.30;824.00;0.56;0
92;special_project_facility_spawn;3532.00;10.53;910.00;5.88;0
92;special_project_facility_spawn;3754.00;11.50;1040.00;5.04;0
92;special_project_facility_spawn;3504.00;12.85;961.00;0.37;0
92;special_project_facility_spawn;3364.00;10.50;895.00;3.68;0
92;special_project_facility_spawn;3419.00;10.75;898.00;3.50;0
92;special_project_facility_spawn;3619.00;11.60;897.00;0.96;0
92;special_project_facility_spawn;3493.00;11.75;931.00;4.66;0
92;special_project_facility_spawn;3672.00;15.65;1000.00;1.08;0
92;special_project_facility_spawn;3555.00;11.23;858.00;0.77;0
92;special_project_facility_spawn;3628.00;11.45;939.00;4.79;0
92;special_project_facility_spawn;3420.00;10.90;918.00;4.12;0
92;special_project_facility_spawn;3610.00;11.60;934.00;0.46;0
92;special_project_facility_spawn;3601.00;10.90;889.00;6.07;0
92;special_project_facility_spawn;3699.00;10.25;877.00;1.85;0
92;special_project_facility_spawn;3650.00;11.90;954.00;1.97;0
92;special_project_facility_spawn;3677.00;12.30;1088.00;1.73;0
92;special_project_facility_spawn;3410.00;10.40;954.00;4.93;0
92;special_project_facility_spawn;3404.00;11.40;984.00;0.25;0
92;special_project_facility_spawn;3641.00;12.95;1034.00;0.29;0
92;special_project_facility_spawn;3593.00;11.25;873.00;3.89;0
92;special_project_facility_spawn;3746.00;10.50;969.00;1.35;0
92;special_project_facility_spawn;3451.00;10.80;872.00;0.79;0
92;special_project_facility_spawn;3440.00;10.80;989.00;1.91;0
92;special_project_facility_spawn;3552.00;12.70;896.00;2.07;0
92;special_project_facility_spawn;3460.00;11.18;914.00;2.90;0
92;special_project_facility_spawn;3348.00;11.18;948.00;5.29;0
92;special_project_facility_spawn;3360.00;10.53;900.00;2.77;0
92;special_project_facility_spawn;3457.00;11.35;987.00;4.94;0
92;special_project_facility_spawn;3549.00;10.30;1020.00;4.81;0
92;special_project_facility_spawn;3342.00;10.45;925.00;2.30;0
92;special_project_facility_spawn;3386.00;10.25;930.00;2.56;0
92;special_project_facility_spawn;3409.00;10.57;856.00;3.61;0
92;special_project_facility_spawn;3459.00;11.10;1055.00;2.24;0
92;special_project_facility_spawn;3571.00;11.45;881.00;4.21;0
92;special_project_facility_spawn;3573.00;10.30;852.00;5.04;0
92;special_project_facility_spawn;3404.00;10.50;907.00;1.51;0
92;special_project_facility_spawn;3650.00;10.85;866.00;5.52;0
92;special_project_facility_spawn;3586.00;11.00;866.00;4.85;0
92;special_project_facility_spawn;3579.00;12.18;920.00;1.75;0
92;special_project_facility_spawn;3599.00;11.60;920.00;5.33;0
92;special_project_facility_spawn;3442.00;10.30;963.00;2.45;0
92;special_project_facility_spawn;3504.00;10.60;882.00;0.35;0
92;special_project_facility_spawn;3445.00;10.90;932.00;0.92;0
92;special_project_facility_spawn;3404.00;10.80;922.00;0.13;0
92;special_project_facility_spawn;3483.00;12.20;997.00;5.60;0
92;special_project_facility_spawn;3418.00;10.45;953.00;1.48;0
92;special_project_facility_spawn;3502.00;11.80;913.00;3.97;0
92;special_project_facility_spawn;3643.00;11.85;908.00;3.71;0
92;special_project_facility_spawn;3502.00;10.60;877.00;2.23;0
92;special_project_facility_spawn;3471.00;10.57;879.00;0.90;0
92;special_project_facility_spawn;3475.00;11.18;899.00;4.16;0
92;special_project_facility_spawn;3465.00;11.50;960.00;2.59;0
92;special_project_facility_spawn;3666.00;10.57;857.00;3.25;0
92;special_project_facility_spawn;3522.00;10.82;849.00;5.82;0
92;special_project_facility_spawn;3548.00;12.75;953.00;1.95;0
92;special_project_facility_spawn;3549.00;12.45;869.00;1.12;0
92;special_project_facility_spawn;3536.00;10.88;843.00;2.22;0
92;special_project_facility_spawn;3480.00;10.20;878.00;4.43;0
92;special_project_facility_spawn;3608.00;10.57;858.00;1.00;0
92;special_project_facility_spawn;3403.00;10.60;904.00;1.07;0
92;special_project_facility_spawn;3523.00;10.82;880.00;5.38;0
92;special_project_facility_spawn;3517.00;10.30;843.00;5.30;0
92;special_project_facility_spawn;3359.00;10.30;916.00;2.88;0
92;special_project_facility_spawn;3379.00;10.55;900.00;2.82;0
92;special_project_facility_spawn;3560.00;11.18;863.00;1.95;0
92;special_project_facility_spawn;3519.00;10.80;865.00;3.42;0
92;special_project_facility_spawn;3351.00;12.80;1010.00;5.65;0
92;special_project_facility_spawn;3402.00;10.53;888.00;5.51;0
92;special_project_facility_spawn;3463.00;11.40;906.00;4.66;0
92;special_project_facility_spawn;3429.00;10.53;974.00;4.78;0
92;special_project_facility_spawn;3415.00;10.25;855.00;5.65;0
92;special_project_facility_spawn;3587.00;10.50;847.00;2.11;0
92;special_project_facility_spawn;3512.00;10.85;865.00;3.73;0
92;special_project_facility_spawn;3436.00;10.50;888.00;2.88;0
92;special_project_facility_spawn;3436.00;10.50;860.00;5.27;0
92;special_project_facility_spawn;3399.00;10.30;885.00;2.98;0
92;special_project_facility_spawn;3526.00;10.45;834.00;3.30;0
92;naval_base_spawn;3581.00;9.50;842.00;0.00;4021
92;naval_base_spawn;3576.00;9.60;850.00;0.67;4176
92;naval_base_spawn;3440.00;9.85;854.00;0.40;3631
92;naval_base_spawn;3810.00;9.60;762.00;-1.03;4553
92;naval_base_spawn;3370.00;9.85;883.00;0.36;3856
92;naval_base_spawn;3518.00;9.50;826.00;0.00;4176
92;naval_base_spawn;3767.00;9.85;810.00;-0.48;3466
92;naval_base_spawn;3751.00;9.50;817.00;-0.95;3466
92;naval_base_spawn;3400.00;9.50;877.00;0.32;3856
92;naval_base_spawn;3635.00;9.95;855.00;-0.61;4021
92;naval_base_spawn;3503.00;9.60;853.00;-0.93;3631
92;naval_base_spawn;3406.00;9.60;868.00;-1.39;3856
92;naval_base_spawn;3606.00;10.30;850.00;0.46;4021
92;naval_base_spawn;3545.00;10.35;839.00;0.64;4176
92;naval_base_spawn;3712.00;9.90;871.00;0.00;3466
92;naval_base_spawn;3620.00;9.50;855.00;0.07;4021
92;naval_base_spawn;3486.00;9.60;873.00;0.20;3631
92;naval_base_spawn;3686.00;10.25;861.00;0.98;3466
92;naval_base_spawn;3674.00;10.20;843.00;0.17;4021
92;naval_base_spawn;3460.00;9.60;868.00;0.79;3631
92;naval_base_spawn;3545.00;9.60;838.00;0.46;4176
92;naval_base_spawn;3430.00;9.50;853.00;0.52;3631
92;naval_base_spawn;3397.00;9.60;856.00;-1.11;3856
92;naval_base_spawn;3469.00;9.60;875.00;0.40;3631
92;naval_base_spawn;3515.00;9.60;847.00;-1.77;3631
92;floating_harbor;3623.50;9.50;847.02;-3.07;125
92;floating_harbor;3800.00;9.50;774.40;-4.17;232
92;floating_harbor;3729.00;9.50;802.00;-3.26;554
92;floating_harbor;3763.77;9.50;802.79;-3.62;567
92;floating_harbor;3697.82;9.50;861.12;-2.16;576
92;floating_harbor;3397.11;9.50;870.75;-4.53;858
92;floating_harbor;3573.37;9.50;843.53;-2.47;1214
92;floating_harbor;3394.74;9.50;849.87;-4.25;1224
92;floating_harbor;3484.37;9.50;867.14;-2.94;1407
92;floating_harbor;3635.99;9.50;849.27;-3.75;1685
92;floating_harbor;3494.40;9.50;853.80;-4.07;1731
92;floating_harbor;3442.76;9.50;849.57;-2.74;1878
92;floating_harbor;3393.21;9.50;877.36;-2.82;1889
92;floating_harbor;3539.13;9.50;827.74;-2.68;1949
92;floating_harbor;3606.13;9.50;839.74;-2.68;1978
92;floating_harbor;3557.20;9.50;836.40;-2.50;2099
92;floating_harbor;3461.95;9.50;861.05;-2.36;2133
92;floating_harbor;3716.00;9.50;861.00;-3.14;2134
92;floating_harbor;3506.14;9.50;843.37;1.37;2286
92;floating_harbor;3376.46;10.10;878.45;-2.78;2983
92;floating_harbor;3469.76;9.50;867.57;-2.74;2992
92;floating_harbor;3428.47;9.50;846.92;-2.62;3001
92;floating_harbor;3586.00;9.50;836.00;-3.14;3006
92;floating_harbor;3665.15;9.50;835.10;-2.98;3011
92;floating_harbor;3521.00;9.50;821.00;-3.14;3019
93;arms_factory;4571.00;11.65;967.00;1.79;0
93;arms_factory;4596.00;12.55;827.00;2.49;0
93;arms_factory;4584.00;11.40;876.00;4.84;0
93;arms_factory;4560.00;11.15;869.00;0.68;0
93;arms_factory;4583.00;10.60;855.00;5.33;0
93;arms_factory;4534.00;11.25;973.00;0.96;0
93;industrial_complex;4410.00;13.25;988.00;2.90;0
93;industrial_complex;4472.00;13.35;830.00;1.05;0
93;industrial_complex;4577.00;11.53;804.00;2.98;0
93;industrial_complex;4455.00;12.10;844.00;0.34;0
93;industrial_complex;4588.00;11.40;784.00;0.19;0
93;industrial_complex;4653.00;12.23;942.00;5.52;0
93;air_base;4431.00;12.65;984.00;3.61;0
93;supply_node;4613.00;13.75;858.00;0.93;0
93;supply_node;4564.00;11.95;893.00;5.52;0
93;supply_node;4458.00;12.82;826.00;6.25;0
93;supply_node;4412.00;11.80;886.00;3.17;0
93;supply_node;4361.00;12.70;902.00;3.34;0
93;supply_node;4587.00;12.10;1009.00;5.13;0
93;supply_node;4539.00;15.90;761.00;2.53;0
93;supply_node;4523.00;12.60;962.00;3.21;0
93;supply_node;4474.00;13.65;783.00;0.64;0
93;supply_node;4600.00;13.18;816.00;5.74;0
93;supply_node;4433.00;15.07;786.00;2.29;0
93;supply_node;4660.00;11.65;1003.00;1.34;0
93;supply_node;4691.00;10.60;925.00;2.19;0
93;supply_node;4626.00;12.05;1031.00;1.33;0
93;supply_node;4528.00;13.15;867.00;4.44;0
93;supply_node;4567.00;11.50;965.00;3.79;0
93;supply_node;4499.00;11.70;822.00;2.04;0
93;supply_node;4547.00;11.15;827.00;2.31;0
93;supply_node;4654.00;12.15;886.00;3.12;0
93;supply_node;4473.00;14.15;954.00;3.47;0
93;supply_node;4458.00;12.80;872.00;5.08;0
93;supply_node;4590.00;12.70;923.00;1.85;0
93;supply_node;4524.00;12.55;916.00;6.28;0
93;supply_node;4450.00;13.40;906.00;0.26;0
93;supply_node;4567.00;11.07;858.00;0.14;0
93;supply_node;4406.00;21.65;817.00;1.42;0
93;supply_node;4425.00;13.50;847.00;5.72;0
93;supply_node;4636.00;12.15;927.00;4.22;0
93;supply_node;4488.00;16.75;923.00;4.94;0
93;supply_node;4425.00;13.98;935.00;0.96;0
93;supply_node;4604.00;12.80;959.00;5.08;0
93;supply_node;4608.00;12.25;892.00;5.39;0
93;supply_node;4547.00;11.80;999.00;2.29;0
93;supply_node;4528.00;13.20;794.00;2.94;0
93;supply_node;4576.00;11.35;780.00;6.21;0
93;supply_node;4675.00;11.10;958.00;5.42;0
93;supply_node;4553.00;12.62;931.00;5.89;0
93;supply_node;4620.00;10.80;992.00;0.61;0
93;supply_node;4425.00;13.73;974.00;2.77;0
93;supply_node;4644.00;11.10;967.00;6.11;0
93;supply_node;4393.00;13.70;918.00;4.20;0
93;supply_node;4500.00;14.00;890.00;0.79;0
93;supply_node;4491.00;12.70;857.00;1.05;0
93;bunker;4634.00;13.10;952.00;2.96;0
93;bunker;4441.00;12.75;903.00;0.01;0
93;bunker;4624.00;12.88;895.00;6.20;0
93;bunker;4439.00;13.10;940.00;1.09;0
93;bunker;4578.00;10.85;855.00;4.86;0
93;bunker;4476.00;14.40;961.00;1.38;0
93;bunker;4568.00;11.43;944.00;2.91;0
93;bunker;4518.00;11.80;849.00;0.00;0
93;bunker;4543.00;10.80;985.00;3.95;0
93;bunker;4509.00;12.40;804.00;2.73;0
93;bunker;4468.00;13.60;829.00;3.56;0
93;bunker;4446.00;11.20;853.00;4.87;0
93;bunker;4446.00;13.03;764.00;4.61;0
93;bunker;4451.00;12.53;871.00;0.72;0
93;bunker;4412.00;22.10;817.00;5.43;0
93;bunker;4627.00;13.15;851.00;3.43;0
93;bunker;4561.00;11.80;881.00;3.97;0
93;bunker;4540.00;15.90;758.00;2.64;0
93;bunker;4597.00;12.32;829.00;3.86;0
93;bunker;4613.00;11.05;975.00;4.20;0
93;bunker;4493.00;11.75;811.00;4.73;0
93;bunker;4461.00;12.93;768.00;5.96;0
93;bunker;4508.00;13.30;919.00;5.40;0
93;bunker;4434.00;12.75;987.00;5.26;0
93;bunker;4389.00;13.70;937.00;0.49;0
93;bunker;4622.00;10.80;995.00;0.30;0
93;bunker;4554.00;10.60;950.00;1.27;0
93;bunker;4530.00;12.30;941.00;4.78;0
93;bunker;4634.00;12.95;944.00;1.88;0
93;bunker;4548.00;11.18;827.00;0.51;0
93;bunker;4488.00;14.70;883.00;4.22;0
93;bunker;4670.00;11.25;937.00;4.67;0
93;bunker;4416.00;12.20;869.00;5.82;0
93;bunker;4706.00;10.40;921.00;1.26;0
93;bunker;4574.00;11.95;1005.00;1.85;0
93;bunker;4656.00;12.15;869.00;2.17;0
93;bunker;4477.00;14.60;905.00;0.65;0
93;bunker;4578.00;12.40;934.00;0.28;0
93;bunker;4558.00;13.65;777.00;1.98;0
93;bunker;4678.00;10.70;1015.00;0.24;0
93;bunker;4502.00;12.00;849.00;0.51;0
93;bunker;4356.00;12.57;904.00;1.62;0
93;bunker;4624.00;10.85;1020.00;3.24;0
93;coastal_bunker;4679.00;9.60;904.00;0.79;0
93;coastal_bunker;4675.00;9.60;893.00;-4.56;0
93;stronghold_network;4601.00;12.30;856.00;6.01;0
93;dockyard;4673.00;10.30;890.00;-4.56;0
93;anti_air_building;4677.00;10.50;923.00;0.97;0
93;anti_air_building;4423.00;18.38;816.00;6.02;0
93;anti_air_building;4525.00;11.00;829.00;1.01;0
93;synthetic_refinery;4706.00;10.90;930.00;0.25;0
93;fuel_silo;4484.00;12.60;846.00;3.35;0
93;radar_station;4531.00;13.80;900.00;3.49;0
93;nuclear_reactor_spawn;4422.00;13.93;972.00;5.44;0
93;special_project_facility_spawn;4594.00;11.07;842.00;5.42;0
93;special_project_facility_spawn;4412.00;13.75;961.00;5.37;0
93;special_project_facility_spawn;4633.00;12.80;885.00;5.83;0
93;special_project_facility_spawn;4590.00;12.23;937.00;0.24;0
93;special_project_facility_spawn;4528.00;12.07;860.00;5.56;0
93;special_project_facility_spawn;4421.00;13.25;916.00;3.00;0
93;special_project_facility_spawn;4587.00;12.20;1014.00;2.12;0
93;special_project_facility_spawn;4545.00;15.80;756.00;2.62;0
93;special_project_facility_spawn;4432.00;15.18;789.00;1.58;0
93;special_project_facility_spawn;4402.00;13.00;871.00;5.81;0
93;special_project_facility_spawn;4585.00;11.65;778.00;1.56;0
93;special_project_facility_spawn;4617.00;10.85;1019.00;1.68;0
93;special_project_facility_spawn;4465.00;14.28;971.00;3.90;0
93;special_project_facility_spawn;4614.00;11.00;976.00;5.43;0
93;special_project_facility_spawn;4559.00;11.40;826.00;3.67;0
93;special_project_facility_spawn;4636.00;12.25;908.00;5.21;0
93;special_project_facility_spawn;4657.00;10.90;969.00;2.72;0
93;special_project_facility_spawn;4677.00;11.20;983.00;2.87;0
93;special_project_facility_spawn;4442.00;12.70;829.00;5.77;0
93;special_project_facility_spawn;4486.00;14.70;900.00;3.23;0
93;special_project_facility_spawn;4472.00;13.95;878.00;4.63;0
93;special_project_facility_spawn;4400.00;18.62;812.00;4.61;0
93;special_project_facility_spawn;4605.00;13.05;853.00;4.49;0
93;special_project_facility_spawn;4370.00;13.65;898.00;2.68;0
93;special_project_facility_spawn;4576.00;10.75;847.00;1.21;0
93;special_project_facility_spawn;4478.00;13.10;801.00;1.41;0
93;special_project_facility_spawn;4583.00;12.53;957.00;0.73;0
93;special_project_facility_spawn;4516.00;13.00;946.00;2.85;0
93;special_project_facility_spawn;4483.00;12.30;815.00;2.19;0
93;special_project_facility_spawn;4716.00;10.35;919.00;5.54;0
93;special_project_facility_spawn;4525.00;13.00;912.00;2.53;0
93;special_project_facility_spawn;4395.00;13.90;912.00;4.05;0
93;special_project_facility_spawn;4592.00;12.00;978.00;0.90;0
93;special_project_facility_spawn;4646.00;11.07;990.00;3.64;0
93;special_project_facility_spawn;4491.00;16.45;914.00;3.15;0
93;special_project_facility_spawn;4540.00;13.40;892.00;4.25;0
93;special_project_facility_spawn;4542.00;11.40;945.00;3.34;0
93;special_project_facility_spawn;4479.00;12.40;858.00;6.03;0
93;special_project_facility_spawn;4417.00;12.18;863.00;3.59;0
93;special_project_facility_spawn;4627.00;12.90;899.00;2.16;0
93;special_project_facility_spawn;4543.00;11.35;993.00;1.04;0
93;special_project_facility_spawn;4530.00;15.20;777.00;3.78;0
93;special_project_facility_spawn;4453.00;12.90;927.00;2.29;0
93;naval_base_spawn;4721.00;9.90;922.00;0.79;4292
93;naval_base_spawn;4673.00;10.15;880.00;-4.56;4292
93;floating_harbor;4705.95;9.50;910.05;-2.36;597
93;floating_harbor;4680.92;9.50;890.04;-1.42;914
94;arms_factory;4318.00;16.15;778.00;4.84;0
94;arms_factory;4241.00;14.00;784.00;0.68;0
94;arms_factory;4216.00;14.35;684.00;5.33;0
94;arms_factory;4390.00;11.40;679.00;0.96;0
94;arms_factory;4309.00;12.78;744.00;2.90;0
94;arms_factory;4236.00;14.18;782.00;1.05;0
94;industrial_complex;4420.00;11.50;679.00;2.98;0
94;industrial_complex;4426.00;11.98;691.00;0.34;0
94;industrial_complex;4214.00;14.25;689.00;0.19;0
94;industrial_complex;4272.00;10.55;618.00;5.52;0
94;industrial_complex;4243.00;14.30;783.00;3.61;0
94;industrial_complex;4300.00;16.40;819.00;3.61;0
94;air_base;4155.00;11.80;755.00;3.37;0
94;supply_node;4333.00;16.40;778.00;6.25;0
94;supply_node;4286.00;14.93;768.00;3.17;0
94;supply_node;4215.00;12.28;817.00;3.34;0
94;supply_node;4285.00;14.10;716.00;5.13;0
94;supply_node;4371.00;16.02;834.00;2.53;0
94;supply_node;4382.00;16.10;788.00;3.21;0
94;supply_node;4201.00;10.53;537.00;0.64;0
94;supply_node;4292.00;15.05;839.00;5.74;0
94;supply_node;4282.00;10.35;608.00;2.29;0
94;supply_node;4201.00;13.55;755.00;1.34;0
94;supply_node;4194.00;10.50;598.00;2.19;0
94;supply_node;4145.00;10.90;742.00;1.33;0
94;supply_node;4226.00;14.85;741.00;4.44;0
94;supply_node;4422.00;10.80;652.00;3.79;0
94;supply_node;4419.00;13.10;756.00;2.04;0
94;supply_node;4382.00;11.05;666.00;2.31;0
94;supply_node;4289.00;13.20;693.00;3.12;0
94;supply_node;4308.00;13.15;729.00;3.47;0
94;supply_node;4234.00;15.45;764.00;5.08;0
94;supply_node;4302.00;10.60;618.00;1.85;0
94;supply_node;4263.00;10.50;578.00;6.28;0
94;supply_node;4295.00;11.15;637.00;0.26;0
94;supply_node;4224.00;11.88;638.00;0.14;0
94;supply_node;4246.00;13.53;873.00;1.42;0
94;supply_node;4404.00;11.10;670.00;5.72;0
94;supply_node;4186.00;11.40;657.00;4.22;0
94;supply_node;4239.00;15.03;675.00;4.94;0
94;supply_node;4305.00;13.50;872.00;0.96;0
94;supply_node;4367.00;11.55;721.00;5.08;0
94;supply_node;4421.00;11.55;696.00;5.39;0
94;supply_node;4130.00;12.18;787.00;2.29;0
94;supply_node;4249.00;15.60;707.00;2.94;0
94;supply_node;4181.00;12.80;736.00;6.21;0
94;supply_node;4395.00;10.90;717.00;5.42;0
94;supply_node;4245.00;10.82;554.00;5.89;0
94;supply_node;4157.00;12.93;814.00;0.61;0
94;supply_node;4218.00;14.40;702.00;2.77;0
94;supply_node;4243.00;10.65;608.00;6.11;0
94;supply_node;4271.00;13.98;662.00;4.20;0
94;supply_node;4196.00;13.20;694.00;0.79;0
94;supply_node;4171.00;11.40;704.00;1.05;0
94;supply_node;4380.00;10.82;692.00;4.72;0
94;supply_node;4198.00;12.25;670.00;4.73;0
94;supply_node;4199.00;11.00;615.00;0.90;0
94;supply_node;4211.00;14.05;682.00;3.36;0
94;supply_node;4332.00;15.48;834.00;3.81;0
94;supply_node;4299.00;16.50;795.00;4.72;0
94;supply_node;4230.00;10.55;621.00;4.57;0
94;supply_node;4262.00;14.60;782.00;6.13;0
94;supply_node;4185.00;10.60;561.00;4.05;0
94;supply_node;4342.00;11.05;629.00;2.36;0
94;supply_node;4218.00;10.90;604.00;1.51;0
94;supply_node;4337.00;11.48;648.00;2.04;0
94;supply_node;4308.00;10.30;602.00;5.27;0
94;supply_node;4319.00;11.10;636.00;4.84;0
94;supply_node;4327.00;11.70;706.00;1.58;0
94;supply_node;4385.00;12.15;747.00;6.01;0
94;supply_node;4170.00;11.05;533.00;3.97;0
94;supply_node;4259.00;12.65;644.00;5.98;0
94;supply_node;4218.00;11.10;568.00;5.32;0
94;supply_node;4322.00;11.95;662.00;3.71;0
94;supply_node;4269.00;15.65;700.00;4.89;0
94;supply_node;4149.00;10.35;514.00;4.69;0
94;supply_node;4199.00;10.35;565.00;2.83;0
94;supply_node;4260.00;13.20;810.00;5.16;0
94;supply_node;4171.00;10.50;647.00;2.43;0
94;supply_node;4351.00;10.45;689.00;2.92;0
94;supply_node;4220.00;14.00;664.00;2.52;0
94;supply_node;4155.00;10.60;547.00;3.49;0
94;supply_node;4285.00;13.65;674.00;0.06;0
94;supply_node;4170.00;10.53;669.00;5.45;0
94;supply_node;4284.00;14.20;743.00;2.87;0
94;supply_node;4142.00;10.57;527.00;3.59;0
94;supply_node;4164.00;13.00;767.00;0.92;0
94;supply_node;4258.00;10.50;559.00;0.84;0
94;supply_node;4178.00;10.50;617.00;0.64;0
94;supply_node;4264.00;10.40;606.00;2.95;0
94;supply_node;4336.00;12.53;741.00;4.23;0
94;supply_node;4248.00;14.70;659.00;4.67;0
94;supply_node;4251.00;10.90;624.00;5.86;0
94;supply_node;4206.00;14.10;723.00;1.57;0
94;supply_node;4262.00;15.35;680.00;0.50;0
94;supply_node;4165.00;10.10;581.00;2.60;0
94;supply_node;4357.00;11.10;647.00;3.44;0
94;supply_node;4269.00;11.15;627.00;2.44;0
94;supply_node;4261.00;14.32;757.00;4.44;0
94;supply_node;4199.00;13.03;780.00;1.10;0
94;supply_node;4181.00;11.70;682.00;1.63;0
94;supply_node;4320.00;10.53;618.00;3.03;0
94;supply_node;4398.00;10.50;641.00;1.89;0
94;supply_node;4172.00;10.30;600.00;3.61;0
94;supply_node;4197.00;10.55;636.00;4.15;0
94;supply_node;4187.00;13.15;711.00;2.06;0
94;supply_node;4424.00;13.65;722.00;3.49;0
94;supply_node;4260.00;13.70;732.00;3.44;0
94;supply_node;4156.00;10.57;702.00;4.63;0
94;supply_node;4240.00;10.85;590.00;4.14;0
94;supply_node;4213.00;11.10;546.00;3.87;0
94;supply_node;4207.00;11.12;584.00;5.24;0
94;supply_node;4433.00;11.00;675.00;0.77;0
94;supply_node;4292.00;12.00;658.00;4.57;0
94;supply_node;4372.00;10.55;649.00;3.07;0
94;supply_node;4341.00;12.60;864.00;0.04;0
94;supply_node;4218.00;12.40;851.00;5.96;0
94;supply_node;4256.00;13.65;841.00;0.08;0
94;supply_node;4347.00;16.65;806.00;6.14;0
94;supply_node;4184.00;11.80;803.00;1.40;0
94;supply_node;4231.00;12.75;790.00;1.07;0
94;supply_node;4360.00;13.50;761.00;3.65;0
94;supply_node;4310.00;14.28;757.00;4.94;0
94;supply_node;4125.00;10.45;756.00;2.16;0
94;supply_node;4159.00;11.20;725.00;4.43;0
94;supply_node;4233.00;15.15;720.00;5.54;0
94;supply_node;4344.00;12.30;717.00;1.60;0
94;supply_node;4306.00;12.50;705.00;5.69;0
94;supply_node;4234.00;15.00;691.00;4.43;0
94;supply_node;4164.00;10.40;689.00;1.50;0
94;supply_node;4317.00;11.20;686.00;2.43;0
94;supply_node;4301.00;12.55;682.00;3.93;0
94;supply_node;4331.00;10.90;679.00;2.05;0
94;supply_node;4306.00;12.30;668.00;3.64;0
94;supply_node;4360.00;11.50;668.00;5.01;0
94;supply_node;4341.00;11.50;666.00;2.59;0
94;supply_node;4206.00;11.10;653.00;3.32;0
94;supply_node;4230.00;14.03;653.00;4.18;0
94;supply_node;4446.00;10.30;657.00;1.17;0
94;supply_node;4307.00;11.70;651.00;2.41;0
94;supply_node;4279.00;12.05;646.00;2.60;0
94;supply_node;4242.00;12.65;641.00;1.51;0
94;supply_node;4159.00;10.25;636.00;3.83;0
94;supply_node;4182.00;10.80;636.00;4.03;0
94;supply_node;4212.00;10.60;628.00;0.70;0
94;supply_node;4284.00;10.80;624.00;2.34;0
94;supply_node;4287.00;10.30;596.00;1.87;0
94;supply_node;4256.00;10.53;593.00;3.66;0
94;supply_node;4274.00;10.30;590.00;1.68;0
94;supply_node;4224.00;11.05;588.00;4.17;0
94;supply_node;4183.00;10.35;586.00;4.23;0
94;supply_node;4283.00;9.50;584.00;1.90;0
94;supply_node;4232.00;11.65;575.00;3.58;0
94;supply_node;4248.00;11.12;574.00;5.69;0
94;supply_node;4175.00;10.40;574.00;0.20;0
94;supply_node;4157.00;10.30;568.00;0.93;0
94;supply_node;4270.00;10.50;570.00;6.07;0
94;supply_node;4166.00;10.50;560.00;1.69;0
94;supply_node;4230.00;11.45;545.00;2.42;0
94;supply_node;4177.00;10.90;547.00;0.13;0
94;supply_node;4154.00;10.88;532.00;0.29;0
94;supply_node;4183.00;10.50;530.00;3.22;0
94;supply_node;4165.00;10.50;520.00;0.84;0
94;supply_node;4136.00;10.55;509.00;5.80;0
94;bunker;4190.00;11.18;818.00;5.25;0
94;bunker;4222.00;16.35;874.00;5.07;0
94;bunker;4333.00;16.43;779.00;0.94;0
94;bunker;4217.00;13.60;863.00;5.43;0
94;bunker;4259.00;14.40;856.00;3.59;0
94;bunker;4168.00;12.30;821.00;1.87;0
94;bunker;4251.00;10.53;611.00;0.78;0
94;bunker;4424.00;13.80;723.00;0.01;0
94;bunker;4262.00;15.55;692.00;0.66;0
94;bunker;4347.00;10.40;618.00;6.07;0
94;bunker;4247.00;14.20;724.00;4.29;0
94;bunker;4255.00;13.70;792.00;2.31;0
94;bunker;4247.00;15.30;774.00;3.15;0
94;bunker;4370.00;10.80;686.00;2.60;0
94;bunker;4228.00;10.45;601.00;2.21;0
94;bunker;4424.00;10.60;650.00;2.10;0
94;bunker;4209.00;14.05;702.00;5.82;0
94;bunker;4234.00;13.07;647.00;5.22;0
94;bunker;4208.00;14.00;762.00;2.56;0
94;bunker;4330.00;11.70;703.00;4.20;0
94;bunker;4251.00;14.90;752.00;3.60;0
94;bunker;4237.00;10.50;619.00;1.06;0
94;bunker;4194.00;10.85;611.00;5.72;0
94;bunker;4390.00;16.20;800.00;0.56;0
94;bunker;4227.00;11.43;570.00;5.77;0
94;bunker;4426.00;14.40;739.00;4.77;0
94;bunker;4290.00;13.75;853.00;5.00;0
94;bunker;4355.00;14.25;859.00;6.17;0
94;bunker;4295.00;11.43;641.00;0.31;0
94;bunker;4181.00;13.00;721.00;3.77;0
94;bunker;4201.00;10.55;592.00;3.15;0
94;bunker;4294.00;14.40;750.00;3.74;0
94;bunker;4313.00;10.65;617.00;5.98;0
94;bunker;4431.00;12.30;689.00;0.22;0
94;bunker;4327.00;13.60;846.00;4.93;0
94;bunker;4343.00;12.88;744.00;0.27;0
94;bunker;4367.00;11.30;663.00;3.76;0
94;bunker;4260.00;10.50;567.00;5.13;0
94;bunker;4370.00;16.73;811.00;2.50;0
94;bunker;4316.00;14.10;756.00;4.55;0
94;bunker;4173.00;11.25;697.00;2.20;0
94;bunker;4217.00;15.05;744.00;3.02;0
94;bunker;4269.00;10.30;577.00;1.51;0
94;bunker;4182.00;10.60;605.00;3.01;0
94;bunker;4270.00;11.25;632.00;5.93;0
94;bunker;4262.00;14.98;676.00;0.13;0
94;bunker;4251.00;14.10;739.00;2.51;0
94;bunker;4347.00;11.40;661.00;4.21;0
94;bunker;4282.00;14.23;713.00;3.27;0
94;bunker;4114.00;13.40;800.00;5.07;0
94;bunker;4219.00;13.62;779.00;0.26;0
94;bunker;4232.00;15.30;700.00;1.77;0
94;bunker;4283.00;16.00;806.00;3.68;0
94;bunker;4246.00;11.23;629.00;1.15;0
94;bunker;4374.00;10.60;652.00;5.39;0
94;bunker;4426.00;10.90;672.00;2.21;0
94;bunker;4195.00;13.55;718.00;3.05;0
94;bunker;4160.00;10.57;696.00;3.72;0
94;bunker;4212.00;11.35;646.00;2.13;0
94;bunker;4303.00;12.45;683.00;0.32;0
94;bunker;4288.00;16.40;800.00;4.44;0
94;bunker;4196.00;10.80;627.00;3.71;0
94;bunker;4290.00;16.00;774.00;5.47;0
94;bunker;4378.00;11.10;718.00;5.45;0
94;bunker;4292.00;12.00;662.00;5.98;0
94;bunker;4276.00;13.93;669.00;2.85;0
94;bunker;4361.00;13.80;765.00;1.50;0
94;bunker;4389.00;12.60;759.00;5.28;0
94;bunker;4373.00;16.40;825.00;2.16;0
94;bunker;4268.00;10.57;607.00;2.43;0
94;bunker;4208.00;13.95;690.00;2.39;0
94;bunker;4308.00;14.10;860.00;0.01;0
94;bunker;4162.00;12.62;764.00;0.25;0
94;bunker;4413.00;11.12;663.00;3.54;0
94;bunker;4155.00;10.80;541.00;4.13;0
94;bunker;4152.00;11.60;754.00;3.31;0
94;bunker;4336.00;12.80;722.00;6.26;0
94;bunker;4199.00;12.75;792.00;1.97;0
94;bunker;4206.00;10.30;568.00;3.86;0
94;bunker;4193.00;10.57;563.00;0.20;0
94;bunker;4372.00;11.20;663.00;1.39;0
94;bunker;4306.00;12.50;705.00;3.00;0
94;bunker;4128.00;10.55;756.00;1.13;0
94;bunker;4229.00;14.70;673.00;0.12;0
94;bunker;4392.00;10.95;704.00;0.08;0
94;bunker;4318.00;11.15;639.00;3.96;0
94;bunker;4203.00;11.80;814.00;4.57;0
94;bunker;4278.00;10.57;602.00;5.87;0
94;bunker;4215.00;11.35;585.00;6.19;0
94;bunker;4357.00;10.85;704.00;1.70;0
94;bunker;4213.00;14.45;724.00;0.23;0
94;bunker;4255.00;14.40;652.00;2.86;0
94;bunker;4313.00;12.05;695.00;0.74;0
94;bunker;4190.00;13.00;700.00;5.65;0
94;bunker;4284.00;13.85;679.00;4.49;0
94;bunker;4215.00;10.30;531.00;5.00;0
94;bunker;4314.00;11.80;654.00;1.43;0
94;bunker;4236.00;13.15;646.00;0.01;0
94;bunker;4300.00;13.70;740.00;0.04;0
94;bunker;4168.00;10.30;657.00;0.18;0
94;bunker;4195.00;11.80;665.00;0.14;0
94;bunker;4299.00;12.57;671.00;5.69;0
94;bunker;4386.00;10.30;639.00;2.12;0
94;bunker;4183.00;11.30;674.00;4.91;0
94;bunker;4294.00;13.12;692.00;2.14;0
94;bunker;4327.00;11.50;670.00;2.41;0
94;bunker;4219.00;12.32;654.00;2.85;0
94;bunker;4331.00;10.55;627.00;5.49;0
94;bunker;4190.00;11.20;653.00;1.38;0
94;bunker;4366.00;11.07;656.00;2.20;0
94;bunker;4247.00;10.60;549.00;3.25;0
94;bunker;4175.00;10.25;608.00;0.21;0
94;bunker;4169.00;11.65;723.00;2.07;0
94;bunker;4334.00;11.50;651.00;3.03;0
94;bunker;4286.00;11.95;653.00;2.65;0
94;bunker;4216.00;11.53;638.00;2.88;0
94;bunker;4216.00;10.90;549.00;3.18;0
94;bunker;4169.00;10.30;659.00;4.45;0
94;bunker;4249.00;15.50;719.00;1.70;0
94;bunker;4330.00;11.00;676.00;4.44;0
94;bunker;4152.00;10.75;517.00;4.61;0
94;bunker;4258.00;14.85;659.00;1.67;0
94;bunker;4247.00;10.60;595.00;0.02;0
94;bunker;4440.00;10.60;663.00;3.40;0
94;bunker;4165.00;10.60;527.00;4.90;0
94;bunker;4140.00;10.50;526.00;0.47;0
94;bunker;4164.00;10.15;639.00;4.41;0
94;bunker;4160.00;10.50;711.00;2.49;0
94;bunker;4311.00;10.57;609.00;2.73;0
94;bunker;4181.00;11.10;645.00;5.62;0
94;bunker;4209.00;10.53;632.00;2.97;0
94;bunker;4277.00;10.50;618.00;3.86;0
94;bunker;4293.00;10.20;600.00;4.30;0
94;bunker;4252.00;10.55;584.00;5.20;0
94;bunker;4273.00;10.30;586.00;5.18;0
94;bunker;4223.00;10.65;597.00;4.05;0
94;bunker;4187.00;10.70;579.00;2.87;0
94;bunker;4171.00;10.25;583.00;5.64;0
94;bunker;4280.00;10.30;583.00;2.05;0
94;bunker;4226.00;11.48;578.00;2.94;0
94;bunker;4241.00;11.50;574.00;2.93;0
94;bunker;4172.00;10.40;574.00;0.78;0
94;bunker;4156.00;10.10;563.00;4.51;0
94;bunker;4272.00;10.30;574.00;4.71;0
94;bunker;4161.00;10.40;561.00;3.52;0
94;bunker;4226.00;11.30;557.00;4.08;0
94;bunker;4174.00;10.88;555.00;5.15;0
94;bunker;4155.00;10.90;529.00;3.23;0
94;bunker;4184.00;10.60;533.00;0.70;0
94;bunker;4178.00;10.50;520.00;4.14;0
94;bunker;4136.00;10.40;513.00;4.57;0
94;coastal_bunker;4170.00;9.85;627.00;-2.03;0
94;coastal_bunker;4342.00;10.00;619.00;0.59;0
94;coastal_bunker;4148.00;9.85;550.00;-1.57;0
94;coastal_bunker;4436.00;9.90;649.00;0.00;0
94;coastal_bunker;4263.00;10.30;562.00;0.98;0
94;coastal_bunker;4320.00;10.30;615.00;0.32;0
94;coastal_bunker;4140.00;10.00;530.00;-2.55;0
94;coastal_bunker;4161.00;9.85;581.00;-2.16;0
94;coastal_bunker;4241.00;10.00;536.00;0.08;0
94;coastal_bunker;4151.00;10.00;717.00;-0.96;0
94;coastal_bunker;4125.00;9.50;736.00;-0.20;0
94;coastal_bunker;4359.00;9.60;635.00;0.35;0
94;coastal_bunker;4306.00;9.50;603.00;-0.24;0
94;coastal_bunker;4147.00;9.95;515.00;-0.54;0
94;coastal_bunker;4159.00;9.85;644.00;-0.79;0
94;coastal_bunker;4392.00;10.30;627.00;-0.46;0
94;coastal_bunker;4164.00;9.85;675.00;-1.98;0
94;coastal_bunker;4139.00;9.60;730.00;-0.46;0
94;coastal_bunker;4275.00;9.85;579.00;1.57;0
94;coastal_bunker;4157.00;9.95;693.00;-1.19;0
94;coastal_bunker;4294.00;9.50;598.00;1.57;0
94;coastal_bunker;4164.00;9.50;656.00;-2.19;0
94;coastal_bunker;4299.00;9.80;604.00;-0.21;0
94;coastal_bunker;4153.00;9.95;704.00;-1.57;0
94;coastal_bunker;4222.00;10.00;522.00;0.35;0
94;coastal_bunker;4372.00;9.60;643.00;0.64;0
94;coastal_bunker;4426.00;9.50;639.00;0.29;0
94;coastal_bunker;4209.00;9.50;529.00;0.85;0
94;coastal_bunker;4387.00;10.30;654.00;0.49;0
94;coastal_bunker;4169.00;9.85;599.00;-2.03;0
94;coastal_bunker;4278.00;9.50;578.00;0.32;0
94;coastal_bunker;4286.00;10.10;582.00;1.11;0
94;coastal_bunker;4155.00;9.85;572.00;-1.57;0
94;coastal_bunker;4270.00;9.50;565.00;0.98;0
94;coastal_bunker;4235.00;10.00;531.00;0.19;0
94;coastal_bunker;4146.00;9.60;539.00;-2.29;0
94;coastal_bunker;4185.00;9.60;527.00;0.54;0
94;coastal_bunker;4175.00;9.60;517.00;0.64;0
94;coastal_bunker;4141.00;10.30;509.00;-0.79;0
94;coastal_bunker;4295.00;10.20;603.00;1.23;0
94;stronghold_network;4257.00;14.20;744.00;2.90;0
94;dockyard;4164.00;10.25;674.00;-1.98;0
94;anti_air_building;4159.00;10.80;546.00;2.77;0
94;anti_air_building;4274.00;12.53;647.00;4.94;0
94;anti_air_building;4200.00;10.70;586.00;4.81;0
94;synthetic_refinery;4269.00;14.62;786.00;2.30;0
94;fuel_silo;4247.00;13.50;834.00;2.56;0
94;radar_station;4282.00;14.18;703.00;1.79;0
94;nuclear_reactor_spawn;4152.00;10.80;737.00;2.24;0
94;special_project_facility_spawn;4168.00;12.45;786.00;4.21;0
94;special_project_facility_spawn;4335.00;11.48;650.00;5.04;0
94;special_project_facility_spawn;4259.00;13.68;732.00;1.51;0
94;special_project_facility_spawn;4436.00;13.38;707.00;5.52;0
94;special_project_facility_spawn;4209.00;12.93;672.00;4.85;0
94;special_project_facility_spawn;4165.00;11.93;732.00;1.75;0
94;special_project_facility_spawn;4333.00;16.30;777.00;5.33;0
94;special_project_facility_spawn;4355.00;15.85;774.00;2.45;0
94;special_project_facility_spawn;4385.00;12.00;745.00;0.35;0
94;special_project_facility_spawn;4140.00;10.95;743.00;0.92;0
94;special_project_facility_spawn;4190.00;13.12;760.00;0.13;0
94;special_project_facility_spawn;4362.00;11.50;723.00;5.60;0
94;special_project_facility_spawn;4358.00;16.00;832.00;1.48;0
94;special_project_facility_spawn;4299.00;11.03;639.00;3.97;0
94;special_project_facility_spawn;4223.00;14.70;663.00;3.71;0
94;special_project_facility_spawn;4188.00;12.35;792.00;2.23;0
94;special_project_facility_spawn;4144.00;11.05;783.00;0.90;0
94;special_project_facility_spawn;4239.00;15.20;746.00;4.16;0
94;special_project_facility_spawn;4302.00;15.03;757.00;2.59;0
94;special_project_facility_spawn;4323.00;16.50;804.00;3.25;0
94;special_project_facility_spawn;4228.00;11.70;637.00;5.82;0
94;special_project_facility_spawn;4209.00;10.60;610.00;1.95;0
94;special_project_facility_spawn;4395.00;10.50;654.00;1.12;0
94;special_project_facility_spawn;4263.00;10.30;606.00;2.22;0
94;special_project_facility_spawn;4264.00;15.65;705.00;4.43;0
94;special_project_facility_spawn;4244.00;10.75;546.00;1.00;0
94;special_project_facility_spawn;4304.00;12.20;687.00;1.07;0
94;special_project_facility_spawn;4335.00;16.05;832.00;5.38;0
94;special_project_facility_spawn;4371.00;11.30;669.00;5.30;0
94;special_project_facility_spawn;4328.00;10.90;634.00;2.88;0
94;special_project_facility_spawn;4237.00;10.30;603.00;2.82;0
94;special_project_facility_spawn;4370.00;10.60;648.00;1.95;0
94;special_project_facility_spawn;4442.00;11.60;676.00;3.42;0
94;special_project_facility_spawn;4232.00;13.30;865.00;5.65;0
94;special_project_facility_spawn;4278.00;14.35;715.00;5.51;0
94;special_project_facility_spawn;4398.00;15.40;797.00;4.66;0
94;special_project_facility_spawn;4310.00;10.50;607.00;4.78;0
94;special_project_facility_spawn;4249.00;13.40;801.00;5.65;0
94;special_project_facility_spawn;4294.00;11.90;652.00;2.11;0
94;special_project_facility_spawn;4315.00;12.40;661.00;3.73;0
94;special_project_facility_spawn;4299.00;13.55;710.00;2.88;0
94;special_project_facility_spawn;4316.00;16.30;793.00;5.27;0
94;special_project_facility_spawn;4239.00;13.30;788.00;2.98;0
94;special_project_facility_spawn;4175.00;11.23;692.00;3.30;0
94;special_project_facility_spawn;4221.00;12.18;836.00;3.09;0
94;special_project_facility_spawn;4325.00;10.65;627.00;0.67;0
94;special_project_facility_spawn;4262.00;11.93;640.00;2.46;0
94;special_project_facility_spawn;4282.00;13.80;761.00;4.30;0
94;special_project_facility_spawn;4405.00;11.25;678.00;4.63;0
94;special_project_facility_spawn;4169.00;10.25;594.00;4.93;0
94;special_project_facility_spawn;4238.00;15.40;713.00;2.54;0
94;special_project_facility_spawn;4279.00;14.55;690.00;3.67;0
94;special_project_facility_spawn;4163.00;10.90;550.00;2.70;0
94;special_project_facility_spawn;4361.00;10.82;645.00;0.12;0
94;special_project_facility_spawn;4247.00;10.60;595.00;5.89;0
94;special_project_facility_spawn;4201.00;13.28;676.00;5.79;0
94;special_project_facility_spawn;4339.00;10.95;630.00;3.27;0
94;special_project_facility_spawn;4361.00;11.25;659.00;1.16;0
94;special_project_facility_spawn;4295.00;14.28;857.00;2.34;0
94;special_project_facility_spawn;4405.00;13.30;777.00;4.60;0
94;special_project_facility_spawn;4374.00;11.05;693.00;5.62;0
94;special_project_facility_spawn;4267.00;13.95;653.00;4.42;0
94;special_project_facility_spawn;4239.00;14.85;775.00;0.28;0
94;special_project_facility_spawn;4184.00;10.50;554.00;1.17;0
94;special_project_facility_spawn;4282.00;13.60;670.00;0.01;0
94;special_project_facility_spawn;4222.00;13.50;803.00;2.36;0
94;special_project_facility_spawn;4272.00;14.55;793.00;5.96;0
94;special_project_facility_spawn;4317.00;13.60;886.00;1.90;0
94;special_project_facility_spawn;4194.00;13.25;777.00;4.99;0
94;special_project_facility_spawn;4176.00;11.15;819.00;3.27;0
94;special_project_facility_spawn;4183.00;11.10;647.00;3.56;0
94;special_project_facility_spawn;4408.00;12.32;720.00;0.23;0
94;special_project_facility_spawn;4163.00;10.10;576.00;1.77;0
94;special_project_facility_spawn;4208.00;10.95;594.00;1.38;0
94;special_project_facility_spawn;4258.00;10.50;584.00;5.09;0
94;special_project_facility_spawn;4429.00;14.10;722.00;0.27;0
94;special_project_facility_spawn;4158.00;10.70;701.00;0.40;0
94;special_project_facility_spawn;4239.00;15.07;666.00;0.06;0
94;special_project_facility_spawn;4182.00;12.88;735.00;3.26;0
94;special_project_facility_spawn;4251.00;15.30;684.00;0.19;0
94;special_project_facility_spawn;4205.00;10.15;561.00;1.26;0
94;special_project_facility_spawn;4252.00;13.35;829.00;5.27;0
94;special_project_facility_spawn;4257.00;10.60;562.00;5.95;0
94;special_project_facility_spawn;4196.00;11.05;546.00;4.92;0
94;special_project_facility_spawn;4342.00;10.70;684.00;2.39;0
94;special_project_facility_spawn;4210.00;14.05;703.00;3.37;0
94;special_project_facility_spawn;4184.00;10.50;610.00;3.68;0
94;special_project_facility_spawn;4323.00;12.10;714.00;1.20;0
94;special_project_facility_spawn;4430.00;10.60;653.00;2.58;0
94;special_project_facility_spawn;4148.00;10.30;513.00;2.29;0
94;special_project_facility_spawn;4171.00;10.95;696.00;1.09;0
94;special_project_facility_spawn;4173.00;10.53;664.00;1.16;0
94;special_project_facility_spawn;4307.00;13.30;726.00;0.00;0
94;special_project_facility_spawn;4193.00;10.85;631.00;6.26;0
94;special_project_facility_spawn;4245.00;15.15;694.00;0.09;0
94;special_project_facility_spawn;4174.00;10.82;535.00;2.71;0
94;special_project_facility_spawn;4340.00;12.48;866.00;1.56;0
94;special_project_facility_spawn;4174.00;10.53;649.00;1.31;0
94;special_project_facility_spawn;4241.00;11.82;637.00;1.65;0
94;special_project_facility_spawn;4175.00;12.10;718.00;0.08;0
94;special_project_facility_spawn;4164.00;10.30;642.00;1.99;0
94;special_project_facility_spawn;4241.00;15.55;711.00;3.52;0
94;special_project_facility_spawn;4223.00;11.50;575.00;0.03;0
94;special_project_facility_spawn;4256.00;15.07;757.00;5.86;0
94;special_project_facility_spawn;4271.00;12.40;645.00;4.49;0
94;special_project_facility_spawn;4200.00;13.55;694.00;1.89;0
94;special_project_facility_spawn;4269.00;11.85;639.00;5.52;0
94;special_project_facility_spawn;4175.00;10.60;642.00;6.16;0
94;special_project_facility_spawn;4321.00;11.10;684.00;2.28;0
94;special_project_facility_spawn;4203.00;13.93;723.00;6.03;0
94;special_project_facility_spawn;4178.00;11.50;689.00;4.39;0
94;special_project_facility_spawn;4199.00;10.55;590.00;3.36;0
94;special_project_facility_spawn;4202.00;10.82;547.00;2.62;0
94;special_project_facility_spawn;4327.00;12.15;733.00;4.79;0
94;special_project_facility_spawn;4299.00;10.30;612.00;0.94;0
94;special_project_facility_spawn;4245.00;14.25;651.00;1.21;0
94;special_project_facility_spawn;4280.00;10.30;609.00;3.46;0
94;special_project_facility_spawn;4346.00;11.90;711.00;5.87;0
94;special_project_facility_spawn;4248.00;11.30;629.00;3.39;0
94;special_project_facility_spawn;4316.00;12.10;656.00;1.39;0
94;special_project_facility_spawn;4343.00;10.55;680.00;3.93;0
94;special_project_facility_spawn;4237.00;14.75;657.00;2.09;0
94;special_project_facility_spawn;4129.00;10.60;757.00;3.63;0
94;special_project_facility_spawn;4310.00;11.98;671.00;0.22;0
94;special_project_facility_spawn;4291.00;14.40;747.00;2.10;0
94;special_project_facility_spawn;4454.00;10.75;652.00;4.76;0
94;special_project_facility_spawn;4337.00;11.43;665.00;1.54;0
94;special_project_facility_spawn;4227.00;10.53;615.00;5.49;0
94;special_project_facility_spawn;4213.00;10.60;627.00;2.40;0
94;special_project_facility_spawn;4201.00;10.90;655.00;6.04;0
94;special_project_facility_spawn;4285.00;10.85;625.00;2.05;0
94;special_project_facility_spawn;4141.00;10.55;524.00;5.91;0
94;special_project_facility_spawn;4283.00;10.50;594.00;1.21;0
94;special_project_facility_spawn;4198.00;10.80;621.00;5.98;0
94;special_project_facility_spawn;4254.00;10.45;595.00;6.18;0
94;special_project_facility_spawn;4277.00;10.30;585.00;2.62;0
94;special_project_facility_spawn;4226.00;10.50;594.00;6.13;0
94;special_project_facility_spawn;4180.00;10.30;585.00;3.83;0
94;special_project_facility_spawn;4283.00;10.30;586.00;1.42;0
94;special_project_facility_spawn;4239.00;11.50;575.00;1.72;0
94;special_project_facility_spawn;4255.00;10.82;576.00;0.84;0
94;special_project_facility_spawn;4174.00;10.10;567.00;6.16;0
94;special_project_facility_spawn;4166.00;10.10;570.00;1.27;0
94;special_project_facility_spawn;4272.00;10.30;576.00;0.48;0
94;special_project_facility_spawn;4164.00;10.50;558.00;4.62;0
94;special_project_facility_spawn;4227.00;11.25;542.00;6.24;0
94;special_project_facility_spawn;4174.00;11.10;543.00;2.93;0
94;special_project_facility_spawn;4151.00;10.60;532.00;4.42;0
94;special_project_facility_spawn;4186.00;10.75;538.00;5.21;0
94;special_project_facility_spawn;4173.00;10.25;518.00;4.91;0
94;special_project_facility_spawn;4137.00;10.40;518.00;2.17;0
94;naval_base_spawn;4105.00;9.50;754.00;-1.57;3633
94;naval_base_spawn;4168.00;9.50;616.00;-2.03;4029
94;naval_base_spawn;4457.00;9.55;646.00;0.00;3692
94;naval_base_spawn;4218.00;9.95;533.00;0.85;4038
94;naval_base_spawn;4274.00;10.25;579.00;1.57;4559
94;naval_base_spawn;4343.00;9.60;618.00;0.59;4454
94;naval_base_spawn;4165.00;10.10;609.00;-2.03;4029
94;naval_base_spawn;4131.00;9.60;732.00;-0.46;4315
94;naval_base_spawn;4263.00;10.30;561.00;0.98;3565
94;naval_base_spawn;4147.00;9.60;514.00;-0.54;3471
94;naval_base_spawn;4427.00;9.85;640.00;0.29;4454
94;naval_base_spawn;4392.00;9.60;625.00;-0.46;4454
94;naval_base_spawn;4149.00;9.50;548.00;-1.57;3471
94;naval_base_spawn;4164.00;9.50;678.00;-1.98;4315
94;naval_base_spawn;4162.00;9.85;684.00;-1.19;4315
94;naval_base_spawn;4243.00;10.45;539.00;0.08;3565
94;naval_base_spawn;4156.00;9.60;709.00;-1.57;4315
94;naval_base_spawn;4161.00;10.10;575.00;-2.16;4029
94;naval_base_spawn;4222.00;10.00;522.00;0.35;4038
94;naval_base_spawn;4145.00;9.95;537.00;-2.55;3471
94;naval_base_spawn;4166.00;9.50;631.00;-0.79;4029
94;naval_base_spawn;4305.00;9.80;594.00;-0.24;4559
94;naval_base_spawn;4290.00;9.90;591.00;1.57;4559
94;naval_base_spawn;4359.00;10.30;636.00;0.35;4454
94;naval_base_spawn;4164.00;9.85;650.00;-2.19;4029
94;naval_base_spawn;4297.00;9.50;603.00;-0.21;4559
94;naval_base_spawn;4150.00;9.60;717.00;-0.96;4315
94;naval_base_spawn;4388.00;9.90;654.00;0.49;4454
94;naval_base_spawn;4330.00;9.50;622.00;-4.39;4454
94;naval_base_spawn;4366.00;9.60;638.00;0.64;4454
94;naval_base_spawn;4296.00;9.80;603.00;1.23;4559
94;naval_base_spawn;4278.00;9.50;578.00;0.32;4559
94;naval_base_spawn;4281.00;10.25;583.00;1.11;4559
94;naval_base_spawn;4153.00;10.25;569.00;-1.57;4029
94;naval_base_spawn;4276.00;10.25;571.00;0.98;3565
94;naval_base_spawn;4239.00;10.45;535.00;0.19;3565
94;naval_base_spawn;4147.00;10.30;540.00;-2.29;3471
94;naval_base_spawn;4184.00;10.30;522.00;0.54;4038
94;naval_base_spawn;4159.00;9.95;511.00;0.64;4038
94;naval_base_spawn;4140.00;10.30;507.00;-0.79;3471
94;floating_harbor;4214.27;9.50;525.39;-2.29;163
94;floating_harbor;4302.59;9.50;600.65;-1.91;231
94;floating_harbor;4135.87;9.50;723.74;-3.61;316
94;floating_harbor;4427.01;9.50;635.30;-2.85;382
94;floating_harbor;4384.00;9.50;616.00;-3.28;385
94;floating_harbor;4297.53;9.50;597.16;-3.35;513
94;floating_harbor;4282.00;9.50;578.00;-1.57;517
94;floating_harbor;4246.54;9.50;534.02;-3.06;864
94;floating_harbor;4349.88;9.50;617.18;-2.55;1230
94;floating_harbor;4305.30;9.50;591.21;-3.39;1292
94;floating_harbor;4142.40;10.16;503.00;-3.68;1483
94;floating_harbor;4158.30;9.50;656.07;0.95;1566
94;floating_harbor;4140.00;9.50;547.00;1.57;1639
94;floating_harbor;4156.57;9.50;674.76;1.17;1688
94;floating_harbor;4136.12;9.50;535.82;0.59;1714
94;floating_harbor;4266.82;9.50;553.12;-2.16;1723
94;floating_harbor;4163.74;9.50;624.13;1.11;1744
94;floating_harbor;4156.18;9.50;586.88;0.98;1902
94;floating_harbor;4363.39;9.50;629.42;-2.79;1905
94;floating_harbor;4324.21;9.50;605.36;-2.82;1999
94;floating_harbor;4391.87;9.50;628.74;-3.61;2033
94;floating_harbor;4159.74;9.50;606.13;1.11;2059
94;floating_harbor;4145.00;9.50;702.00;1.57;2139
94;floating_harbor;4224.37;9.50;514.41;-2.80;2223
94;floating_harbor;4379.20;9.50;639.40;-2.50;2315
94;floating_harbor;4121.63;9.50;739.14;-3.34;3037
94;floating_harbor;4143.27;9.50;713.99;-4.10;3042
94;floating_harbor;4152.50;9.50;684.40;-4.33;3051
94;floating_harbor;4446.00;9.50;643.00;-3.14;3064
94;floating_harbor;4153.05;9.50;630.05;-3.93;3069
94;floating_harbor;4297.00;9.50;596.00;-1.57;3077
94;floating_harbor;4280.21;9.50;571.36;-2.82;3081
94;floating_harbor;4291.26;9.50;579.87;-2.03;3086
94;floating_harbor;4147.00;9.50;568.00;1.57;3093
94;floating_harbor;4278.82;9.50;564.12;-2.16;3094
94;floating_harbor;4234.29;9.50;522.12;-2.96;3097
94;floating_harbor;4140.73;9.50;543.61;0.85;3104
94;floating_harbor;4189.60;9.50;519.00;-2.60;3105
94;floating_harbor;4172.20;9.50;510.40;-2.50;3108
94;floating_harbor;4130.05;9.50;503.05;-3.93;3109
95;arms_factory;3018.00;11.12;1001.00;5.33;0
95;arms_factory;3022.00;10.55;986.00;0.96;0
95;arms_factory;3019.00;10.30;984.00;2.90;0
95;arms_factory;3030.00;10.65;997.00;1.05;0
95;arms_factory;3027.00;10.50;992.00;2.98;0
95;arms_factory;3019.00;10.30;987.00;0.34;0
95;industrial_complex;3010.00;10.75;998.00;0.19;0
95;industrial_complex;3015.00;10.50;975.00;5.52;0
95;industrial_complex;3022.00;10.35;982.00;3.61;0
95;industrial_complex;3016.00;11.12;1001.00;3.61;0
95;industrial_complex;3026.00;10.53;990.00;3.37;0
95;industrial_complex;3019.00;10.57;992.00;0.90;0
95;air_base;3008.00;10.53;997.00;4.26;0
95;supply_node;3019.00;10.40;982.00;3.34;0
95;supply_node;3032.00;10.50;998.00;5.13;0
95;supply_node;3013.00;10.85;998.00;2.53;0
95;bunker;3041.00;10.50;1003.00;2.10;0
95;bunker;3021.00;10.30;980.00;2.27;0
95;bunker;3016.00;11.18;1002.00;3.46;0
95;coastal_bunker;3034.00;10.30;995.00;0.20;0
95;coastal_bunker;3011.00;9.60;975.00;-0.32;0
95;coastal_bunker;3003.00;10.30;997.00;-0.67;0
95;stronghold_network;3016.00;10.40;990.00;2.19;0
95;dockyard;3005.00;9.60;997.00;-0.67;0
95;anti_air_building;3023.00;10.50;984.00;0.45;0
95;anti_air_building;3011.00;10.45;995.00;4.12;0
95;anti_air_building;3011.00;11.12;1002.00;3.63;0
95;synthetic_refinery;3034.00;10.45;999.00;4.64;0
95;fuel_silo;3005.00;10.40;998.00;1.99;0
95;radar_station;3024.00;10.60;990.00;5.08;0
95;nuclear_reactor_spawn;3030.00;10.70;998.00;1.87;0
95;special_project_facility_spawn;3007.00;10.57;999.00;1.88;0
95;special_project_facility_spawn;3024.00;10.82;996.00;6.10;0
95;special_project_facility_spawn;3021.00;10.35;981.00;0.53;0
95;naval_base_spawn;3022.00;9.60;979.00;-0.32;4543
95;naval_base_spawn;3031.00;9.60;990.00;0.20;4543
95;naval_base_spawn;3011.00;9.50;991.00;-0.67;4543
95;floating_harbor;3015.79;9.50;972.36;-3.46;1154
95;floating_harbor;3034.37;9.50;986.14;-2.94;1877
95;floating_harbor;3004.63;9.50;987.53;-3.82;2911
96;arms_factory;4859.00;11.85;915.00;2.90;0
96;arms_factory;4784.00;11.10;924.00;1.05;0
96;arms_factory;4780.00;10.85;918.00;2.98;0
96;arms_factory;4873.00;13.20;932.00;0.34;0
96;arms_factory;4853.00;10.95;792.00;0.19;0
96;arms_factory;4845.00;12.40;942.00;5.52;0
96;industrial_complex;4861.00;13.45;941.00;3.61;0
96;industrial_complex;4863.00;10.45;767.00;3.61;0
96;industrial_complex;4898.00;10.53;896.00;3.37;0
96;industrial_complex;4899.00;10.82;809.00;0.90;0
96;industrial_complex;4895.00;10.70;845.00;4.26;0
96;industrial_complex;4898.00;10.82;837.00;0.16;0
96;air_base;4902.00;10.53;780.00;4.00;0
96;supply_node;4904.00;11.35;938.00;2.53;0
96;supply_node;4812.00;10.95;853.00;3.21;0
96;supply_node;4900.00;10.80;843.00;0.64;0
96;supply_node;4902.00;10.75;803.00;5.74;0
96;supply_node;4825.00;12.00;941.00;2.29;0
96;supply_node;4784.00;11.10;921.00;1.34;0
96;supply_node;4881.00;10.95;892.00;2.19;0
96;supply_node;4891.00;10.65;736.00;1.33;0
96;supply_node;4874.00;11.93;804.00;4.44;0
96;supply_node;4856.00;11.98;920.00;3.79;0
96;supply_node;4861.00;12.05;845.00;2.04;0
96;supply_node;4831.00;11.95;822.00;2.31;0
96;supply_node;4841.00;11.50;878.00;3.12;0
96;supply_node;4796.00;10.70;888.00;3.47;0
96;supply_node;4877.00;12.30;960.00;5.08;0
96;supply_node;4924.00;10.50;923.00;1.85;0
96;supply_node;4816.00;11.70;905.00;6.28;0
96;supply_node;4903.00;10.50;873.00;0.26;0
96;supply_node;4849.00;10.80;794.00;0.14;0
96;supply_node;4917.00;10.70;772.00;1.42;0
96;supply_node;4885.00;11.00;770.00;5.72;0
96;bunker;4894.00;10.30;719.00;5.23;0
96;bunker;4866.00;12.05;969.00;4.94;0
96;bunker;4815.00;11.40;955.00;1.26;0
96;bunker;4871.00;11.18;847.00;5.40;0
96;bunker;4893.00;11.00;815.00;1.29;0
96;bunker;4897.00;11.43;932.00;1.72;0
96;bunker;4885.00;10.70;903.00;4.60;0
96;bunker;4912.00;10.25;839.00;2.68;0
96;bunker;4855.00;12.00;923.00;6.16;0
96;bunker;4853.00;11.18;878.00;2.13;0
96;bunker;4907.00;10.50;900.00;5.37;0
96;bunker;4923.00;10.50;918.00;3.29;0
96;bunker;4878.00;11.25;775.00;4.44;0
96;bunker;4855.00;11.00;794.00;5.85;0
96;bunker;4810.00;10.55;839.00;4.77;0
96;bunker;4795.00;11.30;924.00;6.21;0
96;bunker;4888.00;11.20;819.00;2.96;0
96;bunker;4815.00;11.55;909.00;0.01;0
96;bunker;4827.00;11.53;829.00;6.20;0
96;bunker;4790.00;10.30;885.00;1.09;0
96;bunker;4915.00;10.40;754.00;4.86;0
96;coastal_bunker;4767.00;9.60;905.00;-1.11;0
96;coastal_bunker;4791.00;9.60;883.00;-1.37;0
96;coastal_bunker;4907.00;9.60;781.00;0.00;0
96;coastal_bunker;4878.00;9.60;738.00;-1.57;0
96;coastal_bunker;4849.00;9.60;785.00;-0.24;0
96;coastal_bunker;4876.00;9.60;760.00;-1.25;0
96;coastal_bunker;4812.00;9.60;823.00;-0.92;0
96;coastal_bunker;4808.00;9.60;826.00;-0.18;0
96;coastal_bunker;4920.00;10.20;857.00;1.57;0
96;coastal_bunker;4917.00;10.25;871.00;-3.82;0
96;coastal_bunker;4908.00;10.30;807.00;-4.21;0
96;coastal_bunker;4931.00;10.10;916.00;0.46;0
96;stronghold_network;4888.00;11.12;749.00;2.64;0
96;dockyard;4798.00;9.50;847.00;-1.14;0
96;anti_air_building;4846.00;11.50;877.00;4.20;0
96;anti_air_building;4903.00;10.30;881.00;4.73;0
96;anti_air_building;4886.00;11.00;973.00;5.96;0
96;synthetic_refinery;4841.00;11.50;854.00;5.40;0
96;fuel_silo;4884.00;10.88;863.00;5.26;0
96;radar_station;4852.00;11.95;849.00;2.43;0
96;nuclear_reactor_spawn;4849.00;12.55;932.00;0.30;0
96;special_project_facility_spawn;4868.00;11.25;855.00;1.27;0
96;special_project_facility_spawn;4826.00;11.75;823.00;4.78;0
96;special_project_facility_spawn;4857.00;11.70;814.00;1.88;0
96;special_project_facility_spawn;4831.00;11.50;887.00;0.51;0
96;special_project_facility_spawn;4913.00;10.50;920.00;4.22;0
96;special_project_facility_spawn;4891.00;10.55;859.00;4.67;0
96;special_project_facility_spawn;4915.00;10.50;863.00;5.82;0
96;special_project_facility_spawn;4861.00;13.45;943.00;1.26;0
96;special_project_facility_spawn;4835.00;12.28;912.00;1.85;0
96;special_project_facility_spawn;4887.00;11.00;758.00;2.17;0
96;special_project_facility_spawn;4785.00;11.10;914.00;0.65;0
96;special_project_facility_spawn;4909.00;11.30;944.00;0.28;0
96;special_project_facility_spawn;4880.00;11.45;911.00;1.98;0
96;special_project_facility_spawn;4821.00;11.10;863.00;0.24;0
96;special_project_facility_spawn;4898.00;10.45;719.00;0.51;0
96;special_project_facility_spawn;4858.00;11.20;797.00;1.62;0
96;special_project_facility_spawn;4883.00;12.55;955.00;3.24;0
96;special_project_facility_spawn;4816.00;11.65;945.00;4.66;0
96;special_project_facility_spawn;4912.00;10.30;753.00;1.34;0
96;special_project_facility_spawn;4904.00;11.25;790.00;6.01;0
96;special_project_facility_spawn;4790.00;10.65;893.00;4.39;0
96;naval_base_spawn;4926.00;10.30;782.00;0.00;3395
96;naval_base_spawn;4821.00;9.60;805.00;-0.92;4143
96;naval_base_spawn;4931.00;9.50;915.00;0.46;3462
96;naval_base_spawn;4918.00;10.15;850.00;1.57;4548
96;naval_base_spawn;4859.00;9.60;770.00;-0.24;4143
96;naval_base_spawn;4789.00;9.50;884.00;-1.37;4292
96;naval_base_spawn;4913.00;10.10;876.00;-3.82;3462
96;naval_base_spawn;4764.00;9.60;922.00;-1.11;4292
96;naval_base_spawn;4859.00;9.50;766.00;-1.25;4143
96;naval_base_spawn;4907.00;10.30;813.00;-4.21;4548
96;naval_base_spawn;4881.00;9.95;736.00;-1.57;4143
96;naval_base_spawn;4801.00;9.50;842.00;-1.14;4292
96;floating_harbor;4792.64;9.50;844.07;-4.28;43
96;floating_harbor;4920.00;9.50;843.00;-1.57;98
96;floating_harbor;4917.12;9.50;811.40;-1.06;176
96;floating_harbor;4759.74;9.50;908.87;-4.25;261
96;floating_harbor;4875.00;9.50;736.00;1.57;524
96;floating_harbor;4812.45;9.50;807.73;-4.06;1694
96;floating_harbor;4779.14;9.50;884.63;-4.52;1769
96;floating_harbor;4931.13;9.50;908.74;-2.68;2959
96;floating_harbor;4915.37;9.50;888.47;-0.67;2993
96;floating_harbor;4845.30;9.50;779.21;-3.39;3027
96;floating_harbor;4950.00;9.50;740.00;-2.26;3031
96;floating_harbor;4860.36;9.50;761.79;-4.39;3033
97;arms_factory;4617.00;10.30;782.00;2.98;0
97;arms_factory;4667.00;12.95;760.00;0.34;0
97;arms_factory;4678.00;10.57;653.00;0.19;0
97;arms_factory;4666.00;11.80;678.00;5.52;0
97;arms_factory;4476.00;14.40;755.00;3.61;0
97;arms_factory;4726.00;12.00;715.00;3.61;0
97;industrial_complex;4690.00;12.10;702.00;3.37;0
97;industrial_complex;4516.00;10.60;689.00;0.90;0
97;industrial_complex;4781.00;10.82;771.00;4.26;0
97;industrial_complex;4727.00;11.65;713.00;0.16;0
97;industrial_complex;4481.00;14.85;735.00;4.00;0
97;industrial_complex;4695.00;15.03;754.00;1.18;0
97;air_base;4539.00;13.12;712.00;2.10;0
97;supply_node;4608.00;11.18;756.00;0.64;0
97;supply_node;4607.00;10.75;669.00;5.74;0
97;supply_node;4672.00;13.10;743.00;2.29;0
97;supply_node;4542.00;12.18;702.00;1.34;0
97;supply_node;4494.00;11.60;706.00;2.19;0
97;supply_node;4680.00;12.53;691.00;1.33;0
97;supply_node;4731.00;11.48;706.00;4.44;0
97;supply_node;4465.00;11.07;663.00;3.79;0
97;supply_node;4459.00;14.48;732.00;2.04;0
97;supply_node;4726.00;11.50;818.00;2.31;0
97;supply_node;4685.00;10.85;654.00;3.12;0
97;supply_node;4744.00;12.60;760.00;3.47;0
97;supply_node;4674.00;12.80;789.00;5.08;0
97;supply_node;4709.00;13.70;731.00;1.85;0
97;supply_node;4694.00;11.00;855.00;6.28;0
97;supply_node;4680.00;11.00;603.00;0.26;0
97;supply_node;4736.00;10.80;871.00;0.14;0
97;supply_node;4492.00;10.60;662.00;1.42;0
97;supply_node;4643.00;12.82;833.00;5.72;0
97;supply_node;4786.00;11.43;766.00;4.22;0
97;supply_node;4641.00;10.80;727.00;4.94;0
97;supply_node;4608.00;12.23;709.00;0.96;0
97;supply_node;4557.00;10.70;673.00;5.08;0
97;supply_node;4641.00;11.80;686.00;5.39;0
97;supply_node;4462.00;13.45;693.00;2.29;0
97;supply_node;4710.00;14.35;778.00;2.94;0
97;supply_node;4494.00;15.10;751.00;6.21;0
97;supply_node;4763.00;11.15;721.00;5.42;0
97;supply_node;4635.00;10.85;629.00;5.89;0
97;supply_node;4637.00;11.25;780.00;0.61;0
97;supply_node;4764.00;11.10;810.00;2.77;0
97;supply_node;4708.00;10.90;674.00;6.11;0
97;supply_node;4769.00;10.57;854.00;4.20;0
97;supply_node;4569.00;13.60;730.00;0.79;0
97;supply_node;4709.00;10.30;881.00;1.05;0
97;supply_node;4678.00;11.55;826.00;4.72;0
97;supply_node;4523.00;14.80;730.00;4.73;0
97;supply_node;4577.00;12.35;692.00;0.90;0
97;supply_node;4516.00;10.55;683.00;3.36;0
97;supply_node;4648.00;11.25;652.00;3.81;0
97;supply_node;4655.00;10.75;608.00;4.72;0
97;bunker;4648.00;11.70;693.00;2.91;0
97;bunker;4697.00;12.30;710.00;0.00;0
97;bunker;4702.00;10.70;852.00;3.95;0
97;bunker;4755.00;11.95;767.00;2.73;0
97;bunker;4690.00;11.50;675.00;3.56;0
97;bunker;4635.00;11.60;715.00;4.87;0
97;bunker;4485.00;15.10;739.00;4.61;0
97;bunker;4544.00;10.50;672.00;0.72;0
97;bunker;4705.00;11.85;702.00;5.43;0
97;bunker;4630.00;13.10;831.00;3.43;0
97;bunker;4752.00;10.30;859.00;3.97;0
97;bunker;4728.00;11.40;826.00;2.64;0
97;bunker;4718.00;13.93;761.00;3.86;0
97;bunker;4805.00;10.55;767.00;4.20;0
97;bunker;4587.00;11.25;682.00;4.73;0
97;bunker;4655.00;11.50;774.00;5.96;0
97;bunker;4675.00;11.30;828.00;5.40;0
97;bunker;4609.00;11.35;689.00;5.26;0
97;bunker;4470.00;12.48;720.00;0.49;0
97;bunker;4672.00;13.05;742.00;0.30;0
97;bunker;4613.00;10.40;766.00;1.27;0
97;bunker;4493.00;10.60;666.00;4.78;0
97;bunker;4518.00;15.70;750.00;1.88;0
97;bunker;4686.00;12.35;800.00;0.51;0
97;bunker;4707.00;10.30;879.00;4.22;0
97;bunker;4765.00;10.90;803.00;4.67;0
97;bunker;4759.00;11.30;736.00;5.82;0
97;bunker;4642.00;11.95;659.00;1.26;0
97;bunker;4459.00;14.25;690.00;1.85;0
97;bunker;4710.00;10.35;662.00;2.17;0
97;bunker;4555.00;14.45;728.00;0.65;0
97;bunker;4675.00;10.40;655.00;0.28;0
97;bunker;4464.00;11.80;675.00;1.98;0
97;bunker;4535.00;11.10;696.00;0.24;0
97;bunker;4600.00;10.70;672.00;0.51;0
97;bunker;4522.00;10.45;683.00;1.62;0
97;bunker;4494.00;11.20;688.00;3.24;0
97;bunker;4680.00;10.70;615.00;4.66;0
97;bunker;4726.00;10.30;859.00;1.34;0
97;bunker;4642.00;10.82;614.00;6.01;0
97;bunker;4654.00;11.18;624.00;4.39;0
97;coastal_bunker;4797.00;10.00;782.00;-3.64;0
97;coastal_bunker;4628.00;9.50;621.00;-1.28;0
97;coastal_bunker;4693.00;10.30;646.00;0.28;0
97;coastal_bunker;4504.00;9.90;655.00;0.46;0
97;coastal_bunker;4672.00;10.25;623.00;-3.43;0
97;coastal_bunker;4751.00;10.30;891.00;-3.63;0
97;coastal_bunker;4763.00;9.60;851.00;1.11;0
97;coastal_bunker;4783.00;9.60;695.00;1.41;0
97;coastal_bunker;4730.00;10.35;693.00;0.74;0
97;coastal_bunker;4725.00;10.15;893.00;-3.27;0
97;coastal_bunker;4562.00;9.50;665.00;-0.24;0
97;coastal_bunker;4475.00;10.25;649.00;0.29;0
97;coastal_bunker;4658.00;10.40;642.00;1.00;0
97;coastal_bunker;4788.00;10.30;810.00;0.83;0
97;coastal_bunker;4726.00;10.35;845.00;-3.43;0
97;coastal_bunker;4653.00;9.50;594.00;0.23;0
97;coastal_bunker;4607.00;9.50;653.00;-0.69;0
97;coastal_bunker;4725.00;10.45;682.00;1.57;0
97;coastal_bunker;4686.00;10.10;876.00;-2.74;0
97;coastal_bunker;4522.00;9.50;671.00;0.24;0
97;stronghold_network;4688.00;13.20;734.00;5.43;0
97;dockyard;4691.00;10.40;596.00;-3.43;0
97;anti_air_building;4530.00;10.55;677.00;5.21;0
97;anti_air_building;4680.00;12.53;705.00;2.72;0
97;anti_air_building;4735.00;12.60;773.00;2.87;0
97;synthetic_refinery;4634.00;10.90;680.00;5.77;0
97;fuel_silo;4599.00;11.50;769.00;3.23;0
97;radar_station;4625.00;10.80;738.00;4.43;0
97;nuclear_reactor_spawn;4652.00;12.23;836.00;4.61;0
97;special_project_facility_spawn;4780.00;10.55;801.00;4.49;0
97;special_project_facility_spawn;4629.00;10.45;799.00;2.68;0
97;special_project_facility_spawn;4645.00;11.70;656.00;1.21;0
97;special_project_facility_spawn;4664.00;10.90;615.00;1.41;0
97;special_project_facility_spawn;4499.00;10.53;660.00;0.73;0
97;special_project_facility_spawn;4609.00;12.00;713.00;2.85;0
97;special_project_facility_spawn;4773.00;11.55;758.00;2.19;0
97;special_project_facility_spawn;4681.00;10.90;602.00;5.54;0
97;special_project_facility_spawn;4769.00;10.40;747.00;2.53;0
97;special_project_facility_spawn;4735.00;12.60;770.00;4.05;0
97;special_project_facility_spawn;4676.00;11.60;826.00;0.90;0
97;special_project_facility_spawn;4580.00;12.32;690.00;3.64;0
97;special_project_facility_spawn;4707.00;10.25;869.00;3.15;0
97;special_project_facility_spawn;4610.00;11.45;732.00;4.25;0
97;special_project_facility_spawn;4552.00;11.10;684.00;3.34;0
97;special_project_facility_spawn;4503.00;15.62;763.00;6.03;0
97;special_project_facility_spawn;4728.00;11.35;828.00;3.59;0
97;special_project_facility_spawn;4609.00;10.82;672.00;2.16;0
97;special_project_facility_spawn;4469.00;11.30;671.00;1.04;0
97;special_project_facility_spawn;4729.00;10.30;874.00;3.78;0
97;special_project_facility_spawn;4539.00;11.50;698.00;2.29;0
97;special_project_facility_spawn;4693.00;15.30;766.00;1.16;0
97;special_project_facility_spawn;4707.00;11.10;677.00;3.83;0
97;special_project_facility_spawn;4625.00;10.30;637.00;6.14;0
97;special_project_facility_spawn;4498.00;11.40;695.00;4.47;0
97;special_project_facility_spawn;4715.00;14.25;748.00;1.45;0
97;special_project_facility_spawn;4690.00;14.53;748.00;4.24;0
97;special_project_facility_spawn;4695.00;12.30;709.00;5.29;0
97;special_project_facility_spawn;4662.00;12.05;773.00;2.56;0
97;special_project_facility_spawn;4702.00;11.93;704.00;2.63;0
97;special_project_facility_spawn;4652.00;11.30;728.00;3.00;0
97;special_project_facility_spawn;4637.00;12.35;813.00;2.04;0
97;special_project_facility_spawn;4516.00;13.00;716.00;5.64;0
97;special_project_facility_spawn;4630.00;11.40;693.00;1.99;0
97;special_project_facility_spawn;4464.00;14.55;741.00;5.25;0
97;special_project_facility_spawn;4584.00;13.70;722.00;5.07;0
97;special_project_facility_spawn;4679.00;10.65;660.00;0.94;0
97;special_project_facility_spawn;4503.00;11.00;685.00;5.43;0
97;special_project_facility_spawn;4783.00;10.55;842.00;3.59;0
97;special_project_facility_spawn;4688.00;10.80;862.00;1.87;0
97;special_project_facility_spawn;4456.00;14.53;696.00;0.78;0
97;naval_base_spawn;4765.00;9.50;849.00;1.11;4292
97;naval_base_spawn;4672.00;9.95;625.00;-3.43;4298
97;naval_base_spawn;4752.00;10.35;840.00;-3.14;4292
97;naval_base_spawn;4602.00;9.55;653.00;-0.69;3707
97;naval_base_spawn;4563.00;9.50;664.00;-0.24;3707
97;naval_base_spawn;4726.00;10.30;846.00;-3.43;4292
97;naval_base_spawn;4759.00;10.45;785.00;-3.64;4143
97;naval_base_spawn;4677.00;9.60;648.00;0.28;4298
97;naval_base_spawn;4484.00;9.60;653.00;0.46;3707
97;naval_base_spawn;4682.00;10.20;876.00;-2.74;4292
97;naval_base_spawn;4770.00;9.60;700.00;0.19;4377
97;naval_base_spawn;4747.00;9.50;856.00;-3.63;4292
97;naval_base_spawn;4746.00;10.35;698.00;0.74;4377
97;naval_base_spawn;4632.00;9.50;616.00;-1.28;4043
97;naval_base_spawn;4704.00;10.15;655.00;0.07;4298
97;naval_base_spawn;4699.00;10.25;884.00;-3.27;4292
97;naval_base_spawn;4532.00;9.60;673.00;0.24;3707
97;naval_base_spawn;4637.00;9.60;607.00;-1.33;4043
97;naval_base_spawn;4475.00;9.60;647.00;0.29;3707
97;naval_base_spawn;4658.00;10.35;645.00;1.00;4298
97;floating_harbor;4593.57;9.50;652.58;-3.83;93
97;floating_harbor;4745.71;9.50;689.82;-2.40;250
97;floating_harbor;4471.98;9.50;639.28;-2.86;393
97;floating_harbor;4746.00;10.55;880.00;-0.33;465
97;floating_harbor;4695.00;9.50;631.00;-2.68;518
97;floating_harbor;4682.24;9.50;882.43;0.40;665
97;floating_harbor;4685.01;9.50;619.70;-0.29;675
97;floating_harbor;4748.28;9.50;894.19;-0.49;693
97;floating_harbor;4499.13;9.50;647.74;-2.68;762
97;floating_harbor;4795.35;9.50;783.15;-0.50;812
97;floating_harbor;4553.30;9.50;658.21;-3.39;1271
97;floating_harbor;4781.90;9.50;717.85;-1.74;1565
97;floating_harbor;4618.30;9.50;623.99;-4.42;1583
97;floating_harbor;4764.00;9.50;835.00;0.00;1666
97;floating_harbor;4727.00;9.50;674.00;-1.57;1682
97;floating_harbor;4746.00;10.55;880.00;0.77;1952
97;floating_harbor;4710.87;9.50;895.95;-0.12;2988
97;floating_harbor;4520.70;9.50;664.21;-2.90;3054
97;floating_harbor;4667.89;9.50;639.21;-2.14;3066
97;floating_harbor;4636.21;9.50;603.30;-4.47;3076
100;arms_factory;3981.00;10.53;535.00;3.37;0
100;arms_factory;3985.00;10.50;535.00;0.90;0
100;arms_factory;3984.00;10.55;535.00;4.26;0
100;arms_factory;3985.00;10.50;534.00;0.16;0
100;arms_factory;3983.00;10.57;533.00;4.00;0
100;arms_factory;3980.00;10.40;531.00;1.18;0
100;industrial_complex;3982.00;10.57;533.00;2.10;0
100;industrial_complex;3981.00;10.53;535.00;2.27;0
100;industrial_complex;4013.00;9.60;556.00;3.46;0
100;industrial_complex;3987.00;10.40;534.00;0.09;0
100;industrial_complex;3981.00;10.53;535.00;2.78;0
100;industrial_complex;3979.00;10.50;533.00;4.45;0
100;air_base;3983.00;10.53;532.00;2.19;0
100;supply_node;4013.00;10.35;557.00;4.44;0
100;supply_node;3999.00;10.35;542.00;3.79;0
100;supply_node;3983.00;10.57;533.00;2.04;0
100;bunker;3982.00;10.60;534.00;3.63;0
100;bunker;4015.00;10.35;559.00;4.64;0
100;bunker;3999.00;10.35;542.00;1.99;0
100;coastal_bunker;3999.00;10.35;544.00;-1.57;0
100;coastal_bunker;3983.00;10.45;537.00;-3.39;0
100;coastal_bunker;4014.00;10.35;559.00;-3.14;0
100;stronghold_network;4014.00;9.60;556.00;6.10;0
100;dockyard;3982.00;9.60;530.00;-4.51;0
100;anti_air_building;3982.00;10.53;532.00;0.79;0
100;anti_air_building;3999.00;10.35;542.00;4.05;0
100;anti_air_building;3982.00;10.57;533.00;5.23;0
100;synthetic_refinery;4014.00;10.35;559.00;4.94;0
100;fuel_silo;3983.00;10.57;533.00;1.26;0
100;radar_station;3998.00;9.60;544.00;5.08;0
100;nuclear_reactor_spawn;3985.00;10.45;533.00;1.29;0
100;special_project_facility_spawn;3986.00;10.50;534.00;1.72;0
100;special_project_facility_spawn;4012.00;9.50;556.00;4.60;0
100;special_project_facility_spawn;4000.00;10.40;542.00;2.68;0
100;naval_base_spawn;3983.00;10.00;538.00;-3.39;4406
100;naval_base_spawn;4001.00;9.60;541.00;-1.57;3552
100;naval_base_spawn;4015.00;10.00;558.00;-3.14;3552
101;arms_factory;3713.00;10.50;513.00;4.26;0
101;arms_factory;3706.00;10.60;505.00;0.16;0
101;arms_factory;3698.00;10.57;505.00;4.00;0
101;arms_factory;3699.00;10.60;504.00;1.18;0
101;arms_factory;3708.00;10.75;508.00;2.10;0
101;arms_factory;3704.00;10.30;498.00;2.27;0
101;industrial_complex;3699.00;10.50;507.00;3.46;0
101;industrial_complex;3686.00;10.35;506.00;0.09;0
101;industrial_complex;3695.00;10.50;508.00;2.78;0
101;industrial_complex;3716.00;10.45;514.00;4.45;0
101;industrial_complex;3712.00;10.50;526.00;2.19;0
101;industrial_complex;3705.00;10.30;498.00;1.46;0
101;air_base;3710.00;10.40;524.00;0.45;0
101;supply_node;3702.00;10.30;510.00;2.04;0
101;bunker;3710.00;10.40;524.00;3.63;0
101;coastal_bunker;3686.00;9.50;503.00;-0.92;0
101;stronghold_network;3704.00;10.65;503.00;1.99;0
101;dockyard;3715.00;10.30;510.00;1.30;0
101;anti_air_building;3691.00;10.30;513.00;1.87;0
101;anti_air_building;3685.00;10.30;510.00;1.88;0
101;anti_air_building;3699.00;10.60;505.00;6.10;0
101;synthetic_refinery;3717.00;10.50;515.00;0.53;0
101;fuel_silo;3716.00;10.70;520.00;0.79;0
101;radar_station;3701.00;9.60;513.00;5.72;0
101;nuclear_reactor_spawn;3691.00;10.40;510.00;5.23;0
101;special_project_facility_spawn;3713.00;10.45;532.00;4.94;0
101;naval_base_spawn;3692.00;9.60;498.00;-0.92;3875
102;arms_factory;4301.00;10.30;521.00;4.00;0
102;arms_factory;4295.00;10.30;518.00;1.18;0
102;arms_factory;4302.00;10.35;527.00;2.10;0
102;arms_factory;4309.00;10.53;526.00;2.27;0
102;arms_factory;4304.00;10.40;527.00;3.46;0
102;arms_factory;4312.00;10.30;530.00;0.09;0
102;industrial_complex;4299.00;10.30;521.00;2.78;0
102;industrial_complex;4311.00;10.35;529.00;4.45;0
102;industrial_complex;4296.00;10.30;521.00;2.19;0
102;industrial_complex;4314.00;10.50;526.00;1.46;0
102;industrial_complex;4295.00;10.30;518.00;0.45;0
102;industrial_complex;4315.00;10.45;527.00;4.12;0
102;air_base;4315.00;10.30;530.00;3.63;0
102;supply_node;4309.00;10.57;525.00;3.12;0
102;bunker;4315.00;10.40;529.00;1.99;0
102;coastal_bunker;4299.00;10.15;526.00;-1.57;0
102;stronghold_network;4301.00;10.30;526.00;1.87;0
102;dockyard;4331.00;9.50;535.00;-4.37;0
102;anti_air_building;4297.00;10.30;523.00;6.10;0
102;anti_air_building;4308.00;10.40;521.00;0.53;0
102;anti_air_building;4296.00;10.30;522.00;0.79;0
102;synthetic_refinery;4301.00;10.30;527.00;4.05;0
102;fuel_silo;4310.00;10.53;524.00;5.23;0
102;radar_station;4311.00;10.45;524.00;4.94;0
102;nuclear_reactor_spawn;4315.00;10.40;529.00;1.26;0
102;special_project_facility_spawn;4296.00;10.30;520.00;5.40;0
102;naval_base_spawn;4320.00;9.95;534.00;-1.57;3565
104;arms_factory;2997.00;11.98;1012.00;3.46;0
104;arms_factory;3007.00;12.55;1016.00;0.09;0
104;arms_factory;2962.00;10.90;1009.00;2.78;0
104;arms_factory;2997.00;10.70;1000.00;4.45;0
104;arms_factory;3037.00;12.53;1049.00;2.19;0
104;arms_factory;2989.00;15.65;1053.00;1.46;0
104;industrial_complex;3024.00;13.50;1038.00;0.45;0
104;industrial_complex;2951.00;13.03;1046.00;4.12;0
104;industrial_complex;2960.00;13.88;1048.00;3.63;0
104;industrial_complex;2957.00;12.65;1053.00;4.64;0
104;industrial_complex;3001.00;10.60;1000.00;1.99;0
104;industrial_complex;3019.00;13.60;1046.00;0.07;0
104;air_base;2992.00;11.00;1003.00;1.87;0
104;supply_node;3014.00;14.35;1060.00;6.28;0
104;supply_node;2956.00;13.03;1049.00;0.26;0
104;supply_node;3008.00;12.30;1014.00;0.14;0
104;supply_node;2988.00;15.62;1052.00;1.42;0
104;supply_node;2933.00;12.00;1040.00;5.72;0
104;supply_node;2966.00;12.18;1019.00;4.22;0
104;supply_node;2981.00;13.45;1029.00;4.94;0
104;supply_node;3051.00;11.15;1036.00;0.96;0
104;supply_node;2972.00;10.70;985.00;5.08;0
104;supply_node;3017.00;13.70;1040.00;5.39;0
104;supply_node;2999.00;13.85;1036.00;2.29;0
104;supply_node;2920.00;11.18;1019.00;2.94;0
104;supply_node;3028.00;11.20;1009.00;6.21;0
104;supply_node;3024.00;12.78;1025.00;5.42;0
104;supply_node;2978.00;11.45;1006.00;5.89;0
104;supply_node;2937.00;11.70;1007.00;0.61;0
104;supply_node;3034.00;13.25;1057.00;2.77;0
104;supply_node;2993.00;12.55;1019.00;6.11;0
104;supply_node;2949.00;11.60;1032.00;4.20;0
104;supply_node;3036.00;12.25;1041.00;0.79;0
104;supply_node;2998.00;14.18;1063.00;1.05;0
104;supply_node;2973.00;15.15;1047.00;4.72;0
104;supply_node;2965.00;12.57;1035.00;4.73;0
104;supply_node;2934.00;11.05;1024.00;0.90;0
104;supply_node;3060.00;10.45;1024.00;3.36;0
104;supply_node;3041.00;10.90;1021.00;3.81;0
104;supply_node;2950.00;10.55;1016.00;4.72;0
104;supply_node;3049.00;10.30;1012.00;4.57;0
104;supply_node;2960.00;11.40;1001.00;6.13;0
104;supply_node;2994.00;10.85;1001.00;4.05;0
104;bunker;3004.00;12.28;1013.00;2.73;0
104;bunker;2940.00;11.30;1017.00;3.56;0
104;bunker;3015.00;14.38;1070.00;4.87;0
104;bunker;3019.00;12.20;1012.00;4.61;0
104;bunker;2999.00;13.70;1033.00;0.72;0
104;bunker;3054.00;10.60;1021.00;5.43;0
104;bunker;2952.00;10.57;1015.00;3.43;0
104;bunker;2965.00;12.57;1035.00;3.97;0
104;bunker;2928.00;11.70;1046.00;2.64;0
104;bunker;2974.00;11.25;1004.00;3.86;0
104;bunker;3004.00;14.57;1053.00;4.20;0
104;bunker;2997.00;13.18;1025.00;4.73;0
104;bunker;3026.00;13.50;1041.00;5.96;0
104;bunker;3055.00;11.25;1044.00;5.40;0
104;bunker;2946.00;10.82;1023.00;5.26;0
104;bunker;2970.00;11.60;1012.00;0.49;0
104;bunker;3050.00;10.50;1014.00;0.30;0
104;bunker;3019.00;13.10;1026.00;1.27;0
104;bunker;2978.00;10.45;988.00;4.78;0
104;bunker;3033.00;13.18;1053.00;1.88;0
104;bunker;2957.00;12.70;1057.00;0.51;0
104;bunker;2987.00;13.30;1027.00;4.22;0
104;bunker;2992.00;10.45;995.00;4.67;0
104;bunker;2967.00;15.00;1048.00;5.82;0
104;bunker;2989.00;14.85;1061.00;1.26;0
104;bunker;2913.00;11.30;1023.00;1.85;0
104;bunker;3039.00;11.85;1032.00;2.17;0
104;bunker;2957.00;11.18;1006.00;0.65;0
104;bunker;3033.00;11.48;1021.00;0.28;0
104;bunker;2931.00;11.15;1027.00;1.98;0
104;coastal_bunker;3068.00;10.20;1024.00;1.19;0
104;coastal_bunker;2981.00;10.25;984.00;1.05;0
104;coastal_bunker;2999.00;9.60;994.00;0.12;0
104;coastal_bunker;3045.00;10.30;1004.00;0.79;0
104;stronghold_network;2976.00;12.80;1023.00;4.66;0
104;dockyard;3063.00;10.30;1022.00;1.19;0
104;anti_air_building;2939.00;11.70;1006.00;6.01;0
104;anti_air_building;3037.00;11.75;1031.00;4.39;0
104;anti_air_building;3008.00;14.20;1043.00;0.97;0
104;synthetic_refinery;2966.00;11.30;1011.00;6.02;0
104;fuel_silo;2967.00;11.40;1011.00;1.01;0
104;radar_station;2990.00;12.65;1022.00;4.15;0
104;nuclear_reactor_spawn;3006.00;14.00;1066.00;3.35;0
104;special_project_facility_spawn;2991.00;12.70;1022.00;1.92;0
104;special_project_facility_spawn;3017.00;13.40;1030.00;5.44;0
104;special_project_facility_spawn;3044.00;11.40;1030.00;5.42;0
104;special_project_facility_spawn;2918.00;11.10;1026.00;5.37;0
104;special_project_facility_spawn;2984.00;12.18;1013.00;5.83;0
104;special_project_facility_spawn;2931.00;11.23;1006.00;0.24;0
104;special_project_facility_spawn;2962.00;12.25;1031.00;5.56;0
104;special_project_facility_spawn;3044.00;11.45;1039.00;3.00;0
104;special_project_facility_spawn;2967.00;12.57;1022.00;2.12;0
104;special_project_facility_spawn;2989.00;14.10;1038.00;2.62;0
104;special_project_facility_spawn;3014.00;14.25;1070.00;1.58;0
104;special_project_facility_spawn;2997.00;13.35;1069.00;5.81;0
104;special_project_facility_spawn;3051.00;11.05;1032.00;1.56;0
104;special_project_facility_spawn;2981.00;13.70;1033.00;1.68;0
104;special_project_facility_spawn;3000.00;10.78;1001.00;3.90;0
104;special_project_facility_spawn;2961.00;11.25;987.00;5.43;0
104;special_project_facility_spawn;2950.00;10.57;1015.00;3.67;0
104;special_project_facility_spawn;3026.00;13.62;1044.00;5.21;0
104;special_project_facility_spawn;2989.00;14.40;1043.00;2.72;0
104;special_project_facility_spawn;3009.00;12.53;1016.00;2.87;0
104;special_project_facility_spawn;3027.00;11.38;1010.00;5.77;0
104;special_project_facility_spawn;3053.00;10.40;1014.00;3.23;0
104;special_project_facility_spawn;2931.00;10.95;1021.00;4.63;0
104;special_project_facility_spawn;3030.00;13.45;1050.00;4.61;0
104;special_project_facility_spawn;2957.00;12.25;1035.00;4.49;0
104;special_project_facility_spawn;2958.00;13.10;1052.00;2.68;0
104;special_project_facility_spawn;2939.00;12.53;1039.00;1.21;0
104;special_project_facility_spawn;2972.00;15.60;1051.00;1.41;0
104;special_project_facility_spawn;2986.00;10.40;995.00;0.73;0
104;special_project_facility_spawn;3060.00;10.40;1026.00;2.85;0
104;naval_base_spawn;2996.00;9.55;993.00;0.12;4543
104;naval_base_spawn;3063.00;9.95;1021.00;1.19;4089
104;naval_base_spawn;2977.00;9.90;972.00;1.05;4543
104;naval_base_spawn;3059.00;10.30;1014.00;0.79;4089
104;floating_harbor;3071.50;9.50;1019.40;-1.95;2875
104;floating_harbor;3056.95;9.50;1004.05;-2.36;2886
106;arms_factory;2444.00;10.50;511.00;2.19;0
106;arms_factory;2451.00;10.10;557.00;1.46;0
106;arms_factory;2442.00;10.45;510.00;0.45;0
106;arms_factory;2442.00;10.40;509.00;4.12;0
106;arms_factory;2446.00;10.45;497.00;3.63;0
106;arms_factory;2446.00;10.45;501.00;4.64;0
106;industrial_complex;2444.00;10.50;491.00;1.99;0
106;industrial_complex;2441.00;10.45;511.00;0.07;0
106;industrial_complex;2442.00;10.53;488.00;1.87;0
106;industrial_complex;2484.00;10.50;468.00;1.88;0
106;industrial_complex;2444.00;10.50;512.00;6.10;0
106;industrial_complex;2445.00;10.50;519.00;0.53;0
106;air_base;2442.00;10.30;520.00;0.79;0
106;supply_node;2446.00;10.30;522.00;5.72;0
106;supply_node;2443.00;9.60;496.00;4.22;0
106;supply_node;2450.00;10.10;557.00;4.94;0
106;supply_node;2468.00;10.10;512.00;0.96;0
106;supply_node;2483.00;10.40;466.00;5.08;0
106;bunker;2442.00;10.20;524.00;1.29;0
106;bunker;2442.00;10.50;505.00;1.72;0
106;bunker;2450.00;10.10;557.00;4.60;0
106;bunker;2468.00;10.10;513.00;2.68;0
106;bunker;2483.00;10.40;466.00;6.16;0
106;coastal_bunker;2441.00;9.60;491.00;0.00;0
106;coastal_bunker;2450.00;9.80;561.00;-1.57;0
106;coastal_bunker;2470.00;10.10;515.00;-3.93;0
106;coastal_bunker;2483.00;10.35;469.00;1.57;0
106;coastal_bunker;2441.00;9.50;525.00;-1.41;0
106;stronghold_network;2445.00;10.40;514.00;4.77;0
106;dockyard;2485.00;10.40;467.00;1.57;0
106;anti_air_building;2445.00;10.45;515.00;2.96;0
106;anti_air_building;2443.00;10.53;483.00;0.01;0
106;anti_air_building;2442.00;10.50;513.00;6.20;0
106;synthetic_refinery;2443.00;10.45;500.00;1.09;0
106;fuel_silo;2440.00;10.30;500.00;4.86;0
106;radar_station;2467.00;9.50;512.00;4.72;0
106;nuclear_reactor_spawn;2447.00;10.30;515.00;2.91;0
106;special_project_facility_spawn;2440.00;10.40;483.00;0.00;0
106;special_project_facility_spawn;2446.00;10.45;517.00;3.95;0
106;special_project_facility_spawn;2468.00;10.10;513.00;2.73;0
106;special_project_facility_spawn;2483.00;10.40;468.00;3.56;0
106;special_project_facility_spawn;2450.00;10.10;557.00;4.87;0
106;naval_base_spawn;2453.00;9.80;526.00;-4.04;4134
106;naval_base_spawn;2446.00;10.35;476.00;0.00;3882
106;naval_base_spawn;2483.00;10.35;469.00;1.57;4567
106;naval_base_spawn;2467.00;9.50;514.00;-3.93;4134
106;naval_base_spawn;2450.00;9.80;556.00;-1.57;3541
117;arms_factory;4199.00;9.50;525.00;6.16;0
117;arms_factory;4198.00;9.50;526.00;2.13;0
117;arms_factory;4196.00;9.90;515.00;5.37;0
117;arms_factory;4199.00;10.30;528.00;3.29;0
117;arms_factory;4199.00;10.30;528.00;4.44;0
117;arms_factory;4199.00;9.50;525.00;5.85;0
117;industrial_complex;4198.00;9.50;526.00;4.77;0
117;industrial_complex;4210.00;10.40;513.00;6.21;0
117;industrial_complex;4194.00;10.30;516.00;2.96;0
117;industrial_complex;4192.00;9.60;517.00;0.01;0
117;industrial_complex;4193.00;10.30;517.00;6.20;0
117;industrial_complex;4193.00;9.60;515.00;1.09;0
117;air_base;4202.00;9.50;524.00;4.86;0
117;supply_node;4199.00;9.95;526.00;4.72;0
117;supply_node;4205.00;9.55;518.00;4.57;0
117;supply_node;4193.00;9.60;515.00;6.13;0
117;supply_node;4210.00;10.00;512.00;4.05;0
117;bunker;4194.00;10.30;516.00;2.73;0
117;bunker;4202.00;9.50;524.00;3.56;0
117;bunker;4206.00;10.25;518.00;4.87;0
117;bunker;4210.00;10.40;513.00;4.61;0
117;coastal_bunker;4193.00;10.30;516.00;-3.14;0
117;coastal_bunker;4205.00;9.60;517.00;1.57;0
117;coastal_bunker;4208.00;9.60;515.00;-1.57;0
117;coastal_bunker;4198.00;9.60;527.00;1.57;0
117;stronghold_network;4198.00;9.50;526.00;2.64;0
117;dockyard;4193.00;10.30;517.00;-3.14;0
117;anti_air_building;4192.00;9.60;517.00;4.20;0
117;anti_air_building;4199.00;10.30;528.00;4.73;0
117;anti_air_building;4193.00;10.30;517.00;5.96;0
117;synthetic_refinery;4193.00;10.30;517.00;5.40;0
117;fuel_silo;4199.00;9.50;525.00;5.26;0
117;radar_station;4204.00;9.50;520.00;2.43;0
117;nuclear_reactor_spawn;4210.00;10.40;513.00;0.30;0
117;special_project_facility_spawn;4202.00;9.50;524.00;1.27;0
117;special_project_facility_spawn;4193.00;9.60;515.00;4.78;0
117;special_project_facility_spawn;4210.00;10.40;513.00;1.88;0
117;special_project_facility_spawn;4206.00;10.25;518.00;0.51;0
117;naval_base_spawn;4209.00;10.00;514.00;-1.57;4038
117;naval_base_spawn;4202.00;9.50;524.00;1.57;4038
117;naval_base_spawn;4207.00;10.30;518.00;1.57;4038
117;naval_base_spawn;4192.00;9.60;518.00;-3.14;4038
136;arms_factory;2688.00;10.30;514.00;4.22;0
136;arms_factory;2688.00;10.20;511.00;4.67;0
136;arms_factory;2688.00;10.20;516.00;5.82;0
136;arms_factory;2688.00;10.20;516.00;1.26;0
136;arms_factory;2688.00;10.25;515.00;1.85;0
136;arms_factory;2688.00;10.25;512.00;2.17;0
136;industrial_complex;2688.00;10.30;513.00;0.65;0
136;industrial_complex;2688.00;10.20;516.00;0.28;0
136;industrial_complex;2688.00;10.20;511.00;1.98;0
136;industrial_complex;2688.00;10.20;511.00;0.24;0
136;industrial_complex;2688.00;10.25;512.00;0.51;0
136;industrial_complex;2688.00;10.30;514.00;1.62;0
136;air_base;2688.00;10.20;511.00;3.24;0
136;supply_node;2687.00;10.30;513.00;2.44;0
136;bunker;2688.00;10.25;515.00;1.34;0
136;coastal_bunker;2688.00;9.90;518.00;1.57;0
136;stronghold_network;2688.00;10.30;513.00;4.39;0
136;dockyard;2687.00;9.50;509.00;1.57;0
136;anti_air_building;2688.00;10.25;512.00;6.02;0
136;anti_air_building;2688.00;10.20;516.00;1.01;0
136;anti_air_building;2688.00;10.25;515.00;0.25;0
136;synthetic_refinery;2688.00;10.25;512.00;3.35;0
136;fuel_silo;2688.00;10.20;511.00;1.92;0
136;radar_station;2688.00;10.30;514.00;3.44;0
136;nuclear_reactor_spawn;2688.00;10.30;514.00;5.42;0
136;special_project_facility_spawn;2688.00;10.30;513.00;5.37;0
136;naval_base_spawn;2685.00;9.55;513.00;1.57;3762
137;arms_factory;2561.00;10.55;463.00;5.82;0
137;arms_factory;2559.00;10.50;457.00;1.26;0
137;arms_factory;2561.00;10.53;460.00;1.85;0
137;arms_factory;2563.00;10.45;463.00;2.17;0
137;arms_factory;2560.00;10.55;462.00;0.65;0
137;arms_factory;2559.00;10.53;461.00;0.28;0
137;industrial_complex;2561.00;10.45;459.00;1.98;0
137;industrial_complex;2560.00;10.57;461.00;0.24;0
137;industrial_complex;2554.00;10.40;453.00;0.51;0
137;industrial_complex;2557.00;10.30;457.00;1.62;0
137;industrial_complex;2562.00;10.53;463.00;3.24;0
137;industrial_complex;2557.00;10.30;456.00;4.66;0
137;air_base;2559.00;10.50;459.00;1.34;0
137;supply_node;2558.00;10.40;457.00;1.10;0
137;bunker;2555.00;10.30;454.00;4.39;0
137;coastal_bunker;2555.00;10.30;456.00;-3.14;0
137;stronghold_network;2554.00;10.40;453.00;6.02;0
137;dockyard;2564.00;10.40;465.00;-3.14;0
137;anti_air_building;2559.00;10.50;459.00;0.25;0
137;anti_air_building;2563.00;10.45;463.00;3.35;0
137;anti_air_building;2562.00;10.53;463.00;1.92;0
137;synthetic_refinery;2561.00;10.55;461.00;5.44;0
137;fuel_silo;2553.00;10.40;452.00;5.42;0
137;radar_station;2559.00;10.50;458.00;4.14;0
137;nuclear_reactor_spawn;2559.00;10.53;460.00;5.83;0
137;special_project_facility_spawn;2557.00;10.30;456.00;0.24;0
137;naval_base_spawn;2555.00;10.40;451.00;-3.14;3792
137;floating_harbor;2558.00;9.50;465.00;0.00;3381
146;arms_factory;2596.00;10.00;466.00;0.25;0
146;arms_factory;2597.00;10.40;466.00;3.35;0
146;arms_factory;2597.00;9.60;464.00;1.92;0
146;arms_factory;2599.00;10.30;467.00;5.44;0
146;arms_factory;2606.00;9.60;464.00;5.42;0
146;arms_factory;2597.00;10.35;467.00;5.37;0
146;industrial_complex;2605.00;9.60;465.00;5.83;0
146;industrial_complex;2595.00;9.50;465.00;0.24;0
146;industrial_complex;2596.00;9.50;464.00;5.56;0
146;industrial_complex;2597.00;10.35;465.00;3.00;0
146;industrial_complex;2596.00;9.60;467.00;2.12;0
146;industrial_complex;2596.00;9.60;467.00;2.62;0
146;air_base;2599.00;10.30;467.00;1.58;0
146;supply_node;2597.00;10.35;465.00;0.08;0
146;supply_node;2606.00;9.60;464.00;6.14;0
146;bunker;2596.00;10.00;465.00;1.68;0
146;bunker;2607.00;9.50;462.00;3.90;0
146;coastal_bunker;2607.00;10.35;465.00;1.57;0
146;coastal_bunker;2596.00;9.60;467.00;-3.14;0
146;stronghold_network;2599.00;10.30;467.00;5.21;0
146;dockyard;2606.00;10.30;465.00;1.57;0
146;anti_air_building;2607.00;10.35;465.00;2.87;0
146;anti_air_building;2607.00;10.35;465.00;5.77;0
146;anti_air_building;2606.00;9.60;464.00;3.23;0
146;synthetic_refinery;2607.00;9.60;463.00;4.63;0
146;fuel_silo;2607.00;10.35;465.00;4.61;0
146;radar_station;2605.00;9.60;465.00;2.43;0
146;nuclear_reactor_spawn;2597.00;10.35;467.00;2.68;0
146;special_project_facility_spawn;2596.00;9.60;467.00;1.21;0
146;special_project_facility_spawn;2608.00;10.35;465.00;1.41;0
146;naval_base_spawn;2607.00;9.60;463.00;1.57;3792
146;naval_base_spawn;2596.00;10.00;465.00;-3.14;3792
146;floating_harbor;2597.00;9.50;473.00;0.00;3382
146;floating_harbor;2614.00;9.50;464.00;-1.57;3383
147;arms_factory;2570.00;10.55;429.00;1.92;0
147;arms_factory;2565.00;10.45;423.00;5.44;0
147;arms_factory;2568.00;10.40;433.00;5.42;0
147;arms_factory;2570.00;10.60;432.00;5.37;0
147;arms_factory;2572.00;10.53;431.00;5.83;0
147;arms_factory;2558.00;10.50;418.00;0.24;0
147;industrial_complex;2568.00;10.50;426.00;5.56;0
147;industrial_complex;2561.00;10.45;419.00;3.00;0
147;industrial_complex;2563.00;10.40;419.00;2.12;0
147;industrial_complex;2570.00;10.55;429.00;2.62;0
147;industrial_complex;2565.00;10.45;423.00;1.58;0
147;industrial_complex;2571.00;10.53;436.00;5.81;0
147;air_base;2562.00;10.50;420.00;1.56;0
147;supply_node;2565.00;10.00;425.00;1.40;0
147;bunker;2563.00;10.50;421.00;3.90;0
147;coastal_bunker;2571.00;10.40;437.00;-3.79;0
147;stronghold_network;2564.00;10.40;423.00;3.67;0
147;dockyard;2573.00;10.40;433.00;-3.79;0
147;anti_air_building;2569.00;10.50;427.00;2.72;0
147;anti_air_building;2568.00;10.40;431.00;2.87;0
147;anti_air_building;2562.00;10.50;421.00;5.77;0
147;synthetic_refinery;2559.00;10.50;418.00;3.23;0
147;fuel_silo;2570.00;10.45;435.00;4.63;0
147;radar_station;2565.00;9.60;426.00;1.50;0
147;nuclear_reactor_spawn;2562.00;10.50;420.00;4.49;0
147;special_project_facility_spawn;2561.00;10.50;420.00;2.68;0
147;naval_base_spawn;2561.00;10.00;418.00;-0.64;3492
147;floating_harbor;2559.00;9.50;393.00;-3.25;3384
149;arms_factory;3343.00;13.07;54.00;5.83;0
149;arms_factory;3364.00;12.85;67.00;0.24;0
149;arms_factory;3383.00;11.10;77.00;5.56;0
149;arms_factory;3287.00;11.95;72.00;3.00;0
149;arms_factory;3190.00;15.43;12.00;2.12;0
149;arms_factory;3282.00;16.77;5.00;2.62;0
149;industrial_complex;3364.00;12.90;49.00;1.58;0
149;industrial_complex;3338.00;13.15;64.00;5.81;0
149;industrial_complex;3326.00;11.23;97.00;1.56;0
149;industrial_complex;3209.00;14.95;18.00;1.68;0
149;industrial_complex;3200.00;14.60;36.00;3.90;0
149;industrial_complex;3370.00;16.10;6.00;5.43;0
149;air_base;3296.00;13.20;123.00;3.67;0
149;supply_node;3247.00;15.28;32.00;2.16;0
149;supply_node;3218.00;12.50;90.00;4.43;0
149;supply_node;3372.00;12.28;75.00;5.54;0
149;supply_node;3276.00;12.62;75.00;1.60;0
149;supply_node;3351.00;13.73;32.00;5.69;0
149;supply_node;3324.00;11.45;94.00;4.43;0
149;supply_node;3405.00;14.70;17.00;1.50;0
149;supply_node;3194.00;15.62;20.00;2.43;0
149;supply_node;3302.00;13.25;25.00;3.93;0
149;supply_node;3270.00;13.23;129.00;2.05;0
149;supply_node;3328.00;12.57;145.00;3.64;0
149;supply_node;3418.00;10.15;79.00;5.01;0
149;bunker;3309.00;15.62;2.00;2.85;0
149;bunker;3274.00;13.60;94.00;2.19;0
149;bunker;3247.00;12.35;56.00;5.54;0
149;bunker;3328.00;12.35;147.00;2.53;0
149;bunker;3190.00;14.65;30.00;4.05;0
149;bunker;3224.00;11.80;85.00;0.90;0
149;bunker;3248.00;13.95;119.00;3.64;0
149;bunker;3332.00;12.75;66.00;3.15;0
149;bunker;3345.00;13.70;17.00;4.25;0
149;bunker;3367.00;12.23;93.00;3.34;0
149;bunker;3419.00;11.90;106.00;6.03;0
149;bunker;3419.00;14.40;24.00;3.59;0
149;stronghold_network;3207.00;13.90;55.00;2.16;0
149;anti_air_building;3289.00;16.35;2.00;1.04;0
149;anti_air_building;3349.00;14.15;148.00;3.78;0
149;anti_air_building;3173.00;14.10;5.00;2.29;0
149;synthetic_refinery;3357.00;12.50;85.00;1.16;0
149;fuel_silo;3233.00;14.30;6.00;3.83;0
149;radar_station;3309.00;13.10;90.00;5.69;0
149;nuclear_reactor_spawn;3314.00;12.00;138.00;4.47;0
149;special_project_facility_spawn;3248.00;11.70;73.00;1.45;0
149;special_project_facility_spawn;3355.00;12.25;107.00;4.24;0
149;special_project_facility_spawn;3194.00;15.07;33.00;5.29;0
149;special_project_facility_spawn;3221.00;12.07;94.00;2.56;0
149;special_project_facility_spawn;3376.00;14.05;35.00;2.63;0
149;special_project_facility_spawn;3242.00;14.57;13.00;3.00;0
149;special_project_facility_spawn;3309.00;12.20;46.00;2.04;0
149;special_project_facility_spawn;3319.00;11.85;130.00;5.64;0
149;special_project_facility_spawn;3348.00;12.30;79.00;1.99;0
149;special_project_facility_spawn;3428.00;10.82;97.00;5.25;0
149;special_project_facility_spawn;3398.00;14.40;28.00;5.07;0
149;special_project_facility_spawn;3267.00;13.35;135.00;0.94;0
151;arms_factory;3027.00;10.30;423.00;2.12;0
151;arms_factory;3027.00;9.60;422.00;2.62;0
151;arms_factory;3026.00;9.60;423.00;1.58;0
151;arms_factory;3028.00;9.60;421.00;5.81;0
151;arms_factory;3028.00;9.60;422.00;1.56;0
151;arms_factory;3028.00;9.60;421.00;1.68;0
151;industrial_complex;3028.00;9.50;420.00;3.90;0
151;industrial_complex;3029.00;9.60;420.00;5.43;0
151;industrial_complex;3028.00;9.60;422.00;3.67;0
151;industrial_complex;3029.00;10.30;421.00;5.21;0
151;industrial_complex;3026.00;9.50;422.00;2.72;0
151;industrial_complex;3027.00;9.50;421.00;2.87;0
151;air_base;3029.00;10.30;421.00;5.77;0
151;supply_node;3027.00;9.50;421.00;5.69;0
151;bunker;3026.00;9.50;422.00;4.63;0
151;coastal_bunker;3026.00;9.60;423.00;-3.93;0
151;stronghold_network;3028.00;9.60;422.00;4.49;0
151;dockyard;3027.00;9.60;422.00;-3.93;0
151;anti_air_building;3028.00;9.60;422.00;1.21;0
151;anti_air_building;3027.00;10.30;423.00;1.41;0
151;anti_air_building;3026.00;9.60;423.00;0.73;0
151;synthetic_refinery;3027.00;9.50;421.00;2.85;0
151;fuel_silo;3027.00;10.30;423.00;2.19;0
151;radar_station;3028.00;9.60;422.00;4.18;0
151;nuclear_reactor_spawn;3027.00;9.60;422.00;2.53;0
151;special_project_facility_spawn;3028.00;9.60;421.00;4.05;0
151;naval_base_spawn;3029.00;9.60;420.00;-3.93;4371
151;floating_harbor;3032.95;9.50;426.95;-0.79;3386
153;arms_factory;2281.00;10.70;1707.00;1.56;0
153;arms_factory;2338.00;12.85;1702.00;1.68;0
153;arms_factory;2319.00;10.65;1706.00;3.90;0
153;arms_factory;2339.00;12.48;1713.00;5.43;0
153;arms_factory;2319.00;11.48;1686.00;3.67;0
153;arms_factory;2323.00;11.35;1698.00;5.21;0
153;industrial_complex;2337.00;12.25;1694.00;2.72;0
153;industrial_complex;2292.00;10.95;1676.00;2.87;0
153;industrial_complex;2289.00;10.50;1688.00;5.77;0
153;industrial_complex;2338.00;12.88;1703.00;3.23;0
153;industrial_complex;2335.00;12.28;1681.00;4.63;0
153;industrial_complex;2337.00;12.45;1672.00;4.61;0
153;air_base;2280.00;10.40;1723.00;4.49;0
153;supply_node;2269.00;9.50;1716.00;3.93;0
153;supply_node;2310.00;12.15;1667.00;2.05;0
153;supply_node;2329.00;12.30;1663.00;3.64;0
153;supply_node;2301.00;10.70;1682.00;5.01;0
153;supply_node;2343.00;12.10;1676.00;2.59;0
153;supply_node;2281.00;10.50;1674.00;3.32;0
153;supply_node;2291.00;10.65;1707.00;4.18;0
153;supply_node;2313.00;11.20;1693.00;1.17;0
153;supply_node;2354.00;11.00;1662.00;2.41;0
153;supply_node;2279.00;10.40;1719.00;2.60;0
153;supply_node;2281.00;10.50;1691.00;1.51;0
153;supply_node;2342.00;12.53;1699.00;3.83;0
153;supply_node;2306.00;11.10;1710.00;4.03;0
153;supply_node;2325.00;10.90;1710.00;0.70;0
153;supply_node;2274.00;10.40;1703.00;2.34;0
153;supply_node;2330.00;12.00;1693.00;1.87;0
153;supply_node;2325.00;11.98;1680.00;3.66;0
153;bunker;2319.00;10.80;1710.00;1.04;0
153;bunker;2328.00;12.20;1660.00;3.78;0
153;bunker;2318.00;11.40;1694.00;2.29;0
153;bunker;2332.00;12.30;1676.00;1.16;0
153;bunker;2339.00;12.45;1673.00;3.83;0
153;bunker;2299.00;11.30;1676.00;6.14;0
153;bunker;2304.00;11.20;1718.00;4.47;0
153;bunker;2325.00;12.15;1690.00;1.45;0
153;bunker;2347.00;12.75;1701.00;4.24;0
153;bunker;2268.00;9.50;1703.00;5.29;0
153;bunker;2269.00;10.57;1669.00;2.56;0
153;bunker;2292.00;10.90;1698.00;2.63;0
153;bunker;2317.00;12.30;1659.00;3.00;0
153;bunker;2278.00;10.30;1727.00;2.04;0
153;bunker;2280.00;10.30;1694.00;5.64;0
153;bunker;2279.00;10.60;1708.00;1.99;0
153;bunker;2350.00;11.35;1664.00;5.25;0
153;coastal_bunker;2359.00;10.45;1666.00;1.11;0
153;stronghold_network;2298.00;11.60;1672.00;0.94;0
153;dockyard;2361.00;10.53;1663.00;1.11;0
153;anti_air_building;2307.00;12.25;1666.00;3.59;0
153;anti_air_building;2273.00;10.30;1685.00;1.87;0
153;anti_air_building;2285.00;10.70;1712.00;0.78;0
153;synthetic_refinery;2273.00;10.50;1673.00;0.01;0
153;fuel_silo;2331.00;12.30;1674.00;0.66;0
153;radar_station;2316.00;11.30;1694.00;0.89;0
153;nuclear_reactor_spawn;2340.00;12.20;1679.00;4.29;0
153;special_project_facility_spawn;2287.00;10.30;1698.00;2.31;0
153;special_project_facility_spawn;2270.00;9.50;1698.00;3.15;0
153;special_project_facility_spawn;2304.00;11.50;1672.00;2.60;0
153;special_project_facility_spawn;2282.00;10.50;1680.00;2.21;0
153;special_project_facility_spawn;2327.00;12.10;1692.00;2.10;0
153;special_project_facility_spawn;2329.00;12.15;1677.00;5.82;0
153;special_project_facility_spawn;2289.00;10.53;1704.00;5.22;0
153;special_project_facility_spawn;2317.00;10.90;1710.00;2.56;0
153;special_project_facility_spawn;2305.00;11.40;1674.00;4.20;0
153;special_project_facility_spawn;2277.00;10.30;1722.00;3.60;0
153;special_project_facility_spawn;2303.00;11.20;1708.00;1.06;0
153;special_project_facility_spawn;2353.00;11.18;1676.00;5.72;0
153;special_project_facility_spawn;2275.00;10.50;1706.00;0.56;0
153;special_project_facility_spawn;2314.00;11.20;1689.00;5.77;0
153;special_project_facility_spawn;2347.00;12.80;1702.00;4.77;0
153;special_project_facility_spawn;2352.00;10.82;1659.00;5.00;0
153;special_project_facility_spawn;2326.00;12.20;1671.00;6.17;0
153;naval_base_spawn;2355.00;10.45;1655.00;1.11;3597
153;floating_harbor;2366.26;9.50;1655.87;-2.03;1993
154;arms_factory;2419.00;10.75;1719.00;3.90;0
154;arms_factory;2352.00;13.05;1700.00;5.43;0
154;arms_factory;2337.00;11.43;1725.00;3.67;0
154;arms_factory;2385.00;11.10;1678.00;5.21;0
154;arms_factory;2415.00;10.80;1723.00;2.72;0
154;arms_factory;2383.00;10.65;1735.00;2.87;0
154;industrial_complex;2359.00;11.18;1737.00;5.77;0
154;industrial_complex;2407.00;10.80;1718.00;3.23;0
154;industrial_complex;2382.00;11.48;1709.00;4.63;0
154;industrial_complex;2378.00;10.82;1673.00;4.61;0
154;industrial_complex;2355.00;11.43;1740.00;4.49;0
154;industrial_complex;2370.00;10.82;1740.00;2.68;0
154;air_base;2367.00;11.10;1726.00;1.21;0
154;supply_node;2361.00;11.50;1731.00;3.64;0
154;supply_node;2394.00;10.90;1726.00;5.01;0
154;supply_node;2413.00;10.60;1727.00;2.59;0
154;supply_node;2381.00;11.75;1697.00;3.32;0
154;supply_node;2377.00;10.80;1739.00;4.18;0
154;supply_node;2422.00;10.50;1719.00;1.17;0
154;supply_node;2354.00;12.60;1708.00;2.41;0
154;supply_node;2332.00;11.35;1724.00;2.60;0
154;supply_node;2414.00;10.10;1749.00;1.51;0
154;supply_node;2374.00;10.73;1666.00;3.83;0
154;supply_node;2364.00;11.88;1683.00;4.03;0
154;supply_node;2413.00;10.40;1698.00;0.70;0
154;supply_node;2403.00;10.10;1741.00;2.34;0
154;supply_node;2384.00;11.15;1679.00;1.87;0
154;supply_node;2352.00;10.82;1751.00;3.66;0
154;supply_node;2369.00;10.55;1750.00;1.68;0
154;supply_node;2388.00;10.30;1743.00;4.17;0
154;supply_node;2422.00;10.50;1738.00;4.23;0
154;supply_node;2346.00;11.70;1731.00;1.90;0
154;supply_node;2377.00;11.55;1722.00;3.58;0
154;supply_node;2403.00;10.90;1711.00;5.69;0
154;supply_node;2374.00;12.23;1707.00;0.20;0
154;supply_node;2394.00;10.80;1694.00;0.93;0
154;bunker;2349.00;12.50;1712.00;4.24;0
154;bunker;2348.00;11.12;1748.00;5.29;0
154;bunker;2373.00;12.05;1709.00;2.56;0
154;bunker;2337.00;11.40;1724.00;2.63;0
154;bunker;2406.00;10.60;1704.00;3.00;0
154;bunker;2375.00;11.95;1686.00;2.04;0
154;bunker;2377.00;11.20;1728.00;5.64;0
154;bunker;2421.00;10.53;1726.00;1.99;0
154;bunker;2364.00;10.60;1750.00;5.25;0
154;bunker;2404.00;10.40;1730.00;5.07;0
154;bunker;2343.00;11.90;1737.00;0.94;0
154;bunker;2376.00;12.25;1698.00;5.43;0
154;bunker;2361.00;11.45;1726.00;3.59;0
154;bunker;2380.00;11.30;1680.00;1.87;0
154;bunker;2379.00;10.80;1735.00;0.78;0
154;bunker;2406.00;10.70;1725.00;0.01;0
154;bunker;2419.00;10.50;1742.00;0.66;0
154;bunker;2396.00;10.45;1687.00;6.07;0
154;bunker;2403.00;10.10;1739.00;4.29;0
154;bunker;2375.00;10.55;1664.00;2.31;0
154;bunker;2415.00;10.50;1705.00;3.15;0
154;bunker;2417.00;10.15;1746.00;2.60;0
154;bunker;2387.00;10.30;1743.00;2.21;0
154;coastal_bunker;2379.00;10.40;1668.00;0.46;0
154;coastal_bunker;2379.00;10.25;1753.00;-3.52;0
154;coastal_bunker;2360.00;10.20;1759.00;-3.39;0
154;coastal_bunker;2416.00;9.50;1681.00;0.17;0
154;coastal_bunker;2423.00;10.30;1710.00;1.33;0
154;coastal_bunker;2398.00;10.45;1696.00;1.37;0
154;coastal_bunker;2418.00;10.10;1754.00;-3.39;0
154;coastal_bunker;2399.00;10.10;1746.00;-2.55;0
154;coastal_bunker;2384.00;10.30;1749.00;-3.14;0
154;coastal_bunker;2427.00;10.20;1739.00;-4.17;0
154;coastal_bunker;2360.00;9.50;1669.00;-0.21;0
154;coastal_bunker;2383.00;10.40;1673.00;0.79;0
154;stronghold_network;2351.00;11.90;1725.00;6.17;0
154;dockyard;2369.00;10.30;1755.00;-3.52;0
154;anti_air_building;2394.00;10.90;1705.00;3.77;0
154;anti_air_building;2357.00;12.70;1690.00;3.15;0
154;anti_air_building;2374.00;11.05;1670.00;3.74;0
154;synthetic_refinery;2396.00;10.85;1705.00;5.98;0
154;fuel_silo;2398.00;10.65;1721.00;0.22;0
154;radar_station;2377.00;11.95;1711.00;2.30;0
154;nuclear_reactor_spawn;2359.00;10.40;1756.00;0.27;0
154;special_project_facility_spawn;2355.00;11.12;1746.00;3.76;0
154;special_project_facility_spawn;2414.00;10.60;1709.00;5.13;0
154;special_project_facility_spawn;2420.00;10.57;1736.00;2.50;0
154;special_project_facility_spawn;2370.00;12.50;1693.00;4.55;0
154;special_project_facility_spawn;2403.00;10.60;1717.00;2.20;0
154;special_project_facility_spawn;2349.00;11.75;1729.00;3.02;0
154;special_project_facility_spawn;2411.00;10.80;1719.00;1.51;0
154;special_project_facility_spawn;2376.00;11.20;1726.00;3.01;0
154;special_project_facility_spawn;2357.00;13.10;1697.00;5.93;0
154;special_project_facility_spawn;2398.00;10.70;1728.00;0.13;0
154;special_project_facility_spawn;2386.00;11.45;1693.00;2.51;0
154;special_project_facility_spawn;2380.00;10.55;1743.00;4.21;0
154;special_project_facility_spawn;2336.00;11.43;1726.00;3.27;0
154;special_project_facility_spawn;2421.00;10.50;1725.00;5.07;0
154;special_project_facility_spawn;2368.00;10.95;1729.00;0.26;0
154;special_project_facility_spawn;2378.00;11.25;1681.00;1.77;0
154;special_project_facility_spawn;2395.00;10.60;1700.00;3.68;0
154;special_project_facility_spawn;2404.00;10.10;1748.00;1.15;0
154;special_project_facility_spawn;2378.00;10.30;1752.00;5.39;0
154;special_project_facility_spawn;2371.00;11.98;1712.00;2.21;0
154;special_project_facility_spawn;2393.00;10.30;1740.00;3.05;0
154;special_project_facility_spawn;2415.00;10.10;1750.00;3.72;0
154;special_project_facility_spawn;2375.00;10.90;1668.00;2.13;0
154;naval_base_spawn;2353.00;10.30;1757.00;-3.39;4003
154;naval_base_spawn;2425.00;10.25;1714.00;1.33;3623
154;naval_base_spawn;2398.00;9.80;1745.00;-2.55;4003
154;naval_base_spawn;2418.00;9.60;1700.00;0.17;3623
154;naval_base_spawn;2413.00;10.10;1753.00;-3.39;4003
154;naval_base_spawn;2362.00;10.30;1759.00;-3.52;4003
154;naval_base_spawn;2374.00;9.60;1662.00;0.46;3597
154;naval_base_spawn;2426.00;9.80;1743.00;-4.17;4003
154;naval_base_spawn;2386.00;9.60;1671.00;0.79;3597
154;naval_base_spawn;2398.00;10.00;1688.00;0.36;3597
154;naval_base_spawn;2392.00;9.50;1747.00;-3.14;4003
154;naval_base_spawn;2364.00;9.60;1669.00;-0.21;3597
154;floating_harbor;2432.79;9.50;1716.30;-1.82;1522
154;floating_harbor;2416.70;9.50;1759.79;-0.24;1903
154;floating_harbor;2378.13;9.50;1657.74;-2.68;1976
154;floating_harbor;2393.00;9.50;1634.00;-2.40;1988
154;floating_harbor;2452.00;9.50;1664.00;-2.21;2206
154;floating_harbor;2395.12;9.50;1752.82;0.59;2255
154;floating_harbor;2393.95;9.50;1669.05;-2.36;2278
154;floating_harbor;2355.70;9.50;1765.79;-0.24;2306
154;floating_harbor;2373.60;9.50;1761.50;-0.38;2355
154;floating_harbor;2388.00;9.50;1755.00;0.00;2357
154;floating_harbor;2433.00;9.50;1744.60;-1.03;2362
154;floating_harbor;2405.86;9.50;1691.63;-1.77;2383
156;arms_factory;2238.00;10.90;1676.00;2.72;0
156;arms_factory;2225.00;11.10;1694.00;2.87;0
156;arms_factory;2239.00;12.50;1636.00;5.77;0
156;arms_factory;2245.00;11.35;1666.00;3.23;0
156;arms_factory;2232.00;10.82;1678.00;4.63;0
156;arms_factory;2220.00;11.90;1642.00;4.61;0
156;industrial_complex;2233.00;12.20;1625.00;4.49;0
156;industrial_complex;2214.00;10.60;1688.00;2.68;0
156;industrial_complex;2215.00;11.93;1633.00;1.21;0
156;industrial_complex;2247.00;10.30;1689.00;1.41;0
156;industrial_complex;2227.00;11.95;1652.00;0.73;0
156;industrial_complex;2257.00;12.10;1654.00;2.85;0
156;air_base;2228.00;11.70;1647.00;2.19;0
156;supply_node;2241.00;11.98;1651.00;4.18;0
156;supply_node;2227.00;11.90;1631.00;1.17;0
156;supply_node;2258.00;10.50;1687.00;2.41;0
156;supply_node;2204.00;10.60;1690.00;2.60;0
156;supply_node;2204.00;11.12;1658.00;1.51;0
156;supply_node;2259.00;11.93;1653.00;3.83;0
156;supply_node;2232.00;10.80;1676.00;4.03;0
156;supply_node;2221.00;11.12;1690.00;0.70;0
156;supply_node;2247.00;12.40;1633.00;2.34;0
156;supply_node;2238.00;10.30;1698.00;1.87;0
156;supply_node;2215.00;10.90;1670.00;3.66;0
156;supply_node;2197.00;11.25;1637.00;1.68;0
156;supply_node;2225.00;12.20;1654.00;4.17;0
156;supply_node;2246.00;11.10;1672.00;4.23;0
156;supply_node;2264.00;10.60;1673.00;1.90;0
156;supply_node;2213.00;12.00;1641.00;3.58;0
156;supply_node;2242.00;11.88;1615.00;5.69;0
156;bunker;2264.00;10.20;1684.00;4.47;0
156;bunker;2256.00;11.25;1667.00;1.45;0
156;bunker;2243.00;11.93;1657.00;4.24;0
156;bunker;2195.00;11.10;1638.00;5.29;0
156;bunker;2229.00;11.70;1650.00;2.56;0
156;bunker;2217.00;10.90;1670.00;2.63;0
156;bunker;2255.00;11.10;1674.00;3.00;0
156;bunker;2241.00;12.57;1640.00;2.04;0
156;bunker;2241.00;10.45;1699.00;5.64;0
156;bunker;2262.00;11.85;1643.00;1.99;0
156;bunker;2201.00;10.80;1659.00;5.25;0
156;bunker;2214.00;10.60;1695.00;5.07;0
156;bunker;2243.00;12.00;1615.00;0.94;0
156;bunker;2218.00;10.62;1680.00;5.43;0
156;bunker;2233.00;11.95;1640.00;3.59;0
156;bunker;2223.00;10.60;1679.00;1.87;0
156;bunker;2212.00;12.00;1631.00;0.78;0
156;stronghold_network;2211.00;10.45;1683.00;0.01;0
156;anti_air_building;2234.00;10.60;1681.00;0.66;0
156;anti_air_building;2244.00;11.12;1672.00;6.07;0
156;anti_air_building;2198.00;11.45;1627.00;4.29;0
156;synthetic_refinery;2258.00;11.95;1652.00;2.31;0
156;fuel_silo;2242.00;10.50;1707.00;3.15;0
156;radar_station;2231.00;11.60;1657.00;0.63;0
156;nuclear_reactor_spawn;2223.00;10.95;1697.00;2.21;0
156;special_project_facility_spawn;2261.00;11.55;1662.00;2.10;0
156;special_project_facility_spawn;2198.00;10.80;1653.00;5.82;0
156;special_project_facility_spawn;2217.00;11.10;1668.00;5.22;0
156;special_project_facility_spawn;2250.00;10.50;1692.00;2.56;0
156;special_project_facility_spawn;2230.00;10.60;1694.00;4.20;0
156;special_project_facility_spawn;2252.00;12.75;1636.00;3.60;0
156;special_project_facility_spawn;2262.00;10.53;1676.00;1.06;0
156;special_project_facility_spawn;2243.00;12.30;1620.00;5.72;0
156;special_project_facility_spawn;2202.00;11.60;1642.00;0.56;0
156;special_project_facility_spawn;2240.00;10.25;1692.00;5.77;0
156;special_project_facility_spawn;2202.00;10.90;1682.00;4.77;0
156;special_project_facility_spawn;2205.00;11.60;1648.00;5.00;0
156;special_project_facility_spawn;2237.00;12.20;1632.00;6.17;0
156;special_project_facility_spawn;2238.00;11.05;1672.00;0.31;0
156;special_project_facility_spawn;2255.00;11.10;1674.00;3.77;0
156;special_project_facility_spawn;2230.00;11.55;1647.00;3.15;0
156;special_project_facility_spawn;2239.00;11.50;1661.00;3.74;0
158;arms_factory;2063.00;11.55;1624.00;4.63;0
158;arms_factory;2028.00;10.30;1581.00;4.61;0
158;arms_factory;2095.00;13.75;1634.00;4.49;0
158;arms_factory;2076.00;12.10;1604.00;2.68;0
158;arms_factory;2055.00;11.12;1634.00;1.21;0
158;arms_factory;2077.00;11.70;1628.00;1.41;0
158;industrial_complex;2071.00;11.30;1634.00;0.73;0
158;industrial_complex;2068.00;10.82;1598.00;2.85;0
158;industrial_complex;2090.00;14.35;1614.00;2.19;0
158;industrial_complex;2069.00;11.20;1634.00;5.54;0
158;industrial_complex;2028.00;10.45;1593.00;2.53;0
158;industrial_complex;2049.00;11.70;1629.00;4.05;0
158;air_base;2024.00;10.30;1610.00;0.90;0
158;supply_node;2036.00;10.55;1633.00;1.51;0
158;supply_node;2096.00;12.85;1648.00;3.83;0
158;supply_node;2038.00;11.10;1615.00;4.03;0
158;supply_node;2082.00;12.98;1620.00;0.70;0
158;supply_node;2068.00;11.50;1612.00;2.34;0
158;supply_node;2043.00;10.35;1597.00;1.87;0
158;supply_node;2053.00;11.05;1637.00;3.66;0
158;supply_node;2090.00;13.03;1601.00;1.68;0
158;supply_node;2028.00;10.55;1595.00;4.17;0
158;supply_node;2069.00;11.60;1629.00;4.23;0
158;supply_node;2089.00;13.00;1631.00;1.90;0
158;supply_node;2079.00;10.65;1645.00;3.58;0
158;supply_node;2042.00;10.88;1645.00;5.69;0
158;supply_node;2100.00;14.45;1624.00;0.20;0
158;supply_node;2053.00;11.65;1621.00;0.93;0
158;supply_node;2026.00;10.70;1614.00;6.07;0
158;supply_node;2075.00;11.20;1593.00;1.69;0
158;supply_node;2057.00;10.30;1602.00;2.42;0
158;supply_node;2029.00;10.30;1581.00;0.13;0
158;bunker;2070.00;12.20;1619.00;3.00;0
158;bunker;2094.00;14.88;1622.00;2.04;0
158;bunker;2037.00;10.70;1634.00;5.64;0
158;bunker;2077.00;11.30;1591.00;1.99;0
158;bunker;2048.00;11.25;1615.00;5.25;0
158;bunker;2043.00;10.70;1604.00;5.07;0
158;bunker;2087.00;14.25;1613.00;0.94;0
158;bunker;2051.00;10.57;1605.00;5.43;0
158;bunker;2090.00;12.07;1650.00;3.59;0
158;bunker;2088.00;14.30;1611.00;1.87;0
158;bunker;2061.00;11.70;1621.00;0.78;0
158;bunker;2030.00;10.85;1608.00;0.01;0
158;bunker;2040.00;10.95;1643.00;0.66;0
158;bunker;2047.00;11.05;1642.00;6.07;0
158;bunker;2085.00;12.35;1630.00;4.29;0
158;bunker;2066.00;11.98;1621.00;2.31;0
158;bunker;2084.00;11.25;1652.00;3.15;0
158;bunker;2027.00;10.30;1582.00;2.60;0
158;bunker;2021.00;10.20;1603.00;2.21;0
158;coastal_bunker;2036.00;10.20;1583.00;0.00;0
158;coastal_bunker;2032.00;9.50;1638.00;-2.11;0
158;coastal_bunker;2066.00;9.60;1649.00;-2.03;0
158;coastal_bunker;2026.00;9.95;1624.00;-2.50;0
158;coastal_bunker;2043.00;9.60;1651.00;-2.82;0
158;coastal_bunker;2066.00;10.40;1642.00;-4.02;0
158;coastal_bunker;2024.00;9.50;1591.00;-1.77;0
158;coastal_bunker;2067.00;10.50;1640.00;-3.14;0
158;coastal_bunker;2046.00;9.50;1587.00;-0.10;0
158;stronghold_network;2090.00;12.35;1597.00;5.77;0
158;dockyard;2066.00;9.60;1650.00;-2.03;0
158;anti_air_building;2078.00;10.75;1653.00;5.00;0
158;anti_air_building;2023.00;10.30;1593.00;6.17;0
158;anti_air_building;2026.00;10.30;1578.00;0.31;0
158;synthetic_refinery;2036.00;10.30;1585.00;3.77;0
158;fuel_silo;2068.00;10.95;1606.00;3.15;0
158;radar_station;2066.00;11.98;1618.00;1.61;0
158;nuclear_reactor_spawn;2097.00;13.25;1605.00;5.98;0
158;special_project_facility_spawn;2092.00;12.23;1595.00;0.22;0
158;special_project_facility_spawn;2049.00;10.10;1597.00;4.93;0
158;special_project_facility_spawn;2079.00;12.50;1620.00;0.27;0
158;special_project_facility_spawn;2093.00;13.60;1639.00;3.76;0
158;special_project_facility_spawn;2062.00;10.70;1636.00;5.13;0
158;special_project_facility_spawn;2064.00;10.55;1597.00;2.50;0
158;special_project_facility_spawn;2040.00;11.20;1638.00;4.55;0
158;special_project_facility_spawn;2102.00;12.95;1631.00;2.20;0
158;special_project_facility_spawn;2080.00;11.00;1655.00;3.02;0
158;special_project_facility_spawn;2025.00;10.50;1594.00;1.51;0
158;special_project_facility_spawn;2061.00;10.70;1607.00;3.01;0
158;special_project_facility_spawn;2069.00;11.80;1627.00;5.93;0
158;special_project_facility_spawn;2036.00;11.18;1610.00;0.13;0
158;special_project_facility_spawn;2086.00;12.60;1629.00;2.51;0
158;special_project_facility_spawn;2070.00;11.30;1604.00;4.21;0
158;special_project_facility_spawn;2041.00;10.53;1647.00;3.27;0
158;special_project_facility_spawn;2056.00;11.70;1626.00;5.07;0
158;special_project_facility_spawn;2024.00;10.45;1616.00;0.26;0
158;special_project_facility_spawn;2035.00;10.25;1583.00;1.77;0
158;naval_base_spawn;2043.00;9.60;1651.00;-2.82;3773
158;naval_base_spawn;2023.00;9.90;1592.00;-1.77;4039
158;naval_base_spawn;2058.00;10.40;1640.00;-4.02;3773
158;naval_base_spawn;2073.00;10.00;1646.00;-2.03;3773
158;naval_base_spawn;2024.00;10.30;1606.00;-0.67;4039
158;naval_base_spawn;2035.00;10.40;1644.00;-2.11;3773
158;naval_base_spawn;2023.00;9.60;1578.00;0.00;4039
158;naval_base_spawn;2042.00;9.50;1587.00;-0.10;4039
158;naval_base_spawn;2069.00;10.40;1640.00;-3.14;3773
158;floating_harbor;2025.00;9.50;1639.60;1.03;507
158;floating_harbor;2041.30;9.50;1580.03;-3.24;1480
158;floating_harbor;2064.38;9.50;1646.48;-0.88;1518
158;floating_harbor;2016.14;9.50;1597.37;1.37;1922
158;floating_harbor;2030.00;9.50;1663.00;1.04;2062
158;floating_harbor;2064.74;9.50;1652.13;1.11;2233
158;floating_harbor;2038.79;9.50;1654.64;0.32;2399
158;floating_harbor;2018.80;9.50;1623.60;0.64;2412
158;floating_harbor;2029.00;9.50;1573.00;-3.14;2426
159;arms_factory;2268.00;10.55;1591.00;4.49;0
159;arms_factory;2279.00;10.75;1607.00;2.68;0
159;arms_factory;2289.00;10.60;1604.00;1.21;0
159;arms_factory;2305.00;11.15;1585.00;1.41;0
159;arms_factory;2264.00;10.90;1605.00;0.73;0
159;arms_factory;2302.00;11.12;1558.00;2.85;0
159;industrial_complex;2256.00;12.23;1618.00;2.19;0
159;industrial_complex;2228.00;11.70;1563.00;5.54;0
159;industrial_complex;2285.00;10.65;1576.00;2.53;0
159;industrial_complex;2297.00;10.88;1601.00;4.05;0
159;industrial_complex;2265.00;10.45;1551.00;0.90;0
159;industrial_complex;2274.00;10.75;1619.00;3.64;0
159;air_base;2313.00;12.00;1607.00;3.15;0
159;supply_node;2316.00;11.75;1577.00;4.03;0
159;supply_node;2278.00;10.45;1621.00;0.70;0
159;supply_node;2252.00;11.05;1604.00;2.34;0
159;supply_node;2290.00;10.80;1590.00;1.87;0
159;supply_node;2286.00;10.70;1574.00;3.66;0
159;supply_node;2274.00;10.30;1563.00;1.68;0
159;supply_node;2247.00;10.55;1559.00;4.17;0
159;supply_node;2261.00;10.30;1548.00;4.23;0
159;supply_node;2260.00;10.35;1590.00;1.90;0
159;supply_node;2311.00;11.00;1558.00;3.58;0
159;supply_node;2306.00;11.10;1594.00;5.69;0
159;supply_node;2234.00;10.75;1586.00;0.20;0
159;supply_node;2260.00;11.95;1621.00;0.93;0
159;supply_node;2267.00;10.88;1607.00;6.07;0
159;supply_node;2284.00;10.60;1604.00;1.69;0
159;supply_node;2323.00;11.90;1600.00;2.42;0
159;supply_node;2274.00;10.80;1584.00;0.13;0
159;supply_node;2247.00;10.55;1578.00;0.29;0
159;supply_node;2261.00;10.53;1574.00;3.22;0
159;supply_node;2301.00;11.10;1572.00;0.84;0
159;supply_node;2224.00;12.00;1570.00;5.80;0
159;supply_node;2290.00;10.55;1558.00;5.59;0
159;supply_node;2229.00;11.53;1553.00;2.60;0
159;bunker;2248.00;10.50;1576.00;0.94;0
159;bunker;2255.00;10.53;1584.00;5.43;0
159;bunker;2309.00;11.10;1555.00;3.59;0
159;bunker;2263.00;11.60;1621.00;1.87;0
159;bunker;2250.00;10.85;1602.00;0.78;0
159;bunker;2224.00;12.00;1573.00;0.01;0
159;bunker;2298.00;11.10;1585.00;0.66;0
159;bunker;2294.00;10.70;1553.00;6.07;0
159;bunker;2287.00;10.80;1576.00;4.29;0
159;bunker;2306.00;11.35;1567.00;2.31;0
159;bunker;2252.00;10.30;1564.00;3.15;0
159;bunker;2266.00;10.25;1579.00;2.60;0
159;bunker;2232.00;11.12;1550.00;2.21;0
159;bunker;2274.00;10.88;1608.00;2.10;0
159;bunker;2257.00;10.40;1549.00;5.82;0
159;bunker;2289.00;10.70;1602.00;5.22;0
159;bunker;2313.00;11.10;1597.00;2.56;0
159;bunker;2315.00;11.70;1577.00;4.20;0
159;bunker;2278.00;10.30;1564.00;3.60;0
159;bunker;2281.00;10.55;1617.00;1.06;0
159;bunker;2278.00;10.80;1582.00;5.72;0
159;bunker;2321.00;11.90;1601.00;0.56;0
159;bunker;2232.00;11.18;1583.00;5.77;0
159;coastal_bunker;2268.00;10.30;1557.00;-4.39;0
159;coastal_bunker;2264.00;10.25;1563.00;-4.49;0
159;coastal_bunker;2271.00;9.85;1562.00;-0.32;0
159;stronghold_network;2285.00;10.75;1594.00;0.31;0
159;dockyard;2272.00;9.50;1560.00;-0.32;0
159;anti_air_building;2243.00;10.50;1594.00;3.15;0
159;anti_air_building;2238.00;10.82;1555.00;3.74;0
159;anti_air_building;2293.00;10.90;1594.00;5.98;0
159;synthetic_refinery;2252.00;10.53;1595.00;0.22;0
159;fuel_silo;2248.00;10.60;1600.00;4.93;0
159;radar_station;2275.00;10.60;1586.00;2.66;0
159;nuclear_reactor_spawn;2247.00;10.60;1588.00;3.76;0
159;special_project_facility_spawn;2252.00;10.50;1556.00;5.13;0
159;special_project_facility_spawn;2270.00;10.80;1603.00;2.50;0
159;special_project_facility_spawn;2283.00;10.57;1581.00;4.55;0
159;special_project_facility_spawn;2280.00;10.60;1583.00;2.20;0
159;special_project_facility_spawn;2256.00;10.50;1584.00;3.02;0
159;special_project_facility_spawn;2287.00;10.50;1587.00;1.51;0
159;special_project_facility_spawn;2281.00;10.60;1609.00;3.01;0
159;special_project_facility_spawn;2281.00;10.45;1560.00;5.93;0
159;special_project_facility_spawn;2277.00;10.45;1624.00;0.13;0
159;special_project_facility_spawn;2304.00;11.40;1580.00;2.51;0
159;special_project_facility_spawn;2283.00;10.50;1560.00;4.21;0
159;special_project_facility_spawn;2251.00;10.50;1549.00;3.27;0
159;special_project_facility_spawn;2243.00;10.40;1574.00;5.07;0
159;special_project_facility_spawn;2254.00;11.25;1609.00;0.26;0
159;special_project_facility_spawn;2314.00;10.90;1555.00;1.77;0
159;special_project_facility_spawn;2222.00;12.05;1577.00;3.68;0
159;special_project_facility_spawn;2223.00;12.15;1562.00;1.15;0
159;special_project_facility_spawn;2253.00;10.50;1574.00;5.39;0
159;special_project_facility_spawn;2301.00;11.05;1601.00;2.21;0
159;special_project_facility_spawn;2236.00;10.80;1575.00;3.05;0
159;special_project_facility_spawn;2316.00;11.53;1604.00;3.72;0
159;special_project_facility_spawn;2314.00;11.12;1585.00;2.13;0
159;special_project_facility_spawn;2264.00;11.30;1623.00;0.32;0
159;naval_base_spawn;2265.00;10.30;1558.00;-4.39;4120
159;naval_base_spawn;2266.00;9.50;1563.00;-0.32;4120
159;naval_base_spawn;2264.00;10.25;1563.00;-4.49;4120
159;floating_harbor;2270.79;9.50;1553.36;-3.46;1541
159;floating_harbor;2279.00;9.50;1499.00;-2.93;1591
159;floating_harbor;2276.64;9.50;1553.21;-1.25;1658
160;arms_factory;2132.00;12.65;1669.00;1.21;0
160;arms_factory;2155.00;12.55;1679.00;1.41;0
160;arms_factory;2144.00;12.55;1654.00;0.73;0
160;arms_factory;2192.00;11.43;1685.00;2.85;0
160;arms_factory;2154.00;13.00;1662.00;2.19;0
160;arms_factory;2176.00;11.07;1712.00;5.54;0
160;industrial_complex;2153.00;12.70;1653.00;2.53;0
160;industrial_complex;2147.00;12.53;1666.00;4.05;0
160;industrial_complex;2142.00;11.48;1689.00;0.90;0
160;industrial_complex;2157.00;12.10;1647.00;3.64;0
160;industrial_complex;2113.00;12.28;1660.00;3.15;0
160;industrial_complex;2155.00;11.00;1716.00;4.25;0
160;air_base;2184.00;11.75;1674.00;3.34;0
160;supply_node;2194.00;11.18;1673.00;2.34;0
160;supply_node;2134.00;12.28;1677.00;1.87;0
160;supply_node;2127.00;11.18;1651.00;3.66;0
160;supply_node;2143.00;12.23;1644.00;1.68;0
160;supply_node;2173.00;11.60;1707.00;4.17;0
160;supply_node;2164.00;11.20;1636.00;4.23;0
160;supply_node;2157.00;13.10;1671.00;1.90;0
160;supply_node;2140.00;11.25;1698.00;3.58;0
160;supply_node;2185.00;10.88;1656.00;5.69;0
160;supply_node;2156.00;11.75;1707.00;0.20;0
160;supply_node;2166.00;12.60;1689.00;0.93;0
160;supply_node;2116.00;13.05;1672.00;6.07;0
160;supply_node;2144.00;10.50;1720.00;1.69;0
160;supply_node;2170.00;10.45;1719.00;2.42;0
160;supply_node;2132.00;10.65;1706.00;0.13;0
160;supply_node;2196.00;11.10;1706.00;0.29;0
160;supply_node;2120.00;10.95;1693.00;3.22;0
160;supply_node;2186.00;11.40;1695.00;0.84;0
160;supply_node;2151.00;12.20;1686.00;5.80;0
160;supply_node;2180.00;12.10;1680.00;5.59;0
160;supply_node;2173.00;12.20;1665.00;2.60;0
160;supply_node;2142.00;12.00;1662.00;3.04;0
160;supply_node;2109.00;12.00;1657.00;4.71;0
160;supply_node;2158.00;12.48;1655.00;4.29;0
160;supply_node;2109.00;10.73;1641.00;3.89;0
160;supply_node;2179.00;10.80;1639.00;3.12;0
160;bunker;2190.00;10.82;1649.00;0.01;0
160;bunker;2175.00;10.80;1635.00;0.66;0
160;bunker;2172.00;10.53;1721.00;6.07;0
160;bunker;2117.00;11.15;1690.00;4.29;0
160;bunker;2156.00;13.00;1658.00;2.31;0
160;bunker;2172.00;12.40;1686.00;3.15;0
160;bunker;2142.00;12.30;1650.00;2.60;0
160;bunker;2174.00;10.75;1715.00;2.21;0
160;bunker;2155.00;11.15;1714.00;2.10;0
160;bunker;2136.00;11.80;1685.00;5.82;0
160;bunker;2174.00;12.35;1668.00;5.22;0
160;bunker;2143.00;11.48;1699.00;2.56;0
160;bunker;2151.00;12.88;1669.00;4.20;0
160;bunker;2179.00;11.65;1694.00;3.60;0
160;bunker;2166.00;11.55;1648.00;1.06;0
160;bunker;2129.00;11.30;1647.00;5.72;0
160;bunker;2113.00;11.80;1653.00;0.56;0
160;bunker;2144.00;12.00;1684.00;5.77;0
160;bunker;2141.00;12.28;1656.00;4.77;0
160;bunker;2121.00;12.80;1666.00;5.00;0
160;bunker;2197.00;11.05;1700.00;6.17;0
160;bunker;2189.00;11.45;1678.00;0.31;0
160;bunker;2180.00;11.65;1689.00;3.77;0
160;bunker;2151.00;10.82;1717.00;3.15;0
160;bunker;2133.00;10.65;1706.00;3.74;0
160;bunker;2110.00;10.55;1642.00;5.98;0
160;coastal_bunker;2134.00;10.35;1734.00;-3.34;0
160;coastal_bunker;2123.00;10.00;1701.00;-2.90;0
160;coastal_bunker;2170.00;10.00;1720.00;-2.68;0
160;coastal_bunker;2128.00;10.40;1706.00;-2.90;0
160;coastal_bunker;2162.00;10.40;1720.00;-3.57;0
160;stronghold_network;2118.00;11.93;1656.00;2.50;0
160;dockyard;2127.00;10.45;1704.00;-2.90;0
160;anti_air_building;2177.00;12.30;1677.00;2.20;0
160;anti_air_building;2178.00;10.85;1641.00;3.02;0
160;anti_air_building;2163.00;10.95;1633.00;1.51;0
160;synthetic_refinery;2198.00;10.88;1713.00;3.01;0
160;fuel_silo;2165.00;12.57;1684.00;5.93;0
160;radar_station;2152.00;12.45;1679.00;0.96;0
160;nuclear_reactor_spawn;2138.00;12.25;1645.00;2.51;0
160;special_project_facility_spawn;2177.00;12.35;1676.00;4.21;0
160;special_project_facility_spawn;2146.00;11.98;1643.00;3.27;0
160;special_project_facility_spawn;2138.00;12.85;1673.00;5.07;0
160;special_project_facility_spawn;2115.00;11.53;1652.00;0.26;0
160;special_project_facility_spawn;2119.00;10.70;1697.00;1.77;0
160;special_project_facility_spawn;2190.00;11.70;1691.00;3.68;0
160;special_project_facility_spawn;2164.00;11.20;1637.00;1.15;0
160;special_project_facility_spawn;2150.00;12.85;1667.00;5.39;0
160;special_project_facility_spawn;2111.00;10.53;1640.00;2.21;0
160;special_project_facility_spawn;2197.00;11.10;1706.00;3.05;0
160;special_project_facility_spawn;2122.00;13.12;1673.00;3.72;0
160;special_project_facility_spawn;2178.00;12.15;1668.00;2.13;0
160;special_project_facility_spawn;2143.00;11.98;1684.00;0.32;0
160;special_project_facility_spawn;2189.00;11.55;1671.00;4.44;0
160;special_project_facility_spawn;2179.00;10.75;1637.00;3.71;0
160;special_project_facility_spawn;2120.00;10.73;1649.00;5.47;0
160;special_project_facility_spawn;2164.00;12.28;1700.00;5.45;0
160;special_project_facility_spawn;2164.00;12.70;1664.00;5.98;0
160;special_project_facility_spawn;2149.00;12.60;1656.00;2.85;0
160;special_project_facility_spawn;2160.00;10.70;1718.00;1.50;0
160;special_project_facility_spawn;2178.00;11.40;1661.00;5.28;0
160;special_project_facility_spawn;2172.00;10.53;1720.00;2.16;0
160;special_project_facility_spawn;2126.00;10.53;1703.00;2.43;0
160;special_project_facility_spawn;2171.00;11.38;1709.00;2.39;0
160;special_project_facility_spawn;2142.00;11.45;1698.00;0.01;0
160;special_project_facility_spawn;2142.00;10.50;1721.00;0.25;0
160;naval_base_spawn;2123.00;10.00;1701.00;-2.90;4434
160;naval_base_spawn;2155.00;10.00;1723.00;-3.34;4067
160;naval_base_spawn;2135.00;10.00;1713.00;-2.90;4434
160;naval_base_spawn;2170.00;10.45;1719.00;-2.68;4067
160;naval_base_spawn;2162.00;10.53;1719.00;-3.57;4067
160;floating_harbor;2164.93;9.50;1726.36;-0.43;1740
160;floating_harbor;2146.37;9.50;1731.86;-0.20;2312
160;floating_harbor;2165.87;9.50;1727.26;0.46;2367
160;floating_harbor;2129.30;9.50;1716.79;0.24;2373
160;floating_harbor;2116.30;9.50;1707.79;0.24;2379
161;arms_factory;2129.00;10.60;1484.00;0.73;0
161;arms_factory;2058.00;11.45;1490.00;2.85;0
161;arms_factory;2100.00;10.82;1511.00;2.19;0
161;arms_factory;2033.00;10.30;1478.00;5.54;0
161;arms_factory;2108.00;10.90;1522.00;2.53;0
161;arms_factory;2109.00;10.60;1488.00;4.05;0
161;industrial_complex;2137.00;10.70;1484.00;0.90;0
161;industrial_complex;2111.00;10.70;1517.00;3.64;0
161;industrial_complex;2042.00;11.15;1488.00;3.15;0
161;industrial_complex;2047.00;11.18;1490.00;4.25;0
161;industrial_complex;2034.00;10.35;1493.00;3.34;0
161;industrial_complex;2087.00;10.60;1502.00;6.03;0
161;air_base;2029.00;10.30;1482.00;3.59;0
161;supply_node;2139.00;10.45;1474.00;3.66;0
161;supply_node;2121.00;10.80;1485.00;1.68;0
161;supply_node;2080.00;11.00;1482.00;4.17;0
161;supply_node;2056.00;10.80;1477.00;4.23;0
161;supply_node;2102.00;10.75;1523.00;1.90;0
161;supply_node;2057.00;11.50;1496.00;3.58;0
161;supply_node;2137.00;10.50;1526.00;5.69;0
161;supply_node;2046.00;10.65;1504.00;0.20;0
161;supply_node;2037.00;10.80;1483.00;0.93;0
161;supply_node;2090.00;10.80;1505.00;6.07;0
161;supply_node;2102.00;10.60;1486.00;1.69;0
161;supply_node;2118.00;10.50;1503.00;2.42;0
161;supply_node;2119.00;10.60;1523.00;0.13;0
161;supply_node;2132.00;10.75;1513.00;0.29;0
161;supply_node;2106.00;10.80;1511.00;3.22;0
161;supply_node;2074.00;10.70;1495.00;0.84;0
161;supply_node;2035.00;10.45;1495.00;5.80;0
161;supply_node;2133.00;10.90;1495.00;5.59;0
161;supply_node;2071.00;10.30;1473.00;2.60;0
161;supply_node;2041.00;10.45;1472.00;3.04;0
161;bunker;2108.00;10.82;1519.00;5.43;0
161;bunker;2092.00;10.80;1498.00;3.59;0
161;bunker;2053.00;10.45;1515.00;1.87;0
161;bunker;2090.00;10.70;1480.00;0.78;0
161;bunker;2034.00;10.35;1495.00;0.01;0
161;bunker;2132.00;10.80;1508.00;0.66;0
161;bunker;2110.00;10.50;1485.00;6.07;0
161;bunker;2111.00;10.40;1528.00;4.29;0
161;bunker;2045.00;10.70;1476.00;2.31;0
161;bunker;2117.00;10.80;1494.00;3.15;0
161;bunker;2073.00;10.70;1496.00;2.60;0
161;bunker;2141.00;10.30;1470.00;2.21;0
161;bunker;2129.00;10.90;1491.00;2.10;0
161;bunker;2135.00;10.45;1526.00;5.82;0
161;bunker;2117.00;10.60;1496.00;5.22;0
161;bunker;2124.00;10.53;1521.00;2.56;0
161;bunker;2038.00;10.80;1483.00;4.20;0
161;bunker;2057.00;11.32;1499.00;3.60;0
161;bunker;2060.00;10.70;1479.00;1.06;0
161;bunker;2074.00;10.55;1476.00;5.72;0
161;coastal_bunker;2027.00;9.60;1489.00;-1.46;0
161;coastal_bunker;2123.00;10.30;1529.00;-3.34;0
161;coastal_bunker;2078.00;9.95;1473.00;0.00;0
161;coastal_bunker;2142.00;9.95;1532.00;-3.34;0
161;coastal_bunker;2090.00;10.45;1517.00;-2.29;0
161;coastal_bunker;2109.00;9.95;1530.00;-2.82;0
161;coastal_bunker;2065.00;10.40;1507.00;-3.46;0
161;coastal_bunker;2110.00;9.50;1481.00;0.40;0
161;coastal_bunker;2082.00;10.00;1502.00;-3.31;0
161;coastal_bunker;2039.00;9.95;1471.00;-0.46;0
161;coastal_bunker;2055.00;10.45;1513.00;-2.90;0
161;coastal_bunker;2053.00;9.60;1470.00;0.28;0
161;coastal_bunker;2039.00;10.40;1499.00;-2.36;0
161;coastal_bunker;2115.00;9.50;1479.00;-0.11;0
161;coastal_bunker;2142.00;9.50;1462.00;-0.32;0
161;coastal_bunker;2086.00;9.60;1475.00;0.62;0
161;stronghold_network;2134.00;10.80;1501.00;4.55;0
161;dockyard;2083.00;9.60;1475.00;0.62;0
161;anti_air_building;2129.00;10.82;1517.00;3.02;0
161;anti_air_building;2076.00;10.90;1493.00;1.51;0
161;anti_air_building;2107.00;10.75;1519.00;3.01;0
161;synthetic_refinery;2101.00;10.80;1516.00;5.93;0
161;fuel_silo;2116.00;10.70;1522.00;0.13;0
161;radar_station;2086.00;10.75;1497.00;2.20;0
161;nuclear_reactor_spawn;2122.00;10.53;1507.00;4.21;0
161;special_project_facility_spawn;2125.00;10.80;1493.00;3.27;0
161;special_project_facility_spawn;2144.00;10.53;1473.00;5.07;0
161;special_project_facility_spawn;2110.00;10.70;1493.00;0.26;0
161;special_project_facility_spawn;2092.00;10.53;1517.00;1.77;0
161;special_project_facility_spawn;2049.00;10.85;1504.00;3.68;0
161;special_project_facility_spawn;2109.00;10.75;1516.00;1.15;0
161;special_project_facility_spawn;2090.00;11.35;1490.00;5.39;0
161;special_project_facility_spawn;2130.00;10.90;1495.00;2.21;0
161;special_project_facility_spawn;2125.00;10.85;1502.00;3.05;0
161;special_project_facility_spawn;2133.00;10.80;1509.00;3.72;0
161;special_project_facility_spawn;2080.00;10.85;1494.00;2.13;0
161;special_project_facility_spawn;2042.00;10.55;1474.00;0.32;0
161;special_project_facility_spawn;2061.00;11.30;1488.00;4.44;0
161;special_project_facility_spawn;2122.00;10.40;1528.00;3.71;0
161;special_project_facility_spawn;2136.00;10.53;1524.00;5.47;0
161;special_project_facility_spawn;2063.00;10.50;1477.00;5.45;0
161;special_project_facility_spawn;2037.00;10.65;1487.00;5.98;0
161;special_project_facility_spawn;2072.00;10.30;1471.00;2.85;0
161;special_project_facility_spawn;2101.00;10.57;1524.00;1.50;0
161;special_project_facility_spawn;2035.00;10.45;1495.00;5.28;0
161;naval_base_spawn;2090.00;9.60;1474.00;0.62;3989
161;naval_base_spawn;2055.00;10.45;1513.00;-2.90;4039
161;naval_base_spawn;2142.00;9.50;1465.00;-0.32;4532
161;naval_base_spawn;2047.00;9.60;1471.00;-0.46;3989
161;naval_base_spawn;2029.00;10.30;1497.00;-2.36;4039
161;naval_base_spawn;2111.00;10.30;1529.00;-2.82;4039
161;naval_base_spawn;2132.00;10.25;1527.00;-3.34;4039
161;naval_base_spawn;2088.00;10.40;1516.00;-2.29;4039
161;naval_base_spawn;2069.00;9.85;1474.00;0.00;3989
161;naval_base_spawn;2103.00;9.60;1479.00;0.40;4532
161;naval_base_spawn;2124.00;10.25;1529.00;-3.34;4039
161;naval_base_spawn;2050.00;10.20;1470.00;0.28;3989
161;naval_base_spawn;2080.00;10.40;1500.00;-3.31;4039
161;naval_base_spawn;2032.00;10.40;1488.00;-1.46;3989
161;naval_base_spawn;2062.00;10.53;1507.00;-3.46;4039
161;naval_base_spawn;2123.00;9.95;1477.00;-0.11;4532
161;floating_harbor;2134.79;9.50;1461.36;-3.46;64
161;floating_harbor;2119.23;9.50;1469.04;-3.25;314
161;floating_harbor;2089.07;9.50;1469.30;-2.52;802
161;floating_harbor;2059.92;9.50;1463.27;-2.86;842
161;floating_harbor;2098.79;9.50;1532.64;0.32;1166
161;floating_harbor;2063.21;9.50;1514.64;-0.32;1526
161;floating_harbor;2139.37;9.50;1537.86;-0.20;1573
161;floating_harbor;2043.30;9.50;1514.79;0.24;1746
161;floating_harbor;2021.04;9.50;1481.23;-4.60;1907
161;floating_harbor;2076.73;9.50;1516.61;0.85;1966
161;floating_harbor;2107.76;9.50;1472.57;-2.74;2046
161;floating_harbor;2121.37;9.50;1534.86;-0.20;2212
161;floating_harbor;2076.15;9.50;1507.90;-0.17;2458
161;floating_harbor;2028.05;9.50;1501.95;0.79;2459
161;floating_harbor;2071.00;9.50;1464.00;-3.14;2474
161;floating_harbor;2036.87;9.50;1463.74;-3.61;2475
163;arms_factory;2173.00;10.80;1550.00;2.53;0
163;arms_factory;2138.00;11.50;1561.00;4.05;0
163;arms_factory;2120.00;10.88;1557.00;0.90;0
163;arms_factory;2137.00;11.95;1578.00;3.64;0
163;arms_factory;2130.00;11.85;1571.00;3.15;0
163;arms_factory;2172.00;12.20;1577.00;4.25;0
163;industrial_complex;2193.00;12.15;1581.00;3.34;0
163;industrial_complex;2219.00;12.45;1560.00;6.03;0
163;industrial_complex;2160.00;11.45;1566.00;3.59;0
163;industrial_complex;2163.00;10.65;1549.00;2.16;0
163;industrial_complex;2210.00;11.40;1552.00;1.04;0
163;industrial_complex;2139.00;11.90;1582.00;3.78;0
163;air_base;2192.00;11.75;1567.00;2.29;0
163;supply_node;2135.00;11.90;1578.00;1.90;0
163;supply_node;2127.00;11.10;1560.00;3.58;0
163;supply_node;2156.00;10.50;1548.00;5.69;0
163;supply_node;2141.00;10.65;1543.00;0.20;0
163;supply_node;2212.00;11.70;1556.00;0.93;0
163;supply_node;2196.00;12.20;1577.00;6.07;0
163;supply_node;2190.00;11.65;1552.00;1.69;0
163;supply_node;2154.00;11.65;1586.00;2.42;0
163;supply_node;2120.00;10.60;1543.00;0.13;0
163;supply_node;2151.00;11.48;1567.00;0.29;0
163;supply_node;2169.00;12.00;1574.00;3.22;0
163;supply_node;2184.00;12.00;1568.00;0.84;0
163;supply_node;2170.00;11.20;1555.00;5.80;0
163;supply_node;2204.00;11.40;1545.00;5.59;0
163;supply_node;2139.00;11.10;1553.00;2.60;0
163;bunker;2190.00;11.85;1565.00;0.94;0
163;bunker;2213.00;12.05;1562.00;5.43;0
163;bunker;2130.00;11.70;1569.00;3.59;0
163;bunker;2199.00;11.85;1569.00;1.87;0
163;bunker;2158.00;11.65;1585.00;0.78;0
163;bunker;2158.00;11.30;1567.00;0.01;0
163;bunker;2121.00;10.35;1539.00;0.66;0
163;bunker;2177.00;12.20;1571.00;6.07;0
163;bunker;2180.00;11.25;1555.00;4.29;0
163;bunker;2168.00;10.50;1547.00;2.31;0
163;bunker;2136.00;11.15;1550.00;3.15;0
163;bunker;2126.00;11.65;1569.00;2.60;0
163;bunker;2177.00;10.80;1548.00;2.21;0
163;bunker;2203.00;11.40;1552.00;2.10;0
163;bunker;2148.00;10.53;1544.00;5.82;0
163;coastal_bunker;2147.00;9.60;1538.00;-0.17;0
163;coastal_bunker;2128.00;9.95;1538.00;0.14;0
163;coastal_bunker;2172.00;9.60;1544.00;0.88;0
163;stronghold_network;2126.00;12.00;1572.00;3.60;0
163;dockyard;2143.00;9.60;1538.00;-0.17;0
163;anti_air_building;2137.00;11.70;1572.00;5.72;0
163;anti_air_building;2191.00;11.60;1549.00;0.56;0
163;anti_air_building;2188.00;12.00;1571.00;5.77;0
163;synthetic_refinery;2140.00;11.55;1570.00;4.77;0
163;fuel_silo;2181.00;12.10;1577.00;5.00;0
163;radar_station;2167.00;11.70;1566.00;5.14;0
163;nuclear_reactor_spawn;2171.00;11.30;1556.00;0.31;0
163;special_project_facility_spawn;2147.00;11.70;1576.00;3.77;0
163;special_project_facility_spawn;2168.00;10.55;1548.00;3.15;0
163;special_project_facility_spawn;2121.00;11.00;1565.00;3.74;0
163;special_project_facility_spawn;2193.00;11.75;1568.00;5.98;0
163;special_project_facility_spawn;2207.00;11.75;1566.00;0.22;0
163;special_project_facility_spawn;2172.00;11.10;1554.00;4.93;0
163;special_project_facility_spawn;2161.00;11.90;1585.00;0.27;0
163;special_project_facility_spawn;2202.00;11.90;1567.00;3.76;0
163;special_project_facility_spawn;2207.00;11.43;1551.00;5.13;0
163;special_project_facility_spawn;2146.00;11.40;1563.00;2.50;0
163;special_project_facility_spawn;2181.00;11.40;1557.00;4.55;0
163;special_project_facility_spawn;2131.00;10.70;1542.00;2.20;0
163;special_project_facility_spawn;2142.00;11.55;1572.00;3.02;0
163;special_project_facility_spawn;2145.00;10.60;1544.00;1.51;0
163;special_project_facility_spawn;2171.00;12.00;1580.00;3.01;0
163;naval_base_spawn;2116.00;9.60;1537.00;0.14;4039
163;naval_base_spawn;2148.00;10.30;1539.00;-0.17;4039
163;naval_base_spawn;2150.00;9.55;1539.00;0.88;4039
163;floating_harbor;2029.00;9.50;1542.00;-4.70;1048
163;floating_harbor;2029.00;9.50;1542.00;1.53;1169
163;floating_harbor;2029.00;9.50;1542.00;1.51;1876
165;arms_factory;4638.00;11.90;1484.00;3.15;0
165;arms_factory;4561.00;11.90;1493.00;4.25;0
165;arms_factory;4591.00;13.40;1442.00;3.34;0
165;arms_factory;4638.00;12.60;1411.00;6.03;0
165;arms_factory;4662.00;11.55;1435.00;3.59;0
165;arms_factory;4571.00;11.70;1459.00;2.16;0
165;industrial_complex;4617.00;14.60;1421.00;1.04;0
165;industrial_complex;4526.00;11.90;1455.00;3.78;0
165;industrial_complex;4695.00;11.98;1462.00;2.29;0
165;industrial_complex;4654.00;10.80;1537.00;1.16;0
165;industrial_complex;4539.00;10.85;1512.00;3.83;0
165;industrial_complex;4674.00;12.50;1440.00;6.14;0
165;air_base;4607.00;12.15;1473.00;4.47;0
165;supply_node;4635.00;12.30;1512.00;0.93;0
165;supply_node;4663.00;11.93;1440.00;6.07;0
165;supply_node;4600.00;10.85;1513.00;1.69;0
165;supply_node;4499.00;12.10;1453.00;2.42;0
165;supply_node;4563.00;11.90;1479.00;0.13;0
165;supply_node;4559.00;12.60;1428.00;0.29;0
165;supply_node;4700.00;13.50;1443.00;3.22;0
165;supply_node;4553.00;10.88;1510.00;0.84;0
165;supply_node;4672.00;11.10;1488.00;5.80;0
165;supply_node;4612.00;11.55;1484.00;5.59;0
165;supply_node;4545.00;14.53;1393.00;2.60;0
165;supply_node;4594.00;14.55;1413.00;3.04;0
165;supply_node;4525.00;11.15;1490.00;4.71;0
165;supply_node;4634.00;13.10;1420.00;4.29;0
165;supply_node;4630.00;12.23;1457.00;3.89;0
165;supply_node;4654.00;10.80;1536.00;3.12;0
165;supply_node;4617.00;10.90;1547.00;4.53;0
165;supply_node;4588.00;12.80;1456.00;2.49;0
165;supply_node;4535.00;11.70;1458.00;0.89;0
165;supply_node;4472.00;10.75;1440.00;0.40;0
165;supply_node;4522.00;12.50;1424.00;4.52;0
165;supply_node;4622.00;14.20;1388.00;2.65;0
165;bunker;4631.00;11.90;1519.00;2.60;0
165;bunker;4559.00;13.80;1415.00;2.21;0
165;bunker;4539.00;12.70;1431.00;2.10;0
165;bunker;4618.00;11.43;1482.00;5.82;0
165;bunker;4724.00;12.85;1453.00;5.22;0
165;bunker;4643.00;12.25;1434.00;2.56;0
165;bunker;4686.00;11.00;1483.00;4.20;0
165;bunker;4500.00;11.30;1470.00;3.60;0
165;bunker;4624.00;14.20;1381.00;1.06;0
165;bunker;4672.00;12.53;1448.00;5.72;0
165;bunker;4471.00;10.35;1446.00;0.56;0
165;bunker;4535.00;14.75;1389.00;5.77;0
165;bunker;4540.00;12.57;1440.00;4.77;0
165;bunker;4604.00;14.25;1420.00;5.00;0
165;bunker;4595.00;10.62;1516.00;6.17;0
165;bunker;4514.00;10.70;1487.00;0.31;0
165;bunker;4532.00;10.20;1518.00;3.77;0
165;bunker;4571.00;12.57;1448.00;3.15;0
165;bunker;4558.00;11.75;1497.00;3.74;0
165;bunker;4613.00;10.57;1552.00;5.98;0
165;bunker;4645.00;12.10;1473.00;0.22;0
165;bunker;4648.00;10.80;1526.00;4.93;0
165;coastal_bunker;4522.00;10.30;1510.00;-2.36;0
165;coastal_bunker;4695.00;10.40;1494.00;-3.82;0
165;coastal_bunker;4573.00;10.53;1513.00;-4.08;0
165;coastal_bunker;4482.00;10.35;1467.00;-2.64;0
165;coastal_bunker;4481.00;9.60;1465.00;-2.55;0
165;coastal_bunker;4612.00;10.25;1557.00;-1.68;0
165;coastal_bunker;4605.00;10.20;1533.00;-2.48;0
165;coastal_bunker;4664.00;10.25;1524.00;1.33;0
165;stronghold_network;4541.00;11.00;1510.00;3.01;0
165;dockyard;4625.00;10.30;1564.00;-3.34;0
165;anti_air_building;4595.00;12.55;1468.00;0.13;0
165;anti_air_building;4600.00;10.70;1519.00;2.51;0
165;anti_air_building;4496.00;12.10;1432.00;4.21;0
165;synthetic_refinery;4605.00;13.62;1396.00;3.27;0
165;fuel_silo;4678.00;10.45;1506.00;5.07;0
165;radar_station;4590.00;12.20;1468.00;2.46;0
165;nuclear_reactor_spawn;4605.00;11.53;1498.00;1.77;0
165;special_project_facility_spawn;4599.00;14.80;1415.00;3.68;0
165;special_project_facility_spawn;4552.00;11.70;1450.00;1.15;0
165;special_project_facility_spawn;4666.00;12.35;1452.00;5.39;0
165;special_project_facility_spawn;4658.00;10.80;1515.00;2.21;0
165;special_project_facility_spawn;4603.00;11.90;1486.00;3.05;0
165;special_project_facility_spawn;4536.00;12.88;1441.00;3.72;0
165;special_project_facility_spawn;4501.00;12.80;1424.00;2.13;0
165;special_project_facility_spawn;4543.00;14.50;1398.00;0.32;0
165;special_project_facility_spawn;4637.00;14.23;1381.00;4.44;0
165;special_project_facility_spawn;4523.00;11.40;1476.00;3.71;0
165;special_project_facility_spawn;4580.00;12.23;1477.00;5.47;0
165;special_project_facility_spawn;4654.00;11.45;1501.00;5.45;0
165;special_project_facility_spawn;4637.00;11.98;1464.00;5.98;0
165;special_project_facility_spawn;4620.00;14.48;1424.00;2.85;0
165;special_project_facility_spawn;4535.00;10.40;1517.00;1.50;0
165;special_project_facility_spawn;4721.00;13.90;1435.00;5.28;0
165;special_project_facility_spawn;4524.00;12.70;1423.00;2.16;0
165;special_project_facility_spawn;4603.00;12.88;1455.00;2.43;0
165;special_project_facility_spawn;4692.00;10.60;1490.00;2.39;0
165;special_project_facility_spawn;4588.00;10.45;1517.00;0.01;0
165;special_project_facility_spawn;4475.00;11.12;1434.00;0.25;0
165;special_project_facility_spawn;4626.00;10.80;1542.00;3.54;0
165;naval_base_spawn;4608.00;9.60;1543.00;-1.68;3794
165;naval_base_spawn;4667.00;10.25;1519.00;1.33;3594
165;naval_base_spawn;4674.00;10.35;1509.00;-3.82;3594
165;naval_base_spawn;4526.00;10.15;1515.00;-2.36;4096
165;naval_base_spawn;4528.00;10.10;1517.00;-2.28;4096
165;naval_base_spawn;4502.00;10.40;1480.00;-3.18;4096
165;naval_base_spawn;4601.00;10.30;1526.00;-2.48;3794
165;naval_base_spawn;4481.00;9.60;1460.00;-2.55;4233
165;floating_harbor;4588.70;9.50;1527.53;0.66;173
165;floating_harbor;4483.65;9.50;1481.15;0.50;475
165;floating_harbor;4569.66;9.50;1522.12;-0.94;729
165;floating_harbor;4688.37;9.50;1508.47;-0.67;744
165;floating_harbor;4511.05;9.50;1503.95;0.79;1713
165;floating_harbor;4672.79;9.50;1531.30;-1.82;2088
165;floating_harbor;4601.04;9.50;1548.77;1.46;2440
165;floating_harbor;4462.12;9.50;1454.82;0.59;2488
168;arms_factory;4764.00;15.38;1396.00;1.04;0
168;arms_factory;4749.00;10.30;1520.00;3.78;0
168;arms_factory;4790.00;13.35;1439.00;2.29;0
168;arms_factory;4809.00;11.12;1467.00;1.16;0
168;arms_factory;4809.00;12.85;1419.00;3.83;0
168;arms_factory;4806.00;12.75;1431.00;6.14;0
168;industrial_complex;4801.00;13.65;1362.00;4.47;0
168;industrial_complex;4914.00;10.60;1403.00;1.45;0
168;industrial_complex;4735.00;14.85;1417.00;4.24;0
168;industrial_complex;4766.00;13.50;1441.00;5.29;0
168;industrial_complex;4888.00;11.00;1392.00;2.56;0
168;industrial_complex;4830.00;11.45;1445.00;2.63;0
168;air_base;4839.00;13.20;1374.00;3.00;0
168;supply_node;4824.00;13.65;1359.00;3.22;0
168;supply_node;4847.00;11.40;1438.00;0.84;0
168;supply_node;4711.00;13.20;1408.00;5.80;0
168;supply_node;4750.00;12.28;1484.00;5.59;0
168;supply_node;4791.00;14.25;1376.00;2.60;0
168;supply_node;4749.00;15.55;1388.00;3.04;0
168;supply_node;4864.00;11.70;1374.00;4.71;0
168;supply_node;4806.00;12.80;1437.00;4.29;0
168;supply_node;4883.00;11.43;1413.00;3.89;0
168;supply_node;4777.00;14.00;1415.00;3.12;0
168;supply_node;4828.00;11.70;1403.00;4.53;0
168;supply_node;4820.00;11.45;1467.00;2.49;0
168;supply_node;4751.00;10.55;1515.00;0.89;0
168;supply_node;4754.00;13.60;1445.00;0.40;0
168;supply_node;4911.00;10.57;1398.00;4.52;0
168;supply_node;4732.00;10.60;1509.00;2.65;0
168;supply_node;4781.00;11.12;1468.00;0.63;0
168;supply_node;4709.00;11.30;1468.00;1.80;0
168;bunker;4816.00;12.35;1443.00;2.10;0
168;bunker;4917.00;10.53;1402.00;5.82;0
168;bunker;4736.00;12.65;1456.00;5.22;0
168;bunker;4772.00;13.80;1433.00;2.56;0
168;bunker;4826.00;13.80;1358.00;4.20;0
168;bunker;4854.00;11.18;1444.00;3.60;0
168;bunker;4763.00;12.18;1469.00;1.06;0
168;bunker;4786.00;14.15;1399.00;5.72;0
168;bunker;4706.00;14.05;1411.00;0.56;0
168;bunker;4875.00;11.75;1364.00;5.77;0
168;bunker;4831.00;10.80;1473.00;4.77;0
168;bunker;4873.00;10.50;1400.00;5.00;0
168;bunker;4834.00;11.65;1401.00;6.17;0
168;bunker;4775.00;11.60;1466.00;0.31;0
168;bunker;4741.00;10.30;1519.00;3.77;0
168;bunker;4716.00;10.55;1473.00;3.15;0
168;bunker;4752.00;15.45;1388.00;3.74;0
168;bunker;4731.00;10.45;1504.00;5.98;0
168;coastal_bunker;4909.00;10.30;1415.00;-4.49;0
168;coastal_bunker;4765.00;10.25;1510.00;1.49;0
168;coastal_bunker;4835.00;10.35;1467.00;-3.43;0
168;coastal_bunker;4770.00;10.30;1495.00;-4.16;0
168;coastal_bunker;4905.00;10.30;1427.00;-3.68;0
168;coastal_bunker;4727.00;9.95;1506.00;-1.57;0
168;coastal_bunker;4787.00;10.45;1472.00;-3.56;0
168;coastal_bunker;4868.00;10.45;1436.00;-3.93;0
168;coastal_bunker;4720.00;10.40;1474.00;-3.46;0
168;stronghold_network;4894.00;11.05;1415.00;1.51;0
168;dockyard;4753.00;10.25;1528.00;-2.68;0
168;anti_air_building;4864.00;11.93;1382.00;5.93;0
168;anti_air_building;4772.00;14.15;1415.00;0.13;0
168;anti_air_building;4784.00;14.53;1389.00;2.51;0
168;synthetic_refinery;4732.00;12.88;1451.00;4.21;0
168;fuel_silo;4753.00;12.40;1478.00;3.27;0
168;radar_station;4803.00;12.88;1431.00;2.29;0
168;nuclear_reactor_spawn;4838.00;10.55;1461.00;0.26;0
168;special_project_facility_spawn;4828.00;11.18;1466.00;1.77;0
168;special_project_facility_spawn;4759.00;11.90;1478.00;3.68;0
168;special_project_facility_spawn;4735.00;10.15;1520.00;1.15;0
168;special_project_facility_spawn;4892.00;10.55;1433.00;5.39;0
168;special_project_facility_spawn;4820.00;12.55;1379.00;2.21;0
168;special_project_facility_spawn;4862.00;11.30;1396.00;3.05;0
168;special_project_facility_spawn;4742.00;14.70;1412.00;3.72;0
168;special_project_facility_spawn;4720.00;14.70;1422.00;2.13;0
168;special_project_facility_spawn;4754.00;10.10;1524.00;0.32;0
168;special_project_facility_spawn;4815.00;12.40;1409.00;4.44;0
168;special_project_facility_spawn;4809.00;12.60;1427.00;3.71;0
168;special_project_facility_spawn;4759.00;13.05;1455.00;5.47;0
168;special_project_facility_spawn;4792.00;14.50;1358.00;5.45;0
168;special_project_facility_spawn;4900.00;10.80;1399.00;5.98;0
168;special_project_facility_spawn;4850.00;11.15;1436.00;2.85;0
168;special_project_facility_spawn;4702.00;10.53;1476.00;1.50;0
168;special_project_facility_spawn;4789.00;13.65;1404.00;5.28;0
168;special_project_facility_spawn;4794.00;11.60;1459.00;2.16;0
168;naval_base_spawn;4729.00;10.40;1474.00;-3.46;3594
168;naval_base_spawn;4837.00;10.30;1472.00;-3.43;3775
168;naval_base_spawn;4867.00;10.40;1454.00;-3.93;4258
168;naval_base_spawn;4761.00;10.20;1517.00;1.49;3775
168;naval_base_spawn;4732.00;10.00;1495.00;-1.57;3594
168;naval_base_spawn;4732.00;9.60;1491.00;-1.63;3594
168;naval_base_spawn;4901.00;10.30;1438.00;-3.68;4258
168;naval_base_spawn;4918.00;10.25;1389.00;-4.49;4489
168;naval_base_spawn;4783.00;10.35;1480.00;-3.56;3775
168;floating_harbor;4906.00;9.50;1470.00;-1.19;304
168;floating_harbor;4726.01;9.50;1485.41;1.51;571
168;floating_harbor;4906.00;9.50;1470.00;-0.29;796
168;floating_harbor;4804.00;9.50;1507.00;0.56;1288
168;floating_harbor;4769.98;9.50;1513.42;-1.65;1457
168;floating_harbor;4935.00;9.50;1377.00;-2.56;2037
168;floating_harbor;4720.00;9.50;1509.00;1.57;2454
168;floating_harbor;4787.84;9.50;1483.40;-0.42;2470
168;floating_harbor;4714.21;9.50;1483.64;-0.32;2471
169;arms_factory;3013.00;10.82;1455.00;2.29;0
169;arms_factory;3014.00;11.60;1390.00;1.16;0
169;arms_factory;3013.00;10.80;1454.00;3.83;0
169;arms_factory;3001.00;10.55;1468.00;6.14;0
169;arms_factory;3052.00;11.00;1390.00;4.47;0
169;arms_factory;3019.00;11.65;1395.00;1.45;0
169;industrial_complex;3022.00;11.60;1396.00;4.24;0
169;industrial_complex;3000.00;11.20;1457.00;5.29;0
169;industrial_complex;3034.00;11.45;1363.00;2.56;0
169;industrial_complex;3025.00;11.55;1372.00;2.63;0
169;industrial_complex;3013.00;11.55;1409.00;3.00;0
169;industrial_complex;3031.00;11.00;1426.00;2.04;0
169;air_base;2997.00;12.60;1400.00;5.64;0
169;supply_node;3007.00;11.95;1402.00;5.80;0
169;supply_node;3004.00;11.60;1449.00;5.59;0
169;supply_node;3040.00;10.90;1397.00;2.60;0
169;supply_node;3023.00;11.55;1368.00;3.04;0
169;supply_node;3030.00;11.05;1432.00;4.71;0
169;bunker;3005.00;12.30;1419.00;3.59;0
169;bunker;3026.00;10.50;1449.00;1.87;0
169;bunker;2993.00;12.00;1440.00;0.78;0
169;bunker;3032.00;10.90;1410.00;0.01;0
169;bunker;3025.00;11.70;1390.00;0.66;0
169;coastal_bunker;3027.00;10.40;1452.00;-3.61;0
169;coastal_bunker;2994.00;9.60;1473.00;-3.24;0
169;coastal_bunker;3049.00;10.40;1403.00;-3.93;0
169;stronghold_network;3011.00;11.95;1396.00;3.15;0
169;dockyard;2984.00;10.35;1469.00;-3.24;0
169;anti_air_building;3021.00;10.65;1459.00;2.21;0
169;anti_air_building;3010.00;11.95;1384.00;2.10;0
169;anti_air_building;3030.00;11.00;1396.00;5.82;0
169;synthetic_refinery;3035.00;10.80;1399.00;5.22;0
169;fuel_silo;3007.00;11.95;1411.00;2.56;0
169;radar_station;3022.00;11.40;1408.00;1.75;0
169;nuclear_reactor_spawn;3030.00;11.75;1359.00;3.60;0
169;special_project_facility_spawn;3022.00;11.00;1437.00;1.06;0
169;special_project_facility_spawn;3052.00;11.05;1386.00;5.72;0
169;special_project_facility_spawn;3000.00;12.40;1400.00;0.56;0
169;special_project_facility_spawn;3005.00;11.45;1449.00;5.77;0
169;special_project_facility_spawn;3013.00;12.10;1365.00;4.77;0
169;naval_base_spawn;3031.00;10.00;1446.00;-3.61;4097
169;naval_base_spawn;3060.00;10.30;1393.00;-3.93;3914
169;naval_base_spawn;3008.00;10.30;1474.00;-3.24;4097
169;floating_harbor;3006.70;9.50;1475.97;-0.10;622
169;floating_harbor;3052.95;9.50;1409.95;-0.79;1392
169;floating_harbor;3038.13;9.50;1448.26;-0.46;2490
170;arms_factory;2151.00;10.57;1454.00;3.83;0
170;arms_factory;2159.00;11.30;1489.00;6.14;0
170;arms_factory;2161.00;10.82;1529.00;4.47;0
170;arms_factory;2154.00;11.15;1506.00;1.45;0
170;arms_factory;2200.00;13.70;1486.00;4.24;0
170;arms_factory;2201.00;12.40;1528.00;5.29;0
170;industrial_complex;2216.00;12.00;1484.00;2.56;0
170;industrial_complex;2235.00;11.50;1519.00;2.63;0
170;industrial_complex;2185.00;11.45;1536.00;3.00;0
170;industrial_complex;2246.00;10.95;1535.00;2.04;0
170;industrial_complex;2229.00;11.20;1492.00;5.64;0
170;industrial_complex;2153.00;10.60;1531.00;1.99;0
170;air_base;2166.00;11.53;1465.00;5.25;0
170;supply_node;2177.00;12.28;1459.00;2.60;0
170;supply_node;2194.00;14.30;1489.00;3.04;0
170;supply_node;2225.00;11.88;1501.00;4.71;0
170;supply_node;2173.00;11.50;1519.00;4.29;0
170;supply_node;2242.00;11.18;1533.00;3.89;0
170;supply_node;2155.00;10.82;1457.00;3.12;0
170;supply_node;2196.00;13.85;1474.00;4.53;0
170;supply_node;2161.00;11.88;1498.00;2.49;0
170;supply_node;2204.00;13.40;1510.00;0.89;0
170;supply_node;2200.00;12.50;1529.00;0.40;0
170;supply_node;2221.00;12.00;1524.00;4.52;0
170;supply_node;2176.00;13.50;1491.00;2.65;0
170;supply_node;2236.00;11.30;1513.00;0.63;0
170;supply_node;2228.00;10.82;1483.00;1.80;0
170;supply_node;2152.00;10.85;1522.00;6.25;0
170;supply_node;2186.00;13.30;1506.00;3.80;0
170;supply_node;2173.00;12.48;1473.00;6.13;0
170;supply_node;2168.00;10.60;1533.00;1.10;0
170;supply_node;2223.00;11.75;1539.00;1.75;0
170;supply_node;2185.00;11.45;1536.00;1.50;0
170;supply_node;2258.00;10.55;1532.00;1.60;0
170;supply_node;2252.00;10.53;1519.00;0.53;0
170;supply_node;2146.00;10.95;1506.00;6.16;0
170;supply_node;2247.00;10.40;1505.00;6.00;0
170;supply_node;2211.00;12.55;1494.00;1.93;0
170;supply_node;2239.00;10.65;1492.00;2.63;0
170;supply_node;2147.00;11.12;1489.00;5.14;0
170;supply_node;2213.00;12.55;1480.00;4.54;0
170;supply_node;2156.00;11.10;1477.00;6.10;0
170;bunker;2192.00;12.70;1516.00;3.15;0
170;bunker;2165.00;11.45;1467.00;3.74;0
170;bunker;2246.00;10.70;1516.00;5.98;0
170;bunker;2215.00;12.60;1506.00;0.22;0
170;bunker;2218.00;11.80;1486.00;4.93;0
170;bunker;2153.00;10.80;1514.00;0.27;0
170;bunker;2241.00;11.12;1520.00;3.76;0
170;bunker;2224.00;11.10;1484.00;5.13;0
170;bunker;2162.00;11.95;1504.00;2.50;0
170;bunker;2226.00;11.90;1525.00;4.55;0
170;bunker;2155.00;11.20;1486.00;2.20;0
170;bunker;2162.00;10.88;1528.00;3.02;0
170;bunker;2196.00;13.30;1469.00;1.51;0
170;bunker;2185.00;13.60;1483.00;3.01;0
170;bunker;2206.00;12.23;1522.00;5.93;0
170;bunker;2172.00;11.80;1516.00;0.13;0
170;bunker;2179.00;12.55;1467.00;2.51;0
170;bunker;2149.00;11.10;1489.00;4.21;0
170;bunker;2240.00;11.10;1523.00;3.27;0
170;bunker;2259.00;10.50;1532.00;5.07;0
170;bunker;2157.00;10.88;1454.00;0.26;0
170;bunker;2237.00;10.80;1495.00;1.77;0
170;bunker;2187.00;11.60;1535.00;3.68;0
170;bunker;2250.00;10.40;1506.00;1.15;0
170;bunker;2215.00;12.23;1539.00;5.39;0
170;bunker;2140.00;10.75;1509.00;2.21;0
170;bunker;2190.00;14.28;1493.00;3.05;0
170;bunker;2207.00;13.15;1501.00;3.72;0
170;bunker;2227.00;11.90;1501.00;2.13;0
170;coastal_bunker;2255.00;9.95;1516.00;1.41;0
170;coastal_bunker;2147.00;9.50;1452.00;-1.15;0
170;coastal_bunker;2263.00;10.30;1526.00;1.57;0
170;coastal_bunker;2245.00;10.30;1495.00;1.19;0
170;coastal_bunker;2171.00;10.35;1540.00;-2.60;0
170;coastal_bunker;2251.00;9.95;1504.00;1.25;0
170;coastal_bunker;2154.00;10.30;1534.00;-3.14;0
170;coastal_bunker;2234.00;10.25;1481.00;1.29;0
170;stronghold_network;2167.00;11.60;1474.00;5.28;0
170;dockyard;2235.00;9.85;1481.00;1.29;0
170;anti_air_building;2227.00;10.90;1486.00;2.43;0
170;anti_air_building;2198.00;12.20;1524.00;2.39;0
170;anti_air_building;2225.00;11.70;1540.00;0.01;0
170;synthetic_refinery;2167.00;11.60;1475.00;0.25;0
170;fuel_silo;2250.00;10.75;1522.00;3.54;0
170;radar_station;2203.00;13.25;1496.00;4.15;0
170;nuclear_reactor_spawn;2241.00;11.10;1525.00;3.31;0
170;special_project_facility_spawn;2204.00;13.60;1478.00;6.26;0
170;special_project_facility_spawn;2183.00;11.30;1534.00;1.97;0
170;special_project_facility_spawn;2218.00;12.45;1509.00;3.86;0
170;special_project_facility_spawn;2154.00;10.80;1466.00;0.20;0
170;special_project_facility_spawn;2178.00;11.25;1531.00;1.39;0
170;special_project_facility_spawn;2236.00;11.10;1503.00;3.00;0
170;special_project_facility_spawn;2175.00;12.57;1511.00;1.13;0
170;special_project_facility_spawn;2222.00;11.95;1532.00;0.12;0
170;special_project_facility_spawn;2243.00;10.70;1506.00;0.08;0
170;special_project_facility_spawn;2204.00;13.40;1493.00;3.96;0
170;special_project_facility_spawn;2200.00;12.25;1526.00;4.57;0
170;special_project_facility_spawn;2151.00;10.88;1527.00;5.87;0
170;special_project_facility_spawn;2161.00;11.30;1478.00;6.19;0
170;special_project_facility_spawn;2237.00;11.20;1523.00;1.70;0
170;special_project_facility_spawn;2147.00;11.05;1506.00;0.23;0
170;special_project_facility_spawn;2167.00;11.80;1471.00;2.86;0
170;special_project_facility_spawn;2163.00;12.10;1498.00;0.74;0
170;special_project_facility_spawn;2184.00;13.70;1500.00;5.65;0
170;special_project_facility_spawn;2230.00;11.05;1489.00;4.49;0
170;special_project_facility_spawn;2243.00;10.75;1539.00;5.00;0
170;special_project_facility_spawn;2214.00;12.30;1538.00;1.43;0
170;special_project_facility_spawn;2148.00;11.10;1491.00;0.01;0
170;special_project_facility_spawn;2239.00;10.60;1495.00;0.04;0
170;special_project_facility_spawn;2254.00;10.50;1526.00;0.18;0
170;special_project_facility_spawn;2176.00;13.30;1483.00;0.14;0
170;special_project_facility_spawn;2214.00;12.25;1498.00;5.69;0
170;special_project_facility_spawn;2190.00;12.82;1464.00;2.12;0
170;special_project_facility_spawn;2258.00;10.53;1533.00;4.91;0
170;special_project_facility_spawn;2216.00;11.98;1486.00;2.14;0
170;naval_base_spawn;2242.00;10.40;1500.00;1.19;4120
170;naval_base_spawn;2253.00;9.85;1504.00;1.25;4120
170;naval_base_spawn;2148.00;10.20;1534.00;-3.14;4039
170;naval_base_spawn;2263.00;10.30;1525.00;1.57;4120
170;naval_base_spawn;2160.00;10.30;1537.00;-2.60;4039
170;naval_base_spawn;2148.00;10.00;1451.00;-1.15;4532
170;naval_base_spawn;2263.00;9.50;1521.00;1.41;4120
170;naval_base_spawn;2237.00;9.85;1483.00;1.29;4120
170;floating_harbor;2139.60;9.50;1450.16;-4.29;1246
170;floating_harbor;2241.73;9.50;1479.08;-1.85;1725
170;floating_harbor;2029.00;9.50;1542.00;1.51;1777
170;floating_harbor;2029.00;9.50;1542.00;1.54;2196
170;floating_harbor;2272.00;9.50;1532.00;-1.57;2448
170;floating_harbor;2264.90;9.50;1516.85;-1.74;2451
170;floating_harbor;2256.64;9.50;1501.79;-1.89;2456
170;floating_harbor;2279.00;9.50;1499.00;-1.32;2463
171;arms_factory;3345.00;15.35;1331.00;4.47;0
171;arms_factory;3391.00;12.10;1423.00;1.45;0
171;arms_factory;3374.00;12.20;1417.00;4.24;0
171;arms_factory;3322.00;10.50;1374.00;5.29;0
171;arms_factory;3388.00;10.50;1459.00;2.56;0
171;arms_factory;3338.00;10.53;1447.00;2.63;0
171;industrial_complex;3356.00;15.35;1331.00;3.00;0
171;industrial_complex;3375.00;13.75;1377.00;2.04;0
171;industrial_complex;3337.00;11.30;1425.00;5.64;0
171;industrial_complex;3325.00;11.18;1393.00;1.99;0
171;industrial_complex;3327.00;10.45;1460.00;5.25;0
171;industrial_complex;3371.00;13.70;1377.00;5.07;0
171;air_base;3378.00;12.50;1407.00;0.94;0
171;supply_node;3374.00;12.20;1419.00;4.71;0
171;supply_node;3329.00;10.60;1440.00;4.29;0
171;supply_node;3372.00;10.75;1450.00;3.89;0
171;supply_node;3330.00;11.12;1362.00;3.12;0
171;supply_node;3339.00;15.32;1317.00;4.53;0
171;supply_node;3369.00;13.68;1377.00;2.49;0
171;supply_node;3301.00;11.65;1344.00;0.89;0
171;supply_node;3304.00;10.50;1399.00;0.40;0
171;supply_node;3373.00;15.38;1341.00;4.52;0
171;supply_node;3338.00;11.70;1401.00;2.65;0
171;supply_node;3278.00;10.53;1400.00;0.63;0
171;supply_node;3307.00;15.03;1303.00;1.80;0
171;bunker;3333.00;10.30;1458.00;2.10;0
171;bunker;3382.00;10.40;1461.00;5.82;0
171;bunker;3335.00;11.20;1414.00;5.22;0
171;bunker;3369.00;12.10;1420.00;2.56;0
171;bunker;3308.00;13.85;1323.00;4.20;0
171;bunker;3372.00;15.40;1345.00;3.60;0
171;bunker;3341.00;15.20;1331.00;1.06;0
171;bunker;3305.00;10.50;1387.00;5.72;0
171;bunker;3372.00;13.80;1376.00;0.56;0
171;bunker;3286.00;10.55;1388.00;5.77;0
171;bunker;3286.00;11.80;1351.00;4.77;0
171;bunker;3342.00;11.50;1376.00;5.00;0
171;coastal_bunker;3341.00;10.30;1457.00;-3.40;0
171;coastal_bunker;3374.00;9.80;1458.00;-3.04;0
171;coastal_bunker;3268.00;10.25;1399.00;-2.96;0
171;coastal_bunker;3296.00;9.90;1431.00;-2.96;0
171;stronghold_network;3359.00;14.10;1360.00;3.74;0
171;dockyard;3322.00;10.10;1453.00;-2.31;0
171;anti_air_building;3313.00;10.85;1347.00;0.22;0
171;anti_air_building;3332.00;11.90;1396.00;4.93;0
171;anti_air_building;3284.00;10.50;1388.00;0.27;0
171;synthetic_refinery;3325.00;15.00;1311.00;3.76;0
171;fuel_silo;3339.00;11.40;1423.00;5.13;0
171;radar_station;3331.00;11.50;1380.00;3.69;0
171;nuclear_reactor_spawn;3315.00;10.70;1423.00;4.55;0
171;special_project_facility_spawn;3384.00;15.45;1351.00;2.20;0
171;special_project_facility_spawn;3336.00;14.50;1299.00;3.02;0
171;special_project_facility_spawn;3393.00;11.70;1430.00;1.51;0
171;special_project_facility_spawn;3317.00;10.70;1348.00;3.01;0
171;special_project_facility_spawn;3325.00;10.90;1427.00;5.93;0
171;special_project_facility_spawn;3368.00;13.25;1383.00;0.13;0
171;special_project_facility_spawn;3314.00;10.40;1400.00;2.51;0
171;special_project_facility_spawn;3276.00;10.53;1398.00;4.21;0
171;special_project_facility_spawn;3321.00;14.80;1307.00;3.27;0
171;special_project_facility_spawn;3333.00;13.45;1344.00;5.07;0
171;special_project_facility_spawn;3328.00;11.05;1414.00;0.26;0
171;special_project_facility_spawn;3375.00;10.15;1460.00;1.77;0
171;naval_base_spawn;3332.00;10.30;1469.00;-3.40;3965
171;naval_base_spawn;3380.00;10.30;1463.00;-3.04;3965
171;naval_base_spawn;3285.00;10.20;1419.00;-2.96;4193
171;naval_base_spawn;3301.00;9.50;1434.00;-2.96;4193
171;floating_harbor;3311.84;9.50;1455.73;0.83;420
171;floating_harbor;3370.30;9.50;1466.97;0.10;477
171;floating_harbor;3296.71;9.50;1437.88;0.19;1936
171;floating_harbor;3274.75;9.50;1417.89;0.18;2503
172;arms_factory;2937.00;11.60;1414.00;4.24;0
172;arms_factory;2934.00;14.25;1299.00;5.29;0
172;arms_factory;2963.00;12.40;1411.00;2.56;0
172;arms_factory;2918.00;13.98;1307.00;2.63;0
172;arms_factory;2898.00;10.95;1396.00;3.00;0
172;arms_factory;2952.00;15.30;1331.00;2.04;0
172;industrial_complex;2862.00;11.43;1369.00;5.64;0
172;industrial_complex;2950.00;14.50;1356.00;1.99;0
172;industrial_complex;2872.00;11.60;1363.00;5.25;0
172;industrial_complex;2929.00;13.98;1303.00;5.07;0
172;industrial_complex;2946.00;15.00;1338.00;0.94;0
172;industrial_complex;2946.00;15.10;1319.00;5.43;0
172;air_base;2970.00;15.00;1315.00;3.59;0
172;supply_node;2868.00;11.20;1369.00;3.89;0
172;supply_node;2957.00;13.73;1368.00;3.12;0
172;supply_node;2903.00;11.95;1380.00;4.53;0
172;supply_node;2920.00;13.75;1344.00;2.49;0
172;supply_node;2973.00;11.00;1435.00;0.89;0
172;supply_node;2994.00;12.70;1351.00;0.40;0
172;supply_node;2934.00;11.40;1404.00;4.52;0
172;supply_node;2965.00;14.55;1326.00;2.65;0
172;supply_node;2916.00;14.20;1303.00;0.63;0
172;supply_node;2839.00;12.25;1353.00;1.80;0
172;supply_node;2973.00;12.50;1403.00;6.25;0
172;supply_node;2880.00;12.30;1332.00;3.80;0
172;supply_node;2950.00;14.70;1296.00;6.13;0
172;bunker;2852.00;11.75;1344.00;2.56;0
172;bunker;2925.00;11.45;1394.00;4.20;0
172;bunker;2908.00;15.07;1301.00;3.60;0
172;bunker;2965.00;12.85;1391.00;1.06;0
172;bunker;2923.00;13.40;1366.00;5.72;0
172;bunker;2967.00;13.35;1349.00;0.56;0
172;bunker;2948.00;15.35;1322.00;5.77;0
172;bunker;2997.00;12.55;1358.00;4.77;0
172;bunker;2889.00;10.88;1387.00;5.00;0
172;bunker;2965.00;13.95;1289.00;6.17;0
172;bunker;2882.00;11.00;1381.00;0.31;0
172;bunker;2978.00;11.75;1427.00;3.77;0
172;bunker;2872.00;11.48;1348.00;3.15;0
172;coastal_bunker;2913.00;10.53;1403.00;-2.74;0
172;coastal_bunker;2827.00;10.40;1370.00;-2.39;0
172;coastal_bunker;2970.00;9.60;1447.00;-2.53;0
172;coastal_bunker;2862.00;10.35;1383.00;-2.62;0
172;coastal_bunker;2887.00;10.00;1393.00;-2.72;0
172;stronghold_network;2997.00;12.70;1353.00;3.76;0
172;dockyard;2872.00;10.35;1386.00;-2.62;0
172;anti_air_building;2968.00;10.88;1433.00;2.50;0
172;anti_air_building;2957.00;15.35;1313.00;4.55;0
172;anti_air_building;2976.00;14.70;1316.00;2.20;0
172;synthetic_refinery;2979.00;12.73;1385.00;3.02;0
172;fuel_silo;2972.00;13.85;1341.00;1.51;0
172;radar_station;2918.00;13.00;1369.00;3.63;0
172;nuclear_reactor_spawn;2935.00;11.45;1403.00;5.93;0
172;special_project_facility_spawn;2855.00;11.12;1374.00;0.13;0
172;special_project_facility_spawn;2939.00;12.18;1288.00;2.51;0
172;special_project_facility_spawn;2967.00;11.55;1423.00;4.21;0
172;special_project_facility_spawn;2929.00;12.25;1291.00;3.27;0
172;special_project_facility_spawn;2987.00;12.60;1361.00;5.07;0
172;special_project_facility_spawn;2963.00;14.80;1327.00;0.26;0
172;special_project_facility_spawn;2885.00;10.57;1387.00;1.77;0
172;special_project_facility_spawn;2832.00;10.57;1370.00;3.68;0
172;special_project_facility_spawn;2926.00;11.90;1389.00;1.15;0
172;special_project_facility_spawn;2972.00;12.90;1365.00;5.39;0
172;special_project_facility_spawn;2859.00;11.40;1344.00;2.21;0
172;special_project_facility_spawn;2915.00;12.70;1367.00;3.05;0
172;special_project_facility_spawn;2979.00;12.88;1384.00;3.72;0
172;naval_base_spawn;2867.00;10.40;1381.00;-2.62;4191
172;naval_base_spawn;2921.00;10.35;1405.00;-2.74;4015
172;naval_base_spawn;2972.00;9.60;1456.00;-2.53;4015
172;naval_base_spawn;2906.00;9.60;1412.00;-2.72;4191
172;naval_base_spawn;2815.00;10.30;1355.00;-2.39;3689
172;floating_harbor;2856.53;9.50;1389.08;0.52;119
172;floating_harbor;2891.13;9.50;1406.38;0.42;338
172;floating_harbor;2961.99;9.50;1450.73;0.61;437
172;floating_harbor;2925.24;9.50;1424.43;0.40;669
172;floating_harbor;2821.24;9.50;1372.13;0.75;1820
173;arms_factory;2208.00;12.30;1435.00;2.56;0
173;arms_factory;2204.00;11.15;1400.00;2.63;0
173;arms_factory;2228.00;11.48;1460.00;3.00;0
173;arms_factory;2217.00;11.60;1414.00;2.04;0
173;arms_factory;2247.00;10.35;1465.00;5.64;0
173;arms_factory;2221.00;11.95;1453.00;1.99;0
173;industrial_complex;2231.00;11.12;1466.00;5.25;0
173;industrial_complex;2226.00;11.50;1463.00;5.07;0
173;industrial_complex;2197.00;12.28;1450.00;0.94;0
173;industrial_complex;2183.00;12.15;1445.00;5.43;0
173;industrial_complex;2218.00;12.00;1454.00;3.59;0
173;industrial_complex;2219.00;11.50;1432.00;1.87;0
173;air_base;2220.00;11.50;1431.00;0.78;0
173;supply_node;2222.00;11.60;1430.00;4.53;0
173;supply_node;2236.00;10.80;1464.00;2.49;0
173;supply_node;2214.00;11.70;1405.00;0.89;0
173;supply_node;2207.00;12.40;1443.00;0.40;0
173;supply_node;2185.00;11.98;1444.00;4.52;0
173;supply_node;2225.00;11.95;1390.00;2.65;0
173;supply_node;2202.00;11.90;1422.00;0.63;0
173;supply_node;2231.00;12.25;1411.00;1.80;0
173;supply_node;2215.00;12.10;1464.00;6.25;0
173;supply_node;2196.00;12.95;1457.00;3.80;0
173;supply_node;2226.00;11.85;1450.00;6.13;0
173;supply_node;2202.00;11.05;1401.00;1.10;0
173;supply_node;2242.00;12.60;1396.00;1.75;0
173;bunker;2216.00;12.00;1472.00;3.60;0
173;bunker;2239.00;12.70;1402.00;1.06;0
173;bunker;2205.00;12.48;1460.00;5.72;0
173;bunker;2226.00;11.60;1453.00;0.56;0
173;bunker;2231.00;10.65;1473.00;5.77;0
173;bunker;2209.00;11.48;1423.00;4.77;0
173;bunker;2224.00;11.80;1402.00;5.00;0
173;bunker;2205.00;12.28;1454.00;6.17;0
173;bunker;2235.00;12.00;1396.00;0.31;0
173;bunker;2203.00;11.15;1395.00;3.77;0
173;bunker;2217.00;11.65;1408.00;3.15;0
173;bunker;2197.00;11.95;1438.00;3.74;0
173;bunker;2227.00;12.20;1423.00;5.98;0
173;coastal_bunker;2238.00;10.35;1473.00;-3.93;0
173;stronghold_network;2222.00;11.25;1475.00;4.93;0
173;dockyard;2245.00;10.25;1467.00;-3.93;0
173;anti_air_building;2220.00;11.90;1420.00;3.76;0
173;anti_air_building;2226.00;11.90;1435.00;5.13;0
173;anti_air_building;2212.00;11.35;1396.00;2.50;0
173;synthetic_refinery;2212.00;11.50;1414.00;4.55;0
173;fuel_silo;2203.00;11.20;1415.00;2.20;0
173;radar_station;2213.00;11.43;1426.00;1.31;0
173;nuclear_reactor_spawn;2219.00;12.00;1448.00;1.51;0
173;special_project_facility_spawn;2195.00;10.60;1401.00;3.01;0
173;special_project_facility_spawn;2210.00;12.25;1437.00;5.93;0
173;special_project_facility_spawn;2224.00;11.98;1411.00;0.13;0
173;special_project_facility_spawn;2183.00;12.10;1446.00;2.51;0
173;special_project_facility_spawn;2229.00;11.80;1434.00;4.21;0
173;special_project_facility_spawn;2214.00;11.50;1399.00;3.27;0
173;special_project_facility_spawn;2208.00;12.30;1460.00;5.07;0
173;special_project_facility_spawn;2225.00;12.00;1442.00;0.26;0
173;special_project_facility_spawn;2233.00;12.00;1397.00;1.77;0
173;special_project_facility_spawn;2189.00;12.55;1453.00;3.68;0
173;special_project_facility_spawn;2242.00;10.55;1464.00;1.15;0
173;special_project_facility_spawn;2198.00;11.90;1430.00;5.39;0
173;special_project_facility_spawn;2238.00;12.60;1403.00;2.21;0
173;naval_base_spawn;2249.00;10.30;1464.00;-3.93;4120
173;floating_harbor;2246.95;9.50;1474.95;-0.79;346
174;arms_factory;2326.00;11.90;1387.00;3.00;0
174;arms_factory;2286.00;12.57;1397.00;2.04;0
174;arms_factory;2332.00;11.30;1399.00;5.64;0
174;arms_factory;2275.00;11.00;1343.00;1.99;0
174;arms_factory;2345.00;11.18;1390.00;5.25;0
174;arms_factory;2328.00;12.62;1361.00;5.07;0
174;industrial_complex;2331.00;11.85;1382.00;0.94;0
174;industrial_complex;2329.00;11.20;1420.00;5.43;0
174;industrial_complex;2289.00;14.62;1384.00;3.59;0
174;industrial_complex;2298.00;11.35;1351.00;1.87;0
174;industrial_complex;2322.00;12.20;1350.00;0.78;0
174;industrial_complex;2302.00;10.60;1338.00;0.01;0
174;air_base;2324.00;11.45;1417.00;0.66;0
174;supply_node;2336.00;12.20;1384.00;0.89;0
174;supply_node;2320.00;14.60;1358.00;0.40;0
174;supply_node;2302.00;14.15;1369.00;4.52;0
174;supply_node;2372.00;11.20;1347.00;2.65;0
174;supply_node;2299.00;11.05;1348.00;0.63;0
174;supply_node;2355.00;10.90;1357.00;1.80;0
174;supply_node;2256.00;12.80;1383.00;6.25;0
174;supply_node;2258.00;10.90;1452.00;3.80;0
174;supply_node;2291.00;13.98;1432.00;6.13;0
174;supply_node;2266.00;11.95;1367.00;1.10;0
174;supply_node;2321.00;11.80;1375.00;1.75;0
174;supply_node;2285.00;13.68;1378.00;1.50;0
174;supply_node;2333.00;10.95;1416.00;1.60;0
174;supply_node;2266.00;12.70;1429.00;0.53;0
174;supply_node;2278.00;13.50;1395.00;6.16;0
174;supply_node;2338.00;11.95;1351.00;6.00;0
174;supply_node;2286.00;11.75;1455.00;1.93;0
174;supply_node;2356.00;10.70;1338.00;2.63;0
174;supply_node;2257.00;14.38;1405.00;5.14;0
174;supply_node;2248.00;13.23;1426.00;4.54;0
174;supply_node;2297.00;13.45;1411.00;6.10;0
174;supply_node;2311.00;12.55;1421.00;5.57;0
174;supply_node;2280.00;11.10;1348.00;1.61;0
174;supply_node;2327.00;10.85;1336.00;2.02;0
174;supply_node;2303.00;12.45;1391.00;1.02;0
174;supply_node;2273.00;12.55;1442.00;2.30;0
174;supply_node;2277.00;13.10;1414.00;2.66;0
174;supply_node;2270.00;10.82;1460.00;6.12;0
174;supply_node;2311.00;10.70;1336.00;3.76;0
174;supply_node;2288.00;10.62;1468.00;3.69;0
174;supply_node;2299.00;11.45;1448.00;4.70;0
174;supply_node;2242.00;11.45;1445.00;2.07;0
174;supply_node;2310.00;12.07;1440.00;1.31;0
174;supply_node;2324.00;12.48;1431.00;4.96;0
174;supply_node;2319.00;11.95;1405.00;3.63;0
174;supply_node;2339.00;10.95;1400.00;5.47;0
174;supply_node;2321.00;11.70;1391.00;0.96;0
174;supply_node;2268.00;12.95;1382.00;2.20;0
174;supply_node;2344.00;11.85;1373.00;2.36;0
174;supply_node;2286.00;11.90;1362.00;4.66;0
174;supply_node;2262.00;12.00;1357.00;2.29;0
174;supply_node;2342.00;10.50;1334.00;2.46;0
174;bunker;2272.00;12.25;1371.00;1.77;0
174;bunker;2280.00;13.15;1428.00;3.68;0
174;bunker;2278.00;11.07;1458.00;1.15;0
174;bunker;2254.00;10.45;1460.00;5.39;0
174;bunker;2274.00;13.85;1378.00;2.21;0
174;bunker;2373.00;11.25;1348.00;3.05;0
174;bunker;2323.00;10.45;1331.00;3.72;0
174;bunker;2306.00;10.45;1333.00;2.13;0
174;bunker;2274.00;12.15;1451.00;0.32;0
174;bunker;2269.00;11.43;1358.00;4.44;0
174;bunker;2283.00;10.70;1345.00;3.71;0
174;bunker;2246.00;13.55;1426.00;5.47;0
174;bunker;2259.00;13.07;1388.00;5.45;0
174;bunker;2276.00;10.50;1464.00;5.98;0
174;bunker;2337.00;11.25;1369.00;2.85;0
174;bunker;2281.00;13.30;1403.00;1.50;0
174;bunker;2333.00;11.90;1392.00;5.28;0
174;bunker;2292.00;14.45;1383.00;2.16;0
174;bunker;2331.00;13.15;1357.00;2.43;0
174;bunker;2357.00;10.88;1344.00;2.39;0
174;bunker;2329.00;11.18;1409.00;0.01;0
174;bunker;2280.00;12.25;1366.00;0.25;0
174;bunker;2299.00;10.65;1343.00;3.54;0
174;bunker;2315.00;12.23;1439.00;4.13;0
174;bunker;2278.00;13.68;1408.00;3.31;0
174;bunker;2293.00;14.30;1418.00;6.26;0
174;bunker;2317.00;12.53;1434.00;1.97;0
174;bunker;2314.00;14.90;1366.00;3.86;0
174;bunker;2318.00;11.85;1389.00;0.20;0
174;bunker;2305.00;12.60;1383.00;1.39;0
174;bunker;2238.00;11.48;1441.00;3.00;0
174;bunker;2297.00;13.68;1376.00;1.13;0
174;bunker;2303.00;13.00;1428.00;0.12;0
174;bunker;2330.00;11.88;1399.00;0.08;0
174;bunker;2322.00;11.65;1373.00;3.96;0
174;bunker;2345.00;10.20;1331.00;4.57;0
174;bunker;2358.00;11.70;1349.00;5.87;0
174;bunker;2262.00;13.30;1415.00;6.19;0
174;bunker;2294.00;11.93;1447.00;1.70;0
174;bunker;2270.00;13.30;1420.00;0.23;0
174;bunker;2325.00;11.28;1410.00;2.86;0
174;bunker;2290.00;10.65;1469.00;0.74;0
174;coastal_bunker;2348.00;9.85;1329.00;0.20;0
174;coastal_bunker;2361.00;9.60;1332.00;0.54;0
174;coastal_bunker;2300.00;9.50;1333.00;-0.14;0
174;coastal_bunker;2285.00;9.60;1466.00;-2.68;0
174;coastal_bunker;2291.00;9.50;1338.00;0.83;0
174;coastal_bunker;2277.00;10.35;1466.00;-2.98;0
174;coastal_bunker;2376.00;10.70;1348.00;1.43;0
174;coastal_bunker;2329.00;9.60;1326.00;0.12;0
174;coastal_bunker;2253.00;10.20;1463.00;-2.79;0
174;coastal_bunker;2298.00;10.00;1335.00;-0.08;0
174;coastal_bunker;2282.00;10.30;1464.00;-2.82;0
174;stronghold_network;2340.00;11.50;1366.00;2.14;0
174;dockyard;2382.00;10.45;1350.00;1.43;0
174;anti_air_building;2256.00;14.10;1399.00;2.85;0
174;anti_air_building;2274.00;13.43;1376.00;5.49;0
174;anti_air_building;2239.00;11.18;1451.00;1.38;0
174;synthetic_refinery;2335.00;12.20;1384.00;2.20;0
174;fuel_silo;2308.00;11.98;1379.00;3.25;0
174;radar_station;2312.00;12.48;1400.00;5.27;0
174;nuclear_reactor_spawn;2303.00;12.62;1422.00;2.07;0
174;special_project_facility_spawn;2334.00;11.80;1393.00;3.03;0
174;special_project_facility_spawn;2261.00;10.55;1461.00;2.65;0
174;special_project_facility_spawn;2284.00;12.55;1397.00;2.88;0
174;special_project_facility_spawn;2267.00;11.70;1352.00;3.18;0
174;special_project_facility_spawn;2299.00;13.20;1414.00;4.45;0
174;special_project_facility_spawn;2348.00;11.45;1372.00;1.70;0
174;special_project_facility_spawn;2322.00;13.85;1361.00;4.44;0
174;special_project_facility_spawn;2354.00;11.98;1351.00;4.61;0
174;special_project_facility_spawn;2327.00;11.93;1434.00;1.67;0
174;special_project_facility_spawn;2236.00;12.28;1428.00;0.02;0
174;special_project_facility_spawn;2315.00;12.18;1438.00;3.40;0
174;special_project_facility_spawn;2334.00;12.55;1351.00;4.90;0
174;special_project_facility_spawn;2331.00;10.70;1334.00;0.47;0
174;special_project_facility_spawn;2256.00;12.85;1385.00;4.41;0
174;special_project_facility_spawn;2288.00;13.80;1430.00;2.49;0
174;special_project_facility_spawn;2277.00;12.15;1454.00;2.73;0
174;special_project_facility_spawn;2277.00;14.85;1382.00;5.62;0
174;special_project_facility_spawn;2362.00;10.57;1340.00;2.97;0
174;special_project_facility_spawn;2310.00;12.88;1413.00;3.86;0
174;special_project_facility_spawn;2269.00;11.48;1359.00;4.30;0
174;special_project_facility_spawn;2269.00;10.88;1457.00;5.20;0
174;special_project_facility_spawn;2278.00;13.00;1419.00;5.18;0
174;special_project_facility_spawn;2236.00;11.50;1441.00;4.05;0
174;special_project_facility_spawn;2298.00;11.18;1349.00;2.87;0
174;special_project_facility_spawn;2304.00;12.82;1358.00;5.64;0
174;special_project_facility_spawn;2264.00;12.45;1381.00;2.05;0
174;special_project_facility_spawn;2277.00;13.18;1444.00;2.94;0
174;special_project_facility_spawn;2287.00;11.40;1359.00;2.93;0
174;special_project_facility_spawn;2319.00;12.00;1372.00;0.78;0
174;special_project_facility_spawn;2301.00;12.50;1389.00;4.51;0
174;special_project_facility_spawn;2337.00;10.75;1419.00;4.71;0
174;special_project_facility_spawn;2345.00;11.10;1399.00;3.52;0
174;special_project_facility_spawn;2318.00;10.70;1334.00;4.08;0
174;special_project_facility_spawn;2288.00;10.55;1465.00;5.15;0
174;special_project_facility_spawn;2270.00;12.80;1426.00;3.23;0
174;special_project_facility_spawn;2347.00;10.60;1338.00;0.70;0
174;special_project_facility_spawn;2319.00;11.95;1413.00;4.14;0
174;special_project_facility_spawn;2275.00;11.30;1352.00;4.57;0
174;special_project_facility_spawn;2363.00;11.70;1347.00;0.84;0
174;special_project_facility_spawn;2306.00;11.15;1451.00;1.74;0
174;special_project_facility_spawn;2317.00;11.98;1386.00;5.91;0
174;special_project_facility_spawn;2253.00;14.68;1407.00;4.68;0
174;naval_base_spawn;2326.00;9.60;1327.00;0.12;4265
174;naval_base_spawn;2300.00;10.00;1334.00;-0.08;4265
174;naval_base_spawn;2381.00;9.60;1347.00;1.43;4265
174;naval_base_spawn;2252.00;10.25;1463.00;-2.79;4120
174;naval_base_spawn;2349.00;9.85;1329.00;0.20;4265
174;naval_base_spawn;2262.00;10.30;1464.00;-2.98;4120
174;naval_base_spawn;2355.00;9.60;1333.00;0.54;4265
174;naval_base_spawn;2293.00;9.50;1337.00;0.83;4265
174;naval_base_spawn;2307.00;9.50;1328.00;-0.14;4265
174;naval_base_spawn;2290.00;10.45;1471.00;-2.68;4120
174;naval_base_spawn;2282.00;10.30;1464.00;-2.82;4120
174;floating_harbor;2385.93;9.50;1345.01;-1.71;458
174;floating_harbor;2411.00;9.60;1333.00;-1.59;564
174;floating_harbor;2251.61;9.50;1469.58;0.35;835
174;floating_harbor;2280.79;9.50;1470.64;0.32;1409
174;floating_harbor;2362.60;9.50;1327.00;-2.60;1594
174;floating_harbor;2296.18;9.50;1333.29;-2.31;1914
174;floating_harbor;2328.87;9.52;1321.05;-3.02;1956
174;floating_harbor;2267.85;9.50;1472.90;0.17;2151
174;floating_harbor;2309.01;9.50;1322.07;-3.28;2311
174;floating_harbor;2283.87;9.50;1476.26;0.46;2473
174;floating_harbor;2344.37;9.50;1322.14;-2.94;2560
180;arms_factory;2293.00;10.90;1311.00;0.66;0
180;arms_factory;2284.00;11.70;1297.00;6.07;0
180;arms_factory;2303.00;11.70;1296.00;4.29;0
180;arms_factory;2280.00;11.55;1301.00;2.31;0
180;arms_factory;2211.00;10.95;1274.00;3.15;0
180;arms_factory;2204.00;11.43;1340.00;2.60;0
180;industrial_complex;2230.00;10.60;1325.00;2.21;0
180;industrial_complex;2228.00;11.10;1341.00;2.10;0
180;industrial_complex;2299.00;11.20;1306.00;5.82;0
180;industrial_complex;2287.00;10.55;1333.00;5.22;0
180;industrial_complex;2212.00;11.10;1287.00;2.56;0
180;industrial_complex;2209.00;10.70;1324.00;4.20;0
180;air_base;2222.00;10.60;1313.00;3.60;0
180;supply_node;2223.00;10.90;1320.00;1.60;0
180;supply_node;2278.00;11.10;1279.00;0.53;0
180;supply_node;2313.00;10.80;1308.00;6.16;0
180;supply_node;2270.00;10.95;1332.00;6.00;0
180;supply_node;2205.00;11.00;1269.00;1.93;0
180;supply_node;2266.00;10.65;1294.00;2.63;0
180;supply_node;2218.00;11.15;1339.00;5.14;0
180;supply_node;2224.00;10.85;1304.00;4.54;0
180;supply_node;2225.00;10.80;1277.00;6.10;0
180;supply_node;2202.00;11.05;1284.00;5.57;0
180;supply_node;2234.00;10.80;1334.00;1.61;0
180;supply_node;2195.00;10.75;1340.00;2.02;0
180;supply_node;2178.00;10.55;1334.00;1.02;0
180;supply_node;2204.00;10.75;1308.00;2.30;0
180;supply_node;2185.00;13.45;1283.00;2.66;0
180;supply_node;2330.00;10.82;1312.00;6.12;0
180;supply_node;2303.00;12.10;1293.00;3.76;0
180;supply_node;2177.00;11.00;1313.00;3.69;0
180;supply_node;2251.00;11.60;1348.00;4.70;0
180;supply_node;2266.00;10.50;1311.00;2.07;0
180;supply_node;2242.00;10.45;1290.00;1.31;0
180;supply_node;2279.00;11.43;1304.00;4.96;0
180;supply_node;2250.00;10.30;1267.00;3.63;0
180;supply_node;2296.00;11.10;1309.00;5.47;0
180;supply_node;2208.00;10.57;1325.00;0.96;0
180;supply_node;2235.00;11.18;1353.00;2.20;0
180;supply_node;2284.00;10.65;1332.00;2.36;0
180;supply_node;2255.00;10.82;1330.00;4.66;0
180;supply_node;2298.00;10.50;1323.00;2.29;0
180;supply_node;2190.00;10.50;1325.00;2.46;0
180;supply_node;2281.00;10.95;1319.00;4.91;0
180;supply_node;2238.00;10.60;1312.00;4.60;0
180;supply_node;2188.00;11.40;1302.00;4.37;0
180;supply_node;2215.00;11.05;1293.00;0.62;0
180;supply_node;2288.00;11.70;1292.00;5.60;0
180;supply_node;2258.00;10.60;1282.00;4.26;0
180;supply_node;2294.00;11.90;1278.00;1.12;0
180;supply_node;2237.00;10.45;1273.00;3.42;0
180;supply_node;2266.00;10.60;1268.00;4.48;0
180;supply_node;2252.00;10.35;1309.00;4.30;0
180;bunker;2258.00;11.10;1332.00;3.71;0
180;bunker;2203.00;11.30;1295.00;5.47;0
180;bunker;2232.00;10.40;1270.00;5.45;0
180;bunker;2306.00;11.70;1296.00;5.98;0
180;bunker;2204.00;11.15;1273.00;2.85;0
180;bunker;2207.00;10.80;1296.00;1.50;0
180;bunker;2254.00;10.35;1258.00;5.28;0
180;bunker;2237.00;10.50;1295.00;2.16;0
180;bunker;2263.00;9.60;1319.00;2.43;0
180;bunker;2208.00;10.55;1322.00;2.39;0
180;bunker;2274.00;10.90;1309.00;0.01;0
180;bunker;2277.00;11.00;1281.00;0.25;0
180;bunker;2283.00;10.57;1333.00;3.54;0
180;bunker;2245.00;11.35;1346.00;4.13;0
180;bunker;2275.00;10.80;1270.00;3.31;0
180;bunker;2208.00;10.60;1300.00;6.26;0
180;bunker;2191.00;11.62;1281.00;1.97;0
180;bunker;2228.00;11.00;1295.00;3.86;0
180;bunker;2172.00;11.30;1326.00;0.20;0
180;bunker;2243.00;10.30;1321.00;1.39;0
180;bunker;2228.00;11.05;1340.00;3.00;0
180;bunker;2286.00;11.30;1312.00;1.13;0
180;bunker;2261.00;10.60;1279.00;0.12;0
180;bunker;2275.00;11.00;1331.00;0.08;0
180;bunker;2228.00;10.60;1315.00;3.96;0
180;bunker;2174.00;10.95;1322.00;4.57;0
180;bunker;2337.00;10.75;1315.00;5.87;0
180;bunker;2238.00;10.50;1275.00;6.19;0
180;bunker;2189.00;11.23;1309.00;1.70;0
180;bunker;2270.00;10.60;1317.00;0.23;0
180;bunker;2281.00;11.55;1294.00;2.86;0
180;bunker;2189.00;10.45;1327.00;0.74;0
180;bunker;2228.00;11.15;1348.00;5.65;0
180;bunker;2265.00;10.60;1296.00;4.49;0
180;bunker;2321.00;11.30;1305.00;5.00;0
180;bunker;2188.00;10.55;1347.00;1.43;0
180;bunker;2241.00;11.43;1352.00;0.01;0
180;bunker;2300.00;10.53;1318.00;0.04;0
180;bunker;2252.00;10.30;1311.00;0.18;0
180;bunker;2294.00;11.90;1279.00;0.14;0
180;coastal_bunker;2328.00;9.60;1320.00;-3.02;0
180;coastal_bunker;2287.00;10.30;1336.00;-4.17;0
180;coastal_bunker;2302.00;10.40;1327.00;-4.07;0
180;coastal_bunker;2318.00;10.45;1318.00;-3.23;0
180;stronghold_network;2201.00;11.20;1286.00;2.41;0
180;dockyard;2328.00;10.30;1318.00;-3.02;0
180;anti_air_building;2269.00;11.55;1346.00;5.49;0
180;anti_air_building;2258.00;10.60;1326.00;1.38;0
180;anti_air_building;2205.00;11.10;1334.00;2.20;0
180;synthetic_refinery;2203.00;10.55;1265.00;3.25;0
180;fuel_silo;2254.00;10.55;1326.00;0.21;0
180;radar_station;2253.00;10.35;1309.00;0.92;0
180;nuclear_reactor_spawn;2326.00;10.82;1313.00;3.03;0
180;special_project_facility_spawn;2290.00;11.65;1280.00;2.65;0
180;special_project_facility_spawn;2188.00;10.53;1330.00;2.88;0
180;special_project_facility_spawn;2236.00;10.65;1330.00;3.18;0
180;special_project_facility_spawn;2190.00;12.25;1292.00;4.45;0
180;special_project_facility_spawn;2227.00;10.80;1303.00;1.70;0
180;special_project_facility_spawn;2199.00;11.10;1302.00;4.44;0
180;special_project_facility_spawn;2276.00;10.88;1332.00;4.61;0
180;special_project_facility_spawn;2290.00;11.45;1307.00;1.67;0
180;special_project_facility_spawn;2178.00;11.25;1310.00;0.02;0
180;special_project_facility_spawn;2229.00;11.10;1290.00;3.40;0
180;special_project_facility_spawn;2191.00;10.50;1340.00;4.90;0
180;special_project_facility_spawn;2242.00;10.40;1323.00;0.47;0
180;special_project_facility_spawn;2325.00;10.70;1314.00;4.41;0
180;special_project_facility_spawn;2177.00;10.70;1331.00;2.49;0
180;special_project_facility_spawn;2203.00;10.95;1277.00;2.73;0
180;special_project_facility_spawn;2232.00;10.60;1324.00;5.62;0
180;special_project_facility_spawn;2248.00;11.50;1348.00;2.97;0
180;special_project_facility_spawn;2210.00;10.75;1301.00;3.86;0
180;special_project_facility_spawn;2281.00;11.55;1290.00;4.30;0
180;special_project_facility_spawn;2190.00;11.75;1298.00;5.20;0
180;special_project_facility_spawn;2230.00;11.10;1350.00;5.18;0
180;special_project_facility_spawn;2279.00;11.00;1275.00;4.05;0
180;special_project_facility_spawn;2253.00;10.30;1272.00;2.87;0
180;special_project_facility_spawn;2249.00;10.30;1326.00;5.64;0
180;special_project_facility_spawn;2242.00;10.35;1296.00;2.05;0
180;special_project_facility_spawn;2287.00;11.70;1307.00;2.94;0
180;special_project_facility_spawn;2259.00;10.60;1278.00;2.93;0
180;special_project_facility_spawn;2308.00;10.90;1304.00;0.78;0
180;special_project_facility_spawn;2203.00;10.53;1323.00;4.51;0
180;special_project_facility_spawn;2280.00;10.95;1317.00;4.71;0
180;special_project_facility_spawn;2267.00;10.65;1271.00;3.52;0
180;special_project_facility_spawn;2191.00;10.95;1270.00;4.08;0
180;special_project_facility_spawn;2233.00;10.40;1264.00;5.15;0
180;special_project_facility_spawn;2221.00;11.40;1344.00;3.23;0
180;special_project_facility_spawn;2269.00;10.57;1317.00;0.70;0
180;special_project_facility_spawn;2289.00;10.45;1333.00;4.14;0
180;special_project_facility_spawn;2303.00;12.40;1285.00;4.57;0
180;special_project_facility_spawn;2308.00;10.30;1320.00;0.84;0
180;special_project_facility_spawn;2268.00;10.80;1302.00;1.74;0
180;special_project_facility_spawn;2253.00;9.50;1305.00;5.91;0
180;naval_base_spawn;2317.00;10.00;1318.00;-3.23;4265
180;naval_base_spawn;2323.00;10.50;1317.00;-3.02;4265
180;naval_base_spawn;2302.00;10.40;1327.00;-4.07;4265
180;naval_base_spawn;2288.00;10.30;1335.00;-4.17;4265
180;floating_harbor;2314.63;9.50;1325.97;-0.09;520
180;floating_harbor;2411.00;9.60;1333.00;-1.41;1870
180;floating_harbor;2411.00;9.60;1333.00;-1.59;2556
180;floating_harbor;2411.00;9.60;1333.00;-1.51;2563
181;arms_factory;3530.00;10.30;1272.00;4.29;0
181;arms_factory;3871.00;12.30;1249.00;2.31;0
181;arms_factory;3482.00;10.50;1231.00;3.15;0
181;arms_factory;3745.00;11.90;1377.00;2.60;0
181;arms_factory;3533.00;11.48;1415.00;2.21;0
181;arms_factory;3512.00;11.70;1220.00;2.10;0
181;industrial_complex;3573.00;13.88;1395.00;5.82;0
181;industrial_complex;3421.00;13.20;1410.00;5.22;0
181;industrial_complex;3497.00;12.20;1199.00;2.56;0
181;industrial_complex;3629.00;10.82;1156.00;4.20;0
181;industrial_complex;3510.00;12.00;1191.00;3.60;0
181;industrial_complex;3605.00;14.10;1331.00;1.06;0
181;air_base;3590.00;18.60;1176.00;5.72;0
181;supply_node;3799.00;11.60;1334.00;6.16;0
181;supply_node;3691.00;11.45;1412.00;6.00;0
181;supply_node;3584.00;12.35;1442.00;1.93;0
181;supply_node;3896.00;12.10;1266.00;2.63;0
181;supply_node;3436.00;13.35;1294.00;5.14;0
181;supply_node;3537.00;10.30;1245.00;4.54;0
181;supply_node;3625.00;12.00;1402.00;6.10;0
181;supply_node;3389.00;14.65;1306.00;5.57;0
181;supply_node;3527.00;16.05;1367.00;1.61;0
181;supply_node;3424.00;11.50;1444.00;2.02;0
181;supply_node;3765.00;10.90;1278.00;1.02;0
181;supply_node;3527.00;10.90;1472.00;2.30;0
181;supply_node;3584.00;15.62;1218.00;2.66;0
181;supply_node;3781.00;11.98;1097.00;6.12;0
181;supply_node;3476.00;10.40;1235.00;3.76;0
181;supply_node;3473.00;13.05;1412.00;3.69;0
181;supply_node;3470.00;10.75;1479.00;4.70;0
181;supply_node;3674.00;15.65;1309.00;2.07;0
181;supply_node;3497.00;10.30;1270.00;1.31;0
181;supply_node;3417.00;13.50;1386.00;4.96;0
181;supply_node;3750.00;11.05;1223.00;3.63;0
181;supply_node;3624.00;12.90;1181.00;5.47;0
181;supply_node;3473.00;15.20;1357.00;0.96;0
181;supply_node;3688.00;15.03;1246.00;2.20;0
181;supply_node;3802.00;12.40;1219.00;2.36;0
181;supply_node;3673.00;12.90;1366.00;4.66;0
181;supply_node;3729.00;13.40;1111.00;2.29;0
181;supply_node;3617.00;15.20;1272.00;2.46;0
181;supply_node;3829.00;11.30;1080.00;4.91;0
181;supply_node;3505.00;11.80;1202.00;4.60;0
181;supply_node;3707.00;12.15;1157.00;4.37;0
181;supply_node;3839.00;12.05;1250.00;0.62;0
181;supply_node;3804.00;11.30;1140.00;5.60;0
181;supply_node;3827.00;11.88;1297.00;4.26;0
181;supply_node;3774.00;11.12;1381.00;1.12;0
181;supply_node;3659.00;10.30;1449.00;3.42;0
181;supply_node;3922.00;11.35;1334.00;4.48;0
181;supply_node;3679.00;16.90;1196.00;4.30;0
181;supply_node;3649.00;10.50;1132.00;2.90;0
181;supply_node;3579.00;15.85;1326.00;1.84;0
181;supply_node;3760.00;10.30;1170.00;5.99;0
181;supply_node;3738.00;13.12;1339.00;5.21;0
181;supply_node;3442.00;11.60;1257.00;4.25;0
181;supply_node;3869.00;12.65;1207.00;2.03;0
181;supply_node;3522.00;10.82;1312.00;5.54;0
181;supply_node;3787.00;11.43;1435.00;2.69;0
181;supply_node;3528.00;10.95;1421.00;0.25;0
181;supply_node;3589.00;13.62;1152.00;4.29;0
181;supply_node;3932.00;10.80;1423.00;4.99;0
181;supply_node;3423.00;14.57;1337.00;5.74;0
181;supply_node;3620.00;10.88;1465.00;6.17;0
181;supply_node;3575.00;15.05;1382.00;4.15;0
181;supply_node;3626.00;14.05;1337.00;0.89;0
181;supply_node;3731.00;11.10;1393.00;2.34;0
181;supply_node;3886.00;11.10;1306.00;0.11;0
181;supply_node;3922.00;10.80;1379.00;4.78;0
181;supply_node;3472.00;11.80;1310.00;5.19;0
181;supply_node;3714.00;11.43;1284.00;2.73;0
181;supply_node;3566.00;10.40;1281.00;0.99;0
181;supply_node;3639.00;12.50;1232.00;4.66;0
181;supply_node;3547.00;14.03;1195.00;5.89;0
181;supply_node;3831.00;12.60;1179.00;4.20;0
181;bunker;3845.00;11.10;1303.00;3.96;0
181;bunker;3872.00;12.23;1260.00;4.57;0
181;bunker;3771.00;11.55;1287.00;5.87;0
181;bunker;3708.00;13.50;1400.00;6.19;0
181;bunker;3495.00;10.57;1428.00;1.70;0
181;bunker;3923.00;10.90;1377.00;0.23;0
181;bunker;3720.00;10.62;1435.00;2.86;0
181;bunker;3427.00;12.10;1435.00;0.74;0
181;bunker;3531.00;11.75;1400.00;5.65;0
181;bunker;3854.00;12.50;1238.00;4.49;0
181;bunker;3549.00;10.50;1494.00;5.00;0
181;bunker;3848.00;12.20;1207.00;1.43;0
181;bunker;3533.00;13.23;1386.00;0.01;0
181;bunker;3668.00;14.40;1267.00;0.04;0
181;bunker;3545.00;12.73;1394.00;0.18;0
181;bunker;3572.00;10.65;1468.00;0.14;0
181;bunker;3536.00;10.30;1252.00;5.69;0
181;bunker;3704.00;12.60;1101.00;2.12;0
181;bunker;3524.00;11.60;1217.00;4.91;0
181;bunker;3738.00;12.50;1356.00;2.14;0
181;bunker;3421.00;14.20;1294.00;2.41;0
181;bunker;3610.00;10.88;1457.00;2.85;0
181;bunker;3775.00;10.80;1375.00;5.49;0
181;bunker;3541.00;15.55;1177.00;1.38;0
181;bunker;3933.00;11.40;1358.00;2.20;0
181;bunker;3620.00;13.98;1332.00;3.25;0
181;bunker;3681.00;13.10;1366.00;0.21;0
181;bunker;3635.00;11.95;1395.00;2.07;0
181;bunker;3661.00;13.60;1166.00;3.03;0
181;bunker;3750.00;11.10;1222.00;2.65;0
181;bunker;3705.00;13.18;1190.00;2.88;0
181;bunker;3633.00;10.50;1140.00;3.18;0
181;bunker;3770.00;10.55;1183.00;4.45;0
181;bunker;3805.00;13.12;1167.00;1.70;0
181;bunker;3627.00;14.60;1273.00;4.44;0
181;bunker;3836.00;12.50;1191.00;4.61;0
181;bunker;3502.00;10.45;1284.00;1.67;0
181;bunker;3790.00;11.50;1239.00;0.02;0
181;bunker;3909.00;11.75;1311.00;3.40;0
181;bunker;3447.00;13.70;1320.00;4.90;0
181;bunker;3408.00;13.10;1416.00;0.47;0
181;bunker;3829.00;12.30;1107.00;4.41;0
181;bunker;3403.00;15.10;1307.00;2.49;0
181;bunker;3575.00;13.32;1307.00;2.73;0
181;bunker;3496.00;10.25;1480.00;5.62;0
181;bunker;3593.00;15.70;1208.00;2.97;0
181;bunker;3650.00;12.15;1229.00;3.86;0
181;bunker;3580.00;15.53;1148.00;4.30;0
181;bunker;3490.00;11.00;1222.00;5.20;0
181;bunker;3451.00;10.88;1259.00;5.18;0
181;bunker;3702.00;13.85;1283.00;4.05;0
181;bunker;3807.00;10.82;1344.00;2.87;0
181;bunker;3490.00;14.00;1346.00;5.64;0
181;bunker;3534.00;11.93;1325.00;2.05;0
181;bunker;3656.00;10.45;1445.00;2.94;0
181;bunker;3942.00;11.35;1404.00;2.93;0
181;bunker;3798.00;11.40;1079.00;0.78;0
181;bunker;3790.00;11.18;1436.00;4.51;0
181;bunker;3406.00;15.70;1327.00;4.71;0
181;bunker;3659.00;15.80;1320.00;3.52;0
181;bunker;3551.00;10.50;1265.00;4.08;0
181;bunker;3640.00;13.65;1170.00;5.15;0
181;coastal_bunker;3562.00;10.25;1486.00;-4.19;0
181;coastal_bunker;3497.00;10.20;1501.00;-3.99;0
181;coastal_bunker;3893.00;9.95;1337.00;-2.02;0
181;coastal_bunker;3803.00;10.30;1434.00;1.01;0
181;coastal_bunker;3660.00;10.20;1475.00;-3.64;0
181;coastal_bunker;3844.00;10.35;1332.00;1.55;0
181;coastal_bunker;3726.00;10.30;1425.00;-3.46;0
181;coastal_bunker;3612.00;9.55;1477.00;-3.08;0
181;coastal_bunker;3904.00;9.90;1370.00;-2.30;0
181;coastal_bunker;3862.00;10.45;1312.00;-2.42;0
181;coastal_bunker;3925.00;10.25;1451.00;-1.99;0
181;coastal_bunker;3765.00;10.30;1409.00;-2.63;0
181;coastal_bunker;3705.00;10.30;1438.00;-3.59;0
181;coastal_bunker;3412.00;10.30;1469.00;-2.80;0
181;coastal_bunker;3574.00;10.35;1474.00;-2.93;0
181;coastal_bunker;3852.00;10.00;1324.00;-3.75;0
181;stronghold_network;3820.00;12.20;1121.00;1.49;0
181;dockyard;3607.00;10.25;1476.00;-3.08;0
181;anti_air_building;3435.00;12.25;1245.00;3.36;0
181;anti_air_building;3827.00;12.90;1131.00;0.56;0
181;anti_air_building;3703.00;13.00;1107.00;5.88;0
181;synthetic_refinery;3632.00;10.75;1114.00;5.04;0
181;fuel_silo;3848.00;12.55;1217.00;0.37;0
181;radar_station;3667.00;15.07;1278.00;5.26;0
181;nuclear_reactor_spawn;3424.00;13.80;1288.00;3.50;0
181;special_project_facility_spawn;3871.00;11.85;1288.00;0.96;0
181;special_project_facility_spawn;3743.00;11.12;1224.00;4.66;0
181;special_project_facility_spawn;3501.00;10.30;1271.00;1.08;0
181;special_project_facility_spawn;3603.00;12.00;1423.00;0.77;0
181;special_project_facility_spawn;3453.00;10.80;1240.00;4.79;0
181;special_project_facility_spawn;3655.00;15.70;1311.00;4.12;0
181;special_project_facility_spawn;3664.00;11.93;1409.00;0.46;0
181;special_project_facility_spawn;3416.00;14.75;1303.00;6.07;0
181;special_project_facility_spawn;3841.00;12.25;1243.00;1.85;0
181;special_project_facility_spawn;3646.00;11.40;1157.00;1.97;0
181;special_project_facility_spawn;3791.00;10.90;1277.00;1.73;0
181;special_project_facility_spawn;3785.00;10.10;1140.00;4.93;0
181;special_project_facility_spawn;3641.00;13.98;1216.00;0.25;0
181;special_project_facility_spawn;3510.00;10.30;1292.00;0.29;0
181;special_project_facility_spawn;3918.00;11.98;1309.00;3.89;0
181;special_project_facility_spawn;3714.00;13.50;1188.00;1.35;0
181;special_project_facility_spawn;3545.00;11.10;1447.00;0.79;0
181;special_project_facility_spawn;3663.00;15.30;1335.00;1.91;0
181;special_project_facility_spawn;3825.00;11.50;1318.00;2.07;0
181;special_project_facility_spawn;3567.00;10.30;1235.00;2.90;0
181;special_project_facility_spawn;3795.00;10.80;1428.00;5.29;0
181;special_project_facility_spawn;3589.00;18.52;1169.00;2.77;0
181;special_project_facility_spawn;3550.00;10.50;1282.00;4.94;0
181;special_project_facility_spawn;3794.00;11.40;1078.00;4.81;0
181;special_project_facility_spawn;3875.00;11.98;1228.00;2.30;0
181;special_project_facility_spawn;3457.00;14.23;1375.00;2.56;0
181;special_project_facility_spawn;3536.00;11.70;1399.00;3.61;0
181;special_project_facility_spawn;3732.00;12.90;1328.00;2.24;0
181;special_project_facility_spawn;3427.00;10.35;1475.00;4.21;0
181;special_project_facility_spawn;3450.00;14.65;1341.00;5.04;0
181;special_project_facility_spawn;3838.00;12.15;1062.00;1.51;0
181;special_project_facility_spawn;3540.00;16.05;1359.00;5.52;0
181;special_project_facility_spawn;3469.00;10.82;1292.00;4.85;0
181;special_project_facility_spawn;3732.00;12.55;1181.00;1.75;0
181;special_project_facility_spawn;3811.00;12.85;1206.00;5.33;0
181;special_project_facility_spawn;3608.00;12.05;1395.00;2.45;0
181;special_project_facility_spawn;3490.00;10.60;1491.00;0.35;0
181;special_project_facility_spawn;3600.00;14.10;1327.00;0.92;0
181;special_project_facility_spawn;3602.00;12.55;1275.00;0.13;0
181;special_project_facility_spawn;3451.00;11.55;1276.00;5.60;0
181;special_project_facility_spawn;3894.00;12.05;1256.00;1.48;0
181;special_project_facility_spawn;3934.00;10.60;1420.00;3.97;0
181;special_project_facility_spawn;3692.00;16.40;1261.00;3.71;0
181;special_project_facility_spawn;3539.00;15.55;1184.00;2.23;0
181;special_project_facility_spawn;3482.00;11.20;1438.00;0.90;0
181;special_project_facility_spawn;3403.00;12.80;1404.00;4.16;0
181;special_project_facility_spawn;3762.00;11.75;1376.00;2.59;0
181;special_project_facility_spawn;3823.00;12.80;1187.00;3.25;0
181;special_project_facility_spawn;3592.00;14.65;1395.00;5.82;0
181;special_project_facility_spawn;3399.00;15.68;1329.00;1.95;0
181;special_project_facility_spawn;3528.00;11.12;1205.00;1.12;0
181;special_project_facility_spawn;3922.00;10.45;1388.00;2.22;0
181;special_project_facility_spawn;3631.00;11.10;1454.00;4.43;0
181;special_project_facility_spawn;3774.00;10.50;1347.00;1.00;0
181;special_project_facility_spawn;3719.00;13.40;1125.00;1.07;0
181;special_project_facility_spawn;3604.00;13.90;1196.00;5.38;0
181;special_project_facility_spawn;3748.00;11.70;1380.00;5.30;0
181;special_project_facility_spawn;3643.00;10.82;1447.00;2.88;0
181;special_project_facility_spawn;3701.00;17.08;1300.00;2.82;0
181;special_project_facility_spawn;3688.00;16.10;1208.00;1.95;0
181;special_project_facility_spawn;3520.00;11.05;1253.00;3.42;0
181;special_project_facility_spawn;3620.00;12.43;1308.00;5.65;0
181;naval_base_spawn;3793.00;10.30;1457.00;-2.50;3788
181;naval_base_spawn;3681.00;10.30;1458.00;-4.58;3788
181;naval_base_spawn;3505.00;10.25;1499.00;-3.99;3636
181;naval_base_spawn;3599.00;10.30;1477.00;-3.08;4464
181;naval_base_spawn;3538.00;10.30;1503.00;-3.11;3636
181;naval_base_spawn;3835.00;10.35;1333.00;1.55;4491
181;naval_base_spawn;3784.00;10.00;1406.00;-4.25;3908
181;naval_base_spawn;3949.00;10.10;1431.00;-4.15;3720
181;naval_base_spawn;3896.00;9.55;1350.00;-2.02;4491
181;naval_base_spawn;3737.00;10.30;1413.00;-3.46;3788
181;naval_base_spawn;3704.00;10.30;1439.00;-3.59;3788
181;naval_base_spawn;3920.00;9.85;1404.00;-2.30;3980
181;naval_base_spawn;3847.00;10.30;1323.00;-3.75;4491
181;naval_base_spawn;3884.00;10.45;1329.00;-2.42;4491
181;naval_base_spawn;3585.00;10.30;1476.00;-2.93;4464
181;naval_base_spawn;3410.00;10.30;1469.00;-2.80;3965
181;floating_harbor;3820.67;9.50;1358.22;-0.73;48
181;floating_harbor;3707.04;9.50;1445.31;-0.45;52
181;floating_harbor;3575.55;9.50;1481.85;0.21;112
181;floating_harbor;3411.65;9.50;1478.59;0.34;192
181;floating_harbor;3525.78;9.50;1511.00;0.03;206
181;floating_harbor;3438.41;9.50;1490.37;1.23;339
181;floating_harbor;3850.97;9.50;1331.76;-0.60;716
181;floating_harbor;3798.26;9.50;1393.13;-1.11;720
181;floating_harbor;3673.37;9.50;1475.13;-0.50;794
181;floating_harbor;3888.69;9.50;1350.04;1.12;806
181;floating_harbor;3808.94;9.50;1421.29;-2.13;1209
181;floating_harbor;3953.94;9.50;1436.71;-1.01;1353
181;floating_harbor;3618.53;9.50;1486.98;0.07;1916
181;floating_harbor;3740.21;9.50;1420.64;-0.32;2267
181;floating_harbor;3867.39;9.50;1327.27;0.72;2317
181;floating_harbor;3907.77;9.50;1391.65;0.84;2524
184;arms_factory;3157.00;10.70;1427.00;5.22;0
184;arms_factory;3229.00;11.40;1352.00;2.56;0
184;arms_factory;3162.00;13.10;1267.00;4.20;0
184;arms_factory;3262.00;10.90;1362.00;3.60;0
184;arms_factory;3134.00;12.23;1363.00;1.06;0
184;arms_factory;3175.00;12.25;1340.00;5.72;0
184;industrial_complex;3110.00;10.20;1426.00;0.56;0
184;industrial_complex;3173.00;12.35;1345.00;5.77;0
184;industrial_complex;3160.00;11.70;1298.00;4.77;0
184;industrial_complex;3248.00;10.30;1390.00;5.00;0
184;industrial_complex;3130.00;11.12;1390.00;6.17;0
184;industrial_complex;3119.00;10.75;1421.00;0.31;0
184;air_base;3090.00;11.25;1341.00;3.77;0
184;supply_node;3155.00;10.90;1425.00;5.57;0
184;supply_node;3103.00;11.18;1365.00;1.61;0
184;supply_node;3170.00;11.95;1358.00;2.02;0
184;supply_node;3191.00;11.50;1333.00;1.02;0
184;supply_node;3272.00;13.90;1316.00;2.30;0
184;supply_node;3238.00;13.90;1302.00;2.66;0
184;supply_node;3161.00;12.50;1283.00;6.12;0
184;supply_node;3261.00;11.10;1367.00;3.76;0
184;supply_node;3224.00;12.95;1263.00;3.69;0
184;supply_node;3220.00;10.70;1400.00;4.70;0
184;supply_node;3121.00;10.80;1410.00;2.07;0
184;supply_node;3228.00;11.43;1349.00;1.31;0
184;supply_node;3092.00;11.82;1325.00;4.96;0
184;supply_node;3166.00;10.60;1394.00;3.63;0
184;supply_node;3137.00;12.30;1331.00;5.47;0
184;supply_node;3201.00;12.20;1298.00;0.96;0
184;supply_node;3139.00;11.30;1380.00;2.20;0
184;supply_node;3071.00;10.45;1374.00;2.36;0
184;bunker;3159.00;12.25;1287.00;3.27;0
184;bunker;3198.00;11.43;1345.00;5.07;0
184;bunker;3244.00;12.18;1325.00;0.26;0
184;bunker;3073.00;12.23;1330.00;1.77;0
184;bunker;3161.00;13.05;1337.00;3.68;0
184;bunker;3129.00;12.05;1363.00;1.15;0
184;bunker;3221.00;12.25;1255.00;5.39;0
184;bunker;3241.00;11.70;1356.00;2.21;0
184;bunker;3233.00;10.80;1382.00;3.05;0
184;bunker;3068.00;10.50;1368.00;3.72;0
184;bunker;3158.00;11.10;1417.00;2.13;0
184;bunker;3163.00;11.20;1383.00;0.32;0
184;bunker;3143.00;11.45;1409.00;4.44;0
184;bunker;3132.00;11.95;1344.00;3.71;0
184;bunker;3254.00;10.90;1379.00;5.47;0
184;bunker;3204.00;12.28;1298.00;5.45;0
184;bunker;3265.00;14.53;1309.00;5.98;0
184;bunker;3126.00;11.40;1376.00;2.85;0
184;coastal_bunker;3170.00;10.30;1395.00;-4.49;0
184;coastal_bunker;3094.00;10.45;1395.00;-2.87;0
184;coastal_bunker;3219.00;10.53;1420.00;-2.60;0
184;coastal_bunker;3094.00;9.60;1400.00;-1.38;0
184;coastal_bunker;3166.00;10.35;1429.00;-4.43;0
184;coastal_bunker;3073.00;10.25;1379.00;-3.46;0
184;coastal_bunker;3198.00;10.50;1364.00;-4.30;0
184;coastal_bunker;3213.00;9.60;1374.00;-2.44;0
184;coastal_bunker;3253.00;10.30;1393.00;-2.92;0
184;stronghold_network;3106.00;11.20;1384.00;3.31;0
184;dockyard;3186.00;10.30;1373.00;-4.30;0
184;anti_air_building;3152.00;12.23;1282.00;1.97;0
184;anti_air_building;3142.00;11.40;1369.00;3.86;0
184;anti_air_building;3132.00;11.60;1402.00;0.20;0
184;synthetic_refinery;3109.00;11.48;1365.00;1.39;0
184;fuel_silo;3221.00;13.80;1287.00;3.00;0
184;radar_station;3174.00;12.40;1341.00;4.66;0
184;nuclear_reactor_spawn;3157.00;11.10;1412.00;0.12;0
184;special_project_facility_spawn;3098.00;11.10;1345.00;0.08;0
184;special_project_facility_spawn;3175.00;12.32;1343.00;3.96;0
184;special_project_facility_spawn;3176.00;11.40;1365.00;4.57;0
184;special_project_facility_spawn;3214.00;10.35;1400.00;5.87;0
184;special_project_facility_spawn;3181.00;12.20;1293.00;6.19;0
184;special_project_facility_spawn;3088.00;11.95;1326.00;1.70;0
184;special_project_facility_spawn;3265.00;10.65;1371.00;0.23;0
184;special_project_facility_spawn;3166.00;10.90;1389.00;2.86;0
184;special_project_facility_spawn;3145.00;11.25;1370.00;0.74;0
184;special_project_facility_spawn;3252.00;13.30;1318.00;5.65;0
184;special_project_facility_spawn;3155.00;12.90;1329.00;4.49;0
184;special_project_facility_spawn;3226.00;11.10;1367.00;5.00;0
184;special_project_facility_spawn;3136.00;10.85;1426.00;1.43;0
184;special_project_facility_spawn;3227.00;13.30;1268.00;0.01;0
184;special_project_facility_spawn;3221.00;12.85;1307.00;0.04;0
184;special_project_facility_spawn;3188.00;11.95;1285.00;0.18;0
184;special_project_facility_spawn;3157.00;10.90;1420.00;0.14;0
184;special_project_facility_spawn;3073.00;10.85;1364.00;5.69;0
184;naval_base_spawn;3164.00;10.30;1433.00;-4.43;3842
184;naval_base_spawn;3210.00;9.50;1399.00;-2.60;3842
184;naval_base_spawn;3176.00;10.30;1410.00;-4.49;3842
184;naval_base_spawn;3077.00;9.50;1381.00;-3.46;3914
184;naval_base_spawn;3105.00;9.60;1411.00;-1.38;3914
184;naval_base_spawn;3206.00;10.40;1366.00;-4.30;3842
184;naval_base_spawn;3256.00;10.30;1394.00;-2.92;4193
184;naval_base_spawn;3210.00;10.00;1364.00;-2.44;3842
184;naval_base_spawn;3094.00;9.95;1397.00;-2.87;3914
184;floating_harbor;3175.73;9.68;1430.92;-1.29;114
184;floating_harbor;3092.10;9.50;1403.74;0.27;126
184;floating_harbor;3201.41;9.50;1371.82;-1.16;257
184;floating_harbor;3253.48;9.50;1400.83;0.22;658
184;floating_harbor;3211.00;9.50;1432.00;0.22;1381
184;floating_harbor;3112.79;9.50;1434.64;0.32;1411
184;floating_harbor;3207.49;9.50;1373.35;0.70;1650
184;floating_harbor;3181.83;9.50;1397.52;-1.35;1788
184;floating_harbor;3077.21;9.50;1392.64;-0.32;2529
189;arms_factory;2596.00;11.20;1430.00;6.17;0
189;arms_factory;2552.00;11.15;1422.00;0.31;0
189;arms_factory;2558.00;11.30;1419.00;3.77;0
189;arms_factory;2574.00;13.62;1363.00;3.15;0
189;arms_factory;2519.00;11.38;1288.00;3.74;0
189;arms_factory;2588.00;10.75;1464.00;5.98;0
189;industrial_complex;2541.00;10.80;1390.00;0.22;0
189;industrial_complex;2536.00;10.20;1415.00;4.93;0
189;industrial_complex;2559.00;12.40;1383.00;0.27;0
189;industrial_complex;2549.00;11.00;1424.00;3.76;0
189;industrial_complex;2541.00;10.88;1445.00;5.13;0
189;industrial_complex;2548.00;11.98;1366.00;2.50;0
189;air_base;2543.00;12.10;1344.00;4.55;0
189;supply_node;2596.00;10.90;1449.00;2.07;0
189;supply_node;2539.00;10.50;1398.00;1.31;0
189;supply_node;2525.00;10.82;1371.00;4.96;0
189;supply_node;2591.00;11.10;1423.00;3.63;0
189;supply_node;2563.00;12.85;1374.00;5.47;0
189;supply_node;2511.00;10.70;1316.00;0.96;0
189;supply_node;2541.00;10.50;1417.00;2.20;0
189;supply_node;2588.00;11.45;1401.00;2.36;0
189;supply_node;2557.00;12.10;1391.00;4.66;0
189;supply_node;2537.00;12.40;1331.00;2.29;0
189;supply_node;2550.00;10.60;1479.00;2.46;0
189;supply_node;2543.00;11.70;1366.00;4.91;0
189;supply_node;2547.00;10.75;1454.00;4.60;0
189;supply_node;2511.00;10.65;1336.00;4.37;0
189;supply_node;2527.00;11.75;1317.00;0.62;0
189;supply_node;2589.00;10.60;1469.00;5.60;0
189;supply_node;2526.00;12.23;1298.00;4.26;0
189;supply_node;2584.00;12.25;1373.00;1.12;0
189;supply_node;2563.00;11.70;1408.00;3.42;0
189;supply_node;2505.00;10.55;1296.00;4.48;0
189;supply_node;2552.00;11.40;1430.00;4.30;0
189;supply_node;2564.00;13.75;1345.00;2.90;0
189;supply_node;2609.00;10.82;1433.00;1.84;0
189;supply_node;2572.00;11.45;1446.00;5.99;0
189;supply_node;2544.00;12.25;1346.00;5.21;0
189;supply_node;2558.00;10.55;1489.00;4.25;0
189;supply_node;2566.00;10.60;1475.00;2.03;0
189;supply_node;2538.00;10.45;1473.00;5.54;0
189;supply_node;2564.00;10.82;1463.00;2.69;0
189;supply_node;2536.00;10.60;1445.00;0.25;0
189;supply_node;2570.00;11.05;1428.00;4.29;0
189;supply_node;2574.00;12.53;1389.00;4.99;0
189;supply_node;2540.00;11.23;1381.00;5.74;0
189;supply_node;2573.00;13.55;1360.00;6.17;0
189;supply_node;2529.00;10.88;1359.00;4.15;0
189;supply_node;2556.00;12.95;1359.00;0.89;0
189;supply_node;2523.00;10.85;1344.00;2.34;0
189;supply_node;2555.00;13.40;1331.00;0.11;0
189;supply_node;2502.00;10.50;1327.00;4.78;0
189;supply_node;2496.00;10.53;1309.00;5.19;0
189;supply_node;2518.00;11.15;1283.00;2.73;0
189;supply_node;2508.00;10.53;1277.00;0.99;0
189;bunker;2591.00;10.85;1413.00;1.13;0
189;bunker;2583.00;11.70;1391.00;0.12;0
189;bunker;2559.00;13.30;1357.00;0.08;0
189;bunker;2515.00;10.85;1281.00;3.96;0
189;bunker;2582.00;12.53;1365.00;4.57;0
189;bunker;2574.00;11.05;1432.00;5.87;0
189;bunker;2547.00;12.55;1341.00;6.19;0
189;bunker;2500.00;10.75;1303.00;1.70;0
189;bunker;2574.00;10.85;1467.00;0.23;0
189;bunker;2538.00;10.50;1403.00;2.86;0
189;bunker;2566.00;11.50;1451.00;0.74;0
189;bunker;2518.00;11.10;1319.00;5.65;0
189;bunker;2562.00;13.95;1337.00;4.49;0
189;bunker;2603.00;10.95;1437.00;5.00;0
189;bunker;2602.00;11.05;1440.00;1.43;0
189;bunker;2515.00;11.30;1304.00;0.01;0
189;bunker;2510.00;10.50;1343.00;0.04;0
189;bunker;2531.00;10.55;1451.00;0.18;0
189;bunker;2536.00;10.25;1416.00;0.14;0
189;bunker;2548.00;11.15;1427.00;5.69;0
189;bunker;2557.00;10.65;1475.00;2.12;0
189;bunker;2548.00;11.00;1406.00;4.91;0
189;bunker;2545.00;11.75;1375.00;2.14;0
189;bunker;2587.00;11.50;1398.00;2.41;0
189;bunker;2553.00;11.18;1396.00;2.85;0
189;bunker;2571.00;13.45;1361.00;5.49;0
189;bunker;2555.00;13.55;1328.00;1.38;0
189;bunker;2533.00;11.75;1336.00;2.20;0
189;bunker;2541.00;10.50;1477.00;3.25;0
189;bunker;2574.00;13.90;1374.00;0.21;0
189;bunker;2550.00;10.90;1448.00;2.07;0
189;bunker;2525.00;10.55;1355.00;3.03;0
189;bunker;2530.00;10.70;1377.00;2.65;0
189;bunker;2504.00;10.57;1326.00;2.88;0
189;bunker;2545.00;11.90;1363.00;3.18;0
189;bunker;2524.00;11.18;1336.00;4.45;0
189;bunker;2525.00;11.85;1314.00;1.70;0
189;bunker;2496.00;10.53;1312.00;4.44;0
189;bunker;2596.00;10.50;1466.00;4.61;0
189;bunker;2508.00;10.55;1283.00;1.67;0
189;bunker;2562.00;10.57;1475.00;0.02;0
189;bunker;2561.00;10.57;1485.00;3.40;0
189;coastal_bunker;2494.00;9.60;1297.00;-1.05;0
189;coastal_bunker;2529.00;9.50;1445.00;-2.11;0
189;coastal_bunker;2522.00;10.40;1355.00;-1.33;0
189;coastal_bunker;2499.00;9.95;1325.00;-1.89;0
189;coastal_bunker;2502.00;9.90;1318.00;-1.89;0
189;coastal_bunker;2526.00;9.60;1378.00;-1.57;0
189;coastal_bunker;2601.00;10.25;1469.00;-3.84;0
189;coastal_bunker;2498.00;10.45;1318.00;-2.98;0
189;coastal_bunker;2535.00;9.50;1426.00;-1.85;0
189;coastal_bunker;2539.00;9.95;1459.00;-2.16;0
189;coastal_bunker;2602.00;10.40;1460.00;-3.99;0
189;coastal_bunker;2513.00;10.30;1348.00;-2.52;0
189;coastal_bunker;2504.00;9.60;1281.00;-1.57;0
189;coastal_bunker;2612.00;10.40;1446.00;-4.39;0
189;coastal_bunker;2557.00;9.60;1495.00;-2.50;0
189;coastal_bunker;2535.00;9.50;1472.00;-2.68;0
189;coastal_bunker;2534.00;9.60;1398.00;-1.57;0
189;coastal_bunker;2563.00;10.30;1482.00;-3.73;0
189;coastal_bunker;2544.00;9.50;1493.00;-2.76;0
189;coastal_bunker;2526.00;9.50;1383.00;-1.78;0
189;coastal_bunker;2515.00;9.95;1351.00;-2.36;0
189;stronghold_network;2530.00;11.90;1324.00;4.08;0
189;dockyard;2525.00;10.40;1375.00;-1.57;0
189;anti_air_building;2560.00;12.50;1384.00;3.23;0
189;anti_air_building;2564.00;11.05;1434.00;0.70;0
189;anti_air_building;2558.00;10.45;1492.00;4.14;0
189;synthetic_refinery;2581.00;10.60;1469.00;4.57;0
189;fuel_silo;2529.00;10.82;1370.00;0.84;0
189;radar_station;2554.00;11.95;1383.00;0.06;0
189;nuclear_reactor_spawn;2596.00;11.60;1438.00;5.91;0
189;special_project_facility_spawn;2521.00;10.45;1369.00;4.68;0
189;special_project_facility_spawn;2551.00;12.57;1355.00;0.58;0
189;special_project_facility_spawn;2567.00;10.80;1463.00;5.00;0
189;special_project_facility_spawn;2535.00;10.82;1381.00;1.13;0
189;special_project_facility_spawn;2510.00;10.65;1315.00;2.49;0
189;special_project_facility_spawn;2536.00;10.80;1452.00;2.78;0
189;special_project_facility_spawn;2532.00;11.25;1344.00;5.45;0
189;special_project_facility_spawn;2568.00;11.40;1448.00;3.22;0
189;special_project_facility_spawn;2545.00;10.60;1454.00;3.46;0
189;special_project_facility_spawn;2509.00;10.40;1338.00;1.49;0
189;special_project_facility_spawn;2554.00;11.18;1405.00;0.66;0
189;special_project_facility_spawn;2557.00;13.50;1335.00;3.36;0
189;special_project_facility_spawn;2611.00;10.40;1452.00;0.56;0
189;special_project_facility_spawn;2594.00;11.53;1433.00;5.88;0
189;special_project_facility_spawn;2560.00;12.50;1384.00;5.04;0
189;special_project_facility_spawn;2589.00;11.50;1389.00;0.37;0
189;special_project_facility_spawn;2584.00;10.85;1463.00;3.68;0
189;special_project_facility_spawn;2569.00;11.30;1424.00;3.50;0
189;special_project_facility_spawn;2509.00;10.40;1274.00;0.96;0
189;special_project_facility_spawn;2536.00;10.40;1409.00;4.66;0
189;special_project_facility_spawn;2548.00;10.57;1472.00;1.08;0
189;special_project_facility_spawn;2561.00;10.55;1477.00;0.77;0
189;special_project_facility_spawn;2533.00;11.65;1339.00;4.79;0
189;special_project_facility_spawn;2560.00;13.68;1341.00;4.12;0
189;special_project_facility_spawn;2572.00;13.85;1378.00;0.46;0
189;special_project_facility_spawn;2500.00;10.65;1312.00;6.07;0
189;special_project_facility_spawn;2529.00;10.88;1362.00;1.85;0
189;special_project_facility_spawn;2538.00;11.43;1364.00;1.97;0
189;special_project_facility_spawn;2533.00;12.60;1311.00;1.73;0
189;special_project_facility_spawn;2504.00;10.40;1323.00;4.93;0
189;special_project_facility_spawn;2514.00;10.85;1290.00;0.25;0
189;special_project_facility_spawn;2545.00;12.25;1351.00;0.29;0
189;special_project_facility_spawn;2536.00;10.55;1388.00;3.89;0
189;special_project_facility_spawn;2522.00;11.65;1294.00;1.35;0
189;special_project_facility_spawn;2583.00;12.40;1365.00;0.79;0
189;special_project_facility_spawn;2575.00;12.00;1397.00;1.91;0
189;special_project_facility_spawn;2607.00;11.00;1427.00;2.07;0
189;special_project_facility_spawn;2575.00;13.57;1364.00;2.90;0
189;special_project_facility_spawn;2510.00;10.57;1291.00;5.29;0
189;special_project_facility_spawn;2538.00;10.40;1479.00;2.77;0
189;special_project_facility_spawn;2549.00;11.10;1441.00;4.94;0
189;special_project_facility_spawn;2558.00;10.60;1488.00;4.81;0
189;naval_base_spawn;2604.00;10.30;1475.00;-3.84;4530
189;naval_base_spawn;2616.00;10.35;1428.00;-4.39;3793
189;naval_base_spawn;2546.00;10.25;1488.00;-2.76;4273
189;naval_base_spawn;2598.00;10.30;1464.00;-3.99;4530
189;naval_base_spawn;2528.00;9.60;1449.00;-2.11;3680
189;naval_base_spawn;2537.00;10.30;1482.00;-2.68;4273
189;naval_base_spawn;2526.00;10.45;1375.00;-1.57;4427
189;naval_base_spawn;2534.00;9.95;1397.00;-1.57;3680
189;naval_base_spawn;2515.00;9.60;1352.00;-2.36;4427
189;naval_base_spawn;2492.00;10.30;1309.00;-2.98;4427
189;naval_base_spawn;2534.00;9.50;1416.00;-1.85;3680
189;naval_base_spawn;2499.00;10.30;1328.00;-1.89;4427
189;naval_base_spawn;2562.00;10.40;1479.00;-3.73;4530
189;naval_base_spawn;2539.00;9.95;1460.00;-2.16;4273
189;naval_base_spawn;2520.00;10.30;1355.00;-1.33;4427
189;naval_base_spawn;2506.00;9.50;1274.00;-1.57;3630
189;naval_base_spawn;2506.00;9.60;1339.00;-2.52;4427
189;naval_base_spawn;2499.00;9.95;1292.00;-1.05;3630
189;naval_base_spawn;2527.00;9.85;1383.00;-1.78;3680
189;naval_base_spawn;2562.00;10.30;1493.00;-4.25;4530
189;naval_base_spawn;2502.00;9.60;1319.00;-1.89;4427
189;floating_harbor;2610.23;9.50;1461.65;-0.84;259
189;floating_harbor;2524.00;9.50;1398.00;1.57;260
189;floating_harbor;2514.00;9.50;1371.00;1.57;317
189;floating_harbor;2495.36;9.50;1321.21;1.25;555
189;floating_harbor;2527.27;9.50;1420.92;1.29;736
189;floating_harbor;2503.00;9.50;1501.00;1.30;852
189;floating_harbor;2503.00;9.50;1501.00;0.71;959
189;floating_harbor;2501.93;9.50;1348.70;0.62;980
189;floating_harbor;2598.48;9.50;1480.38;-0.69;1250
189;floating_harbor;2491.92;9.50;1288.53;-4.19;1805
189;floating_harbor;2621.64;9.50;1437.21;-1.25;2089
189;floating_harbor;2568.26;9.50;1494.13;-1.11;2461
189;floating_harbor;2571.88;9.50;1483.82;-0.59;2467
189;floating_harbor;2531.87;9.50;1485.26;0.46;2472
189;floating_harbor;2525.00;9.50;1451.60;1.03;2489
189;floating_harbor;2519.16;9.50;1385.47;1.36;2527
189;floating_harbor;2514.21;9.50;1355.30;-4.47;2541
189;floating_harbor;2510.05;9.50;1356.95;0.79;2551
189;floating_harbor;2492.36;9.50;1330.21;1.25;2562
189;floating_harbor;2493.85;9.50;1321.90;0.17;2572
189;floating_harbor;2498.00;9.50;1277.00;1.57;2603
197;arms_factory;2046.00;10.95;1208.00;3.01;0
197;arms_factory;2069.00;11.45;1253.00;5.93;0
197;arms_factory;2083.00;11.65;1268.00;0.13;0
197;arms_factory;2053.00;10.80;1230.00;2.51;0
197;arms_factory;2072.00;11.50;1256.00;4.21;0
197;arms_factory;2075.00;11.90;1252.00;3.27;0
197;industrial_complex;2090.00;11.30;1296.00;5.07;0
197;industrial_complex;2062.00;10.88;1234.00;0.26;0
197;industrial_complex;2092.00;12.00;1278.00;1.77;0
197;industrial_complex;2042.00;10.75;1214.00;3.68;0
197;industrial_complex;2099.00;12.05;1265.00;1.15;0
197;industrial_complex;2101.00;13.40;1223.00;5.39;0
197;air_base;2057.00;11.55;1208.00;2.21;0
197;supply_node;2088.00;13.90;1212.00;4.26;0
197;supply_node;2044.00;10.70;1223.00;1.12;0
197;supply_node;2093.00;14.57;1241.00;3.42;0
197;supply_node;2066.00;11.90;1210.00;4.48;0
197;supply_node;2069.00;11.15;1259.00;4.30;0
197;supply_node;2107.00;13.85;1220.00;2.90;0
197;supply_node;2097.00;12.20;1291.00;1.84;0
197;supply_node;2109.00;13.88;1248.00;5.99;0
197;supply_node;2093.00;12.20;1276.00;5.21;0
197;supply_node;2073.00;11.85;1242.00;4.25;0
197;supply_node;2046.00;11.05;1209.00;2.03;0
197;supply_node;2054.00;10.55;1246.00;5.54;0
197;supply_node;2058.00;10.50;1264.00;2.69;0
197;supply_node;2102.00;12.30;1263.00;0.25;0
197;supply_node;2084.00;12.23;1261.00;4.29;0
197;supply_node;2115.00;13.95;1233.00;4.99;0
197;supply_node;2060.00;10.95;1229.00;5.74;0
197;supply_node;2082.00;12.55;1227.00;6.17;0
197;bunker;2037.00;10.35;1216.00;4.13;0
197;bunker;2043.00;10.85;1209.00;3.31;0
197;bunker;2063.00;10.88;1252.00;6.26;0
197;bunker;2105.00;14.20;1213.00;1.97;0
197;bunker;2088.00;13.30;1218.00;3.86;0
197;bunker;2077.00;13.05;1210.00;0.20;0
197;bunker;2090.00;13.65;1242.00;1.39;0
197;bunker;2094.00;11.98;1292.00;3.00;0
197;bunker;2097.00;11.82;1268.00;1.13;0
197;bunker;2074.00;11.93;1224.00;0.12;0
197;bunker;2065.00;11.10;1236.00;0.08;0
197;bunker;2084.00;11.75;1275.00;3.96;0
197;bunker;2108.00;13.95;1235.00;4.57;0
197;bunker;2090.00;12.53;1263.00;5.87;0
197;bunker;2060.00;10.80;1260.00;6.19;0
197;bunker;2060.00;10.80;1244.00;1.70;0
197;bunker;2108.00;12.40;1258.00;0.23;0
197;bunker;2066.00;11.15;1245.00;2.86;0
197;coastal_bunker;2048.00;9.95;1235.00;-1.82;0
197;coastal_bunker;2056.00;9.95;1268.00;-2.36;0
197;coastal_bunker;2038.00;9.60;1213.00;-1.47;0
197;coastal_bunker;2048.00;9.60;1242.00;-1.45;0
197;stronghold_network;2088.00;13.30;1237.00;1.43;0
197;dockyard;2036.00;9.50;1223.00;-1.82;0
197;anti_air_building;2120.00;14.32;1237.00;0.04;0
197;anti_air_building;2085.00;13.70;1204.00;0.18;0
197;anti_air_building;2082.00;12.85;1222.00;0.14;0
197;synthetic_refinery;2051.00;10.50;1243.00;5.69;0
197;fuel_silo;2076.00;11.10;1266.00;2.12;0
197;radar_station;2079.00;12.10;1252.00;2.68;0
197;nuclear_reactor_spawn;2107.00;14.05;1217.00;2.14;0
197;special_project_facility_spawn;2098.00;13.50;1222.00;2.41;0
197;special_project_facility_spawn;2105.00;13.53;1235.00;2.85;0
197;special_project_facility_spawn;2106.00;13.05;1287.00;5.49;0
197;special_project_facility_spawn;2048.00;10.35;1247.00;1.38;0
197;special_project_facility_spawn;2082.00;12.35;1231.00;2.20;0
197;special_project_facility_spawn;2111.00;14.70;1245.00;3.25;0
197;special_project_facility_spawn;2079.00;11.60;1262.00;0.21;0
197;special_project_facility_spawn;2053.00;10.85;1225.00;2.07;0
197;special_project_facility_spawn;2068.00;10.80;1266.00;3.03;0
197;special_project_facility_spawn;2104.00;13.68;1238.00;2.65;0
197;special_project_facility_spawn;2094.00;13.90;1210.00;2.88;0
197;special_project_facility_spawn;2059.00;10.90;1229.00;3.18;0
197;special_project_facility_spawn;2074.00;11.93;1241.00;4.45;0
197;special_project_facility_spawn;2064.00;11.75;1212.00;1.70;0
197;special_project_facility_spawn;2096.00;13.75;1259.00;4.44;0
197;special_project_facility_spawn;2087.00;11.98;1280.00;4.61;0
197;special_project_facility_spawn;2049.00;11.07;1217.00;1.67;0
197;special_project_facility_spawn;2059.00;10.70;1258.00;0.02;0
197;naval_base_spawn;2042.00;10.30;1228.00;-1.82;4501
197;naval_base_spawn;2048.00;9.60;1236.00;-1.45;4501
197;naval_base_spawn;2040.00;10.00;1201.00;-1.47;4501
197;naval_base_spawn;2056.00;10.30;1267.00;-2.36;4501
197;floating_harbor;2033.21;9.50;1225.70;1.33;445
197;floating_harbor;2029.03;9.50;1207.30;-4.61;2262
197;floating_harbor;2039.05;9.50;1244.13;-4.59;2274
197;floating_harbor;2051.05;9.50;1270.95;0.79;2609
207;arms_factory;2624.00;11.60;1263.00;5.45;0
207;arms_factory;2588.00;13.65;1324.00;5.98;0
207;arms_factory;2554.00;13.07;1275.00;2.85;0
207;arms_factory;2537.00;12.80;1302.00;1.50;0
207;arms_factory;2646.00;10.80;1402.00;5.28;0
207;arms_factory;2652.00;12.75;1317.00;2.16;0
207;industrial_complex;2602.00;11.25;1364.00;2.43;0
207;industrial_complex;2597.00;14.60;1312.00;2.39;0
207;industrial_complex;2640.00;10.60;1401.00;0.01;0
207;industrial_complex;2646.00;12.40;1292.00;0.25;0
207;industrial_complex;2609.00;13.60;1287.00;3.54;0
207;industrial_complex;2595.00;14.75;1312.00;4.13;0
207;air_base;2547.00;13.35;1321.00;3.31;0
207;supply_node;2586.00;12.80;1349.00;2.34;0
207;supply_node;2650.00;11.45;1359.00;0.11;0
207;supply_node;2573.00;13.20;1260.00;4.78;0
207;supply_node;2610.00;10.75;1410.00;5.19;0
207;supply_node;2544.00;13.10;1313.00;2.73;0
207;supply_node;2547.00;12.80;1278.00;0.99;0
207;supply_node;2591.00;12.75;1257.00;4.66;0
207;supply_node;2627.00;10.60;1370.00;5.89;0
207;supply_node;2607.00;14.05;1293.00;4.20;0
207;supply_node;2598.00;14.28;1315.00;3.86;0
207;supply_node;2571.00;14.57;1298.00;0.39;0
207;supply_node;2637.00;10.80;1394.00;0.03;0
207;supply_node;2529.00;11.40;1273.00;0.38;0
207;supply_node;2616.00;12.12;1315.00;1.61;0
207;supply_node;2619.00;12.30;1269.00;1.30;0
207;supply_node;2631.00;11.85;1329.00;0.10;0
207;supply_node;2601.00;12.70;1272.00;6.04;0
207;supply_node;2637.00;11.25;1274.00;1.52;0
207;supply_node;2630.00;11.75;1296.00;3.53;0
207;supply_node;2603.00;12.70;1347.00;5.74;0
207;supply_node;2589.00;15.10;1300.00;1.57;0
207;supply_node;2651.00;12.18;1289.00;4.83;0
207;supply_node;2565.00;14.40;1317.00;5.18;0
207;supply_node;2568.00;14.20;1278.00;4.56;0
207;supply_node;2597.00;12.55;1332.00;2.57;0
207;supply_node;2584.00;14.28;1283.00;0.94;0
207;supply_node;2608.00;10.60;1389.00;3.52;0
207;supply_node;2653.00;11.43;1384.00;2.68;0
207;supply_node;2601.00;11.10;1369.00;0.92;0
207;supply_node;2621.00;12.05;1349.00;3.54;0
207;supply_node;2575.00;13.70;1335.00;2.50;0
207;supply_node;2581.00;14.35;1320.00;4.12;0
207;supply_node;2649.00;12.50;1320.00;5.24;0
207;supply_node;2556.00;13.62;1299.00;0.78;0
207;supply_node;2542.00;13.12;1294.00;2.04;0
207;supply_node;2557.00;13.12;1264.00;5.27;0
207;bunker;2627.00;10.50;1385.00;2.07;0
207;bunker;2615.00;12.50;1266.00;3.03;0
207;bunker;2652.00;11.55;1366.00;2.65;0
207;bunker;2587.00;14.45;1287.00;2.88;0
207;bunker;2654.00;12.75;1318.00;3.18;0
207;bunker;2604.00;14.60;1297.00;4.45;0
207;bunker;2595.00;12.35;1350.00;1.70;0
207;bunker;2555.00;13.70;1303.00;4.44;0
207;bunker;2545.00;12.90;1287.00;4.61;0
207;bunker;2616.00;12.20;1316.00;1.67;0
207;bunker;2642.00;10.85;1383.00;0.02;0
207;bunker;2602.00;13.93;1283.00;3.40;0
207;bunker;2645.00;12.00;1288.00;4.90;0
207;bunker;2537.00;12.90;1292.00;0.47;0
207;bunker;2610.00;10.88;1379.00;4.41;0
207;bunker;2536.00;12.80;1310.00;2.49;0
207;bunker;2622.00;12.60;1330.00;2.73;0
207;bunker;2589.00;15.10;1304.00;5.62;0
207;bunker;2580.00;14.40;1320.00;2.97;0
207;bunker;2631.00;10.57;1390.00;3.86;0
207;bunker;2554.00;12.95;1263.00;4.30;0
207;bunker;2573.00;14.65;1313.00;5.20;0
207;bunker;2633.00;11.50;1352.00;5.18;0
207;bunker;2566.00;14.32;1299.00;4.05;0
207;bunker;2592.00;12.60;1253.00;2.87;0
207;bunker;2621.00;12.07;1300.00;5.64;0
207;bunker;2614.00;10.53;1408.00;2.05;0
207;bunker;2578.00;13.60;1332.00;2.94;0
207;bunker;2564.00;12.60;1253.00;2.93;0
207;bunker;2528.00;11.35;1266.00;0.78;0
207;bunker;2563.00;13.65;1274.00;4.51;0
207;bunker;2603.00;11.10;1369.00;4.71;0
207;bunker;2578.00;13.50;1351.00;3.52;0
207;bunker;2592.00;13.23;1325.00;4.08;0
207;bunker;2632.00;11.70;1279.00;5.15;0
207;bunker;2605.00;13.95;1312.00;3.23;0
207;coastal_bunker;2634.00;10.30;1401.00;-2.78;0
207;coastal_bunker;2617.00;10.25;1407.00;1.05;0
207;coastal_bunker;2621.00;10.30;1396.00;-4.22;0
207;stronghold_network;2599.00;12.90;1262.00;0.84;0
207;dockyard;2642.00;10.20;1406.00;-2.78;0
207;anti_air_building;2550.00;12.95;1280.00;5.91;0
207;anti_air_building;2618.00;12.53;1305.00;4.68;0
207;anti_air_building;2626.00;11.90;1275.00;0.58;0
207;synthetic_refinery;2632.00;11.45;1306.00;5.00;0
207;fuel_silo;2632.00;10.60;1368.00;1.13;0
207;radar_station;2595.00;12.75;1334.00;3.44;0
207;nuclear_reactor_spawn;2632.00;11.20;1320.00;2.78;0
207;special_project_facility_spawn;2617.00;12.45;1264.00;5.45;0
207;special_project_facility_spawn;2522.00;11.25;1275.00;3.22;0
207;special_project_facility_spawn;2631.00;12.28;1339.00;3.46;0
207;special_project_facility_spawn;2544.00;13.40;1304.00;1.49;0
207;special_project_facility_spawn;2578.00;14.25;1275.00;0.66;0
207;special_project_facility_spawn;2589.00;12.85;1258.00;3.36;0
207;special_project_facility_spawn;2641.00;10.85;1382.00;0.56;0
207;special_project_facility_spawn;2624.00;10.30;1376.00;5.88;0
207;special_project_facility_spawn;2569.00;14.60;1288.00;5.04;0
207;special_project_facility_spawn;2596.00;11.20;1372.00;0.37;0
207;special_project_facility_spawn;2642.00;10.85;1363.00;3.68;0
207;special_project_facility_spawn;2559.00;14.05;1304.00;3.50;0
207;special_project_facility_spawn;2588.00;12.95;1346.00;0.96;0
207;special_project_facility_spawn;2636.00;11.57;1304.00;4.66;0
207;special_project_facility_spawn;2577.00;13.70;1328.00;1.08;0
207;special_project_facility_spawn;2560.00;12.88;1255.00;0.77;0
207;special_project_facility_spawn;2567.00;13.10;1260.00;4.79;0
207;special_project_facility_spawn;2619.00;12.85;1293.00;4.12;0
207;special_project_facility_spawn;2609.00;13.18;1343.00;0.46;0
207;special_project_facility_spawn;2536.00;12.90;1294.00;6.07;0
207;special_project_facility_spawn;2588.00;13.35;1276.00;1.85;0
207;special_project_facility_spawn;2612.00;10.53;1404.00;1.97;0
207;special_project_facility_spawn;2604.00;10.82;1388.00;1.73;0
207;special_project_facility_spawn;2547.00;12.80;1278.00;4.93;0
207;special_project_facility_spawn;2649.00;11.85;1284.00;0.25;0
207;special_project_facility_spawn;2641.00;12.53;1314.00;0.29;0
207;special_project_facility_spawn;2634.00;11.45;1265.00;3.89;0
207;special_project_facility_spawn;2591.00;15.10;1302.00;1.35;0
207;special_project_facility_spawn;2595.00;12.90;1326.00;0.79;0
207;special_project_facility_spawn;2646.00;11.35;1380.00;1.91;0
207;special_project_facility_spawn;2611.00;12.80;1330.00;2.07;0
207;special_project_facility_spawn;2570.00;14.30;1319.00;2.90;0
207;special_project_facility_spawn;2614.00;12.85;1334.00;5.29;0
207;special_project_facility_spawn;2606.00;13.60;1314.00;2.77;0
207;special_project_facility_spawn;2610.00;12.90;1270.00;4.94;0
207;special_project_facility_spawn;2585.00;15.00;1312.00;4.81;0
207;naval_base_spawn;2634.00;9.90;1402.00;-2.78;3793
207;naval_base_spawn;2621.00;10.20;1397.00;1.05;3793
207;naval_base_spawn;2621.00;10.30;1396.00;-4.22;3793
207;floating_harbor;2623.08;9.50;1402.53;-2.09;590
207;floating_harbor;2631.54;9.50;1408.55;0.36;1286
207;floating_harbor;2627.16;9.50;1399.32;-1.08;2516
209;arms_factory;4587.00;13.85;1212.00;5.28;0
209;arms_factory;4514.00;12.80;1233.00;2.16;0
209;arms_factory;4421.00;13.65;1275.00;2.43;0
209;arms_factory;4517.00;12.65;1242.00;2.39;0
209;arms_factory;4392.00;12.20;1409.00;0.01;0
209;arms_factory;4492.00;12.60;1335.00;0.25;0
209;industrial_complex;4443.00;12.65;1275.00;3.54;0
209;industrial_complex;4446.00;12.55;1310.00;4.13;0
209;industrial_complex;4503.00;12.35;1263.00;3.31;0
209;industrial_complex;4537.00;12.03;1316.00;6.26;0
209;industrial_complex;4413.00;13.40;1271.00;1.97;0
209;industrial_complex;4493.00;12.82;1319.00;3.86;0
209;air_base;4419.00;12.45;1379.00;0.20;0
209;supply_node;4571.00;13.12;1369.00;2.73;0
209;supply_node;4538.00;13.68;1235.00;0.99;0
209;supply_node;4495.00;12.85;1339.00;4.66;0
209;supply_node;4506.00;14.50;1390.00;5.89;0
209;supply_node;4548.00;14.10;1278.00;4.20;0
209;supply_node;4513.00;12.80;1303.00;3.86;0
209;supply_node;4466.00;11.38;1295.00;0.39;0
209;supply_node;4547.00;12.00;1320.00;0.03;0
209;supply_node;4473.00;13.00;1199.00;0.38;0
209;supply_node;4378.00;10.60;1430.00;1.61;0
209;supply_node;4443.00;12.20;1379.00;1.30;0
209;supply_node;4413.00;14.00;1355.00;0.10;0
209;supply_node;4474.00;10.10;1238.00;6.04;0
209;supply_node;4431.00;14.00;1268.00;1.52;0
209;supply_node;4574.00;13.60;1219.00;3.53;0
209;supply_node;4471.00;11.70;1412.00;5.74;0
209;supply_node;4450.00;11.45;1335.00;1.57;0
209;supply_node;4434.00;10.55;1417.00;4.83;0
209;supply_node;4533.00;14.25;1356.00;5.18;0
209;supply_node;4501.00;12.15;1265.00;4.56;0
209;supply_node;4403.00;12.23;1401.00;2.57;0
209;supply_node;4477.00;12.57;1371.00;0.94;0
209;supply_node;4425.00;13.60;1305.00;3.52;0
209;supply_node;4575.00;14.15;1255.00;2.68;0
209;supply_node;4507.00;12.90;1220.00;0.92;0
209;bunker;4535.00;12.95;1302.00;2.41;0
209;bunker;4464.00;11.12;1389.00;2.85;0
209;bunker;4489.00;10.80;1232.00;5.49;0
209;bunker;4553.00;12.53;1335.00;1.38;0
209;bunker;4511.00;14.80;1350.00;2.20;0
209;bunker;4432.00;13.00;1355.00;3.25;0
209;bunker;4473.00;13.50;1194.00;0.21;0
209;bunker;4574.00;13.70;1231.00;2.07;0
209;bunker;4423.00;10.90;1407.00;3.03;0
209;bunker;4528.00;11.70;1258.00;2.65;0
209;bunker;4511.00;13.12;1222.00;2.88;0
209;bunker;4410.00;13.93;1290.00;3.18;0
209;bunker;4387.00;11.30;1424.00;4.45;0
209;bunker;4527.00;13.18;1271.00;1.70;0
209;bunker;4536.00;13.98;1352.00;4.44;0
209;bunker;4469.00;11.50;1419.00;4.61;0
209;bunker;4448.00;11.75;1348.00;1.67;0
209;bunker;4588.00;14.20;1250.00;0.02;0
209;bunker;4454.00;11.25;1292.00;3.40;0
209;bunker;4449.00;10.55;1417.00;4.90;0
209;bunker;4444.00;12.20;1272.00;0.47;0
209;bunker;4514.00;15.20;1371.00;4.41;0
209;bunker;4476.00;12.25;1377.00;2.49;0
209;bunker;4567.00;13.15;1358.00;2.73;0
209;bunker;4562.00;14.40;1285.00;5.62;0
209;coastal_bunker;4371.00;10.30;1440.00;-3.61;0
209;coastal_bunker;4428.00;9.60;1432.00;-2.93;0
209;stronghold_network;4465.00;12.30;1320.00;4.30;0
209;dockyard;4369.00;10.30;1442.00;-3.61;0
209;anti_air_building;4453.00;11.10;1391.00;5.18;0
209;anti_air_building;4450.00;12.03;1357.00;4.05;0
209;anti_air_building;4418.00;10.80;1418.00;2.87;0
209;synthetic_refinery;4501.00;13.80;1333.00;5.64;0
209;fuel_silo;4474.00;11.90;1415.00;2.05;0
209;radar_station;4478.00;11.95;1312.00;3.83;0
209;nuclear_reactor_spawn;4585.00;13.10;1371.00;2.93;0
209;special_project_facility_spawn;4424.00;13.75;1274.00;0.78;0
209;special_project_facility_spawn;4421.00;12.80;1375.00;4.51;0
209;special_project_facility_spawn;4528.00;12.20;1263.00;4.71;0
209;special_project_facility_spawn;4515.00;12.65;1309.00;3.52;0
209;special_project_facility_spawn;4420.00;14.25;1314.00;4.08;0
209;special_project_facility_spawn;4429.00;11.18;1395.00;5.15;0
209;special_project_facility_spawn;4581.00;14.15;1247.00;3.23;0
209;special_project_facility_spawn;4464.00;11.98;1214.00;0.70;0
209;special_project_facility_spawn;4474.00;12.88;1339.00;4.14;0
209;special_project_facility_spawn;4503.00;13.25;1203.00;4.57;0
209;special_project_facility_spawn;4457.00;10.70;1279.00;0.84;0
209;special_project_facility_spawn;4470.00;10.50;1252.00;1.74;0
209;special_project_facility_spawn;4495.00;12.55;1407.00;5.91;0
209;special_project_facility_spawn;4559.00;13.90;1229.00;4.68;0
209;special_project_facility_spawn;4558.00;13.62;1234.00;0.58;0
209;special_project_facility_spawn;4553.00;13.80;1276.00;5.00;0
209;special_project_facility_spawn;4558.00;12.82;1310.00;1.13;0
209;special_project_facility_spawn;4456.00;10.88;1428.00;2.49;0
209;special_project_facility_spawn;4569.00;12.95;1363.00;2.78;0
209;special_project_facility_spawn;4475.00;12.48;1360.00;5.45;0
209;special_project_facility_spawn;4533.00;14.18;1354.00;3.22;0
209;special_project_facility_spawn;4443.00;10.60;1423.00;3.46;0
209;special_project_facility_spawn;4359.00;10.30;1445.00;1.49;0
209;special_project_facility_spawn;4470.00;13.00;1333.00;0.66;0
209;special_project_facility_spawn;4397.00;13.18;1391.00;3.36;0
209;naval_base_spawn;4413.00;9.95;1425.00;-1.91;3675
209;naval_base_spawn;4383.00;10.30;1441.00;-3.61;3675
209;floating_harbor;4385.13;9.50;1444.26;-0.46;700
209;floating_harbor;4429.53;9.50;1437.84;0.21;1561
211;arms_factory;2726.00;12.35;1329.00;0.01;0
211;arms_factory;2776.00;10.45;1421.00;0.25;0
211;arms_factory;2796.00;11.18;1351.00;3.54;0
211;arms_factory;2791.00;10.65;1413.00;4.13;0
211;arms_factory;2720.00;10.50;1440.00;3.31;0
211;arms_factory;2735.00;14.75;1236.00;6.26;0
211;industrial_complex;2746.00;13.30;1365.00;1.97;0
211;industrial_complex;2764.00;11.30;1397.00;3.86;0
211;industrial_complex;2680.00;12.40;1263.00;0.20;0
211;industrial_complex;2692.00;13.18;1377.00;1.39;0
211;industrial_complex;2685.00;12.80;1379.00;3.00;0
211;industrial_complex;2675.00;13.88;1358.00;1.13;0
211;air_base;2752.00;11.93;1314.00;0.12;0
211;supply_node;2711.00;12.35;1307.00;4.20;0
211;supply_node;2728.00;14.70;1227.00;3.86;0
211;supply_node;2705.00;14.15;1360.00;0.39;0
211;supply_node;2808.00;11.90;1332.00;0.03;0
211;supply_node;2781.00;14.25;1287.00;0.38;0
211;supply_node;2667.00;12.60;1306.00;1.61;0
211;supply_node;2761.00;11.93;1376.00;1.30;0
211;supply_node;2749.00;12.05;1331.00;0.10;0
211;supply_node;2708.00;14.20;1259.00;6.04;0
211;supply_node;2673.00;12.20;1280.00;1.52;0
211;supply_node;2747.00;13.70;1275.00;3.53;0
211;supply_node;2681.00;15.00;1334.00;5.74;0
211;supply_node;2712.00;12.23;1388.00;1.57;0
211;supply_node;2722.00;13.00;1340.00;4.83;0
211;supply_node;2696.00;12.00;1278.00;5.18;0
211;supply_node;2728.00;14.60;1247.00;4.56;0
211;supply_node;2778.00;12.20;1320.00;2.57;0
211;supply_node;2777.00;10.82;1411.00;0.94;0
211;supply_node;2712.00;14.07;1235.00;3.52;0
211;supply_node;2728.00;10.85;1416.00;2.68;0
211;supply_node;2660.00;13.18;1340.00;0.92;0
211;supply_node;2677.00;12.45;1378.00;3.54;0
211;supply_node;2765.00;15.65;1262.00;2.50;0
211;supply_node;2690.00;13.80;1302.00;4.12;0
211;supply_node;2747.00;15.38;1249.00;5.24;0
211;supply_node;2671.00;12.00;1402.00;0.78;0
211;supply_node;2789.00;11.15;1360.00;2.04;0
211;supply_node;2737.00;13.70;1362.00;5.27;0
211;supply_node;2683.00;14.35;1358.00;0.92;0
211;supply_node;2701.00;15.30;1330.00;2.94;0
211;supply_node;2733.00;13.05;1311.00;5.89;0
211;supply_node;2754.00;12.20;1298.00;5.00;0
211;supply_node;2725.00;11.90;1289.00;4.28;0
211;supply_node;2724.00;12.85;1269.00;5.59;0
211;supply_node;2672.00;10.90;1262.00;3.49;0
211;supply_node;2689.00;13.10;1257.00;6.23;0
211;supply_node;2699.00;14.15;1242.00;4.81;0
211;bunker;2747.00;13.20;1362.00;1.67;0
211;bunker;2729.00;10.75;1416.00;0.02;0
211;bunker;2792.00;10.57;1412.00;3.40;0
211;bunker;2662.00;13.20;1352.00;4.90;0
211;bunker;2672.00;11.85;1277.00;0.47;0
211;bunker;2765.00;11.50;1319.00;4.41;0
211;bunker;2727.00;12.57;1273.00;2.49;0
211;bunker;2695.00;14.40;1314.00;2.73;0
211;bunker;2727.00;11.55;1387.00;5.62;0
211;bunker;2684.00;13.93;1363.00;2.97;0
211;bunker;2669.00;11.95;1404.00;3.86;0
211;bunker;2734.00;12.73;1276.00;4.30;0
211;bunker;2690.00;12.90;1378.00;5.20;0
211;bunker;2699.00;14.20;1243.00;5.18;0
211;bunker;2714.00;13.60;1320.00;4.05;0
211;bunker;2708.00;14.00;1361.00;2.87;0
211;bunker;2730.00;11.90;1286.00;5.64;0
211;bunker;2680.00;14.28;1316.00;2.05;0
211;bunker;2746.00;12.20;1329.00;2.94;0
211;bunker;2816.00;11.70;1339.00;2.93;0
211;bunker;2775.00;11.70;1352.00;0.78;0
211;bunker;2736.00;12.88;1305.00;4.51;0
211;bunker;2692.00;15.05;1332.00;4.71;0
211;bunker;2751.00;15.60;1249.00;3.52;0
211;bunker;2765.00;15.75;1260.00;4.08;0
211;bunker;2682.00;15.15;1331.00;5.15;0
211;bunker;2797.00;10.57;1363.00;3.23;0
211;bunker;2742.00;12.05;1289.00;0.70;0
211;bunker;2701.00;11.90;1279.00;4.14;0
211;bunker;2790.00;14.23;1286.00;4.57;0
211;bunker;2720.00;13.65;1353.00;0.84;0
211;bunker;2715.00;14.32;1260.00;1.74;0
211;bunker;2672.00;10.95;1264.00;5.91;0
211;bunker;2739.00;15.10;1245.00;4.68;0
211;bunker;2688.00;13.12;1252.00;0.58;0
211;bunker;2726.00;14.85;1229.00;5.00;0
211;bunker;2722.00;14.85;1233.00;1.13;0
211;coastal_bunker;2801.00;10.30;1365.00;-3.93;0
211;coastal_bunker;2721.00;10.35;1443.00;-3.79;0
211;coastal_bunker;2775.00;9.60;1433.00;-2.51;0
211;coastal_bunker;2781.00;10.45;1390.00;-4.17;0
211;stronghold_network;2712.00;14.05;1357.00;3.46;0
211;dockyard;2746.00;10.45;1401.00;-3.79;0
211;anti_air_building;2795.00;11.48;1347.00;0.66;0
211;anti_air_building;2720.00;11.90;1387.00;3.36;0
211;anti_air_building;2682.00;14.25;1300.00;0.56;0
211;synthetic_refinery;2669.00;10.70;1267.00;5.88;0
211;fuel_silo;2751.00;13.70;1276.00;5.04;0
211;radar_station;2738.00;12.60;1332.00;4.26;0
211;nuclear_reactor_spawn;2760.00;11.50;1321.00;3.68;0
211;special_project_facility_spawn;2725.00;13.12;1321.00;3.50;0
211;special_project_facility_spawn;2762.00;11.70;1328.00;0.96;0
211;special_project_facility_spawn;2745.00;12.15;1292.00;4.66;0
211;special_project_facility_spawn;2717.00;13.68;1265.00;1.08;0
211;special_project_facility_spawn;2666.00;13.80;1331.00;0.77;0
211;special_project_facility_spawn;2687.00;13.50;1290.00;4.79;0
211;special_project_facility_spawn;2812.00;11.60;1339.00;4.12;0
211;special_project_facility_spawn;2730.00;13.65;1363.00;0.46;0
211;special_project_facility_spawn;2698.00;14.30;1364.00;6.07;0
211;special_project_facility_spawn;2696.00;14.55;1354.00;1.85;0
211;special_project_facility_spawn;2713.00;12.00;1299.00;1.97;0
211;special_project_facility_spawn;2675.00;13.70;1349.00;1.73;0
211;special_project_facility_spawn;2793.00;13.20;1314.00;4.93;0
211;special_project_facility_spawn;2713.00;12.00;1391.00;0.25;0
211;special_project_facility_spawn;2751.00;13.70;1276.00;0.29;0
211;special_project_facility_spawn;2716.00;13.95;1347.00;3.89;0
211;special_project_facility_spawn;2666.00;12.57;1308.00;1.35;0
211;special_project_facility_spawn;2767.00;11.70;1385.00;0.79;0
211;special_project_facility_spawn;2710.00;12.80;1271.00;1.91;0
211;special_project_facility_spawn;2729.00;11.05;1409.00;2.07;0
211;special_project_facility_spawn;2670.00;12.00;1394.00;2.90;0
211;special_project_facility_spawn;2691.00;12.48;1278.00;5.29;0
211;special_project_facility_spawn;2678.00;12.50;1279.00;2.77;0
211;special_project_facility_spawn;2716.00;11.90;1295.00;4.94;0
211;special_project_facility_spawn;2695.00;15.10;1340.00;4.81;0
211;special_project_facility_spawn;2760.00;14.70;1270.00;2.30;0
211;special_project_facility_spawn;2691.00;13.05;1380.00;2.56;0
211;special_project_facility_spawn;2688.00;13.18;1261.00;3.61;0
211;special_project_facility_spawn;2748.00;15.40;1249.00;2.24;0
211;special_project_facility_spawn;2778.00;10.55;1406.00;4.21;0
211;special_project_facility_spawn;2794.00;13.40;1292.00;5.04;0
211;special_project_facility_spawn;2735.00;14.70;1237.00;1.51;0
211;special_project_facility_spawn;2785.00;10.53;1375.00;5.52;0
211;special_project_facility_spawn;2719.00;14.70;1234.00;4.85;0
211;special_project_facility_spawn;2671.00;10.88;1263.00;1.75;0
211;special_project_facility_spawn;2691.00;13.70;1245.00;5.33;0
211;special_project_facility_spawn;2735.00;14.95;1227.00;2.45;0
211;naval_base_spawn;2733.00;9.85;1428.00;-3.79;4009
211;naval_base_spawn;2801.00;10.30;1365.00;-3.93;3689
211;naval_base_spawn;2784.00;10.30;1384.00;-4.17;3689
211;naval_base_spawn;2764.00;9.95;1415.00;-2.51;4009
211;floating_harbor;2787.00;9.50;1391.60;-1.03;836
211;floating_harbor;2812.00;9.50;1407.00;-1.70;1690
211;floating_harbor;2738.20;9.50;1429.60;-0.64;1890
211;floating_harbor;2801.95;9.50;1372.95;-0.79;2535
213;arms_factory;4784.00;10.30;1273.00;3.31;0
213;arms_factory;4691.00;12.60;1273.00;6.26;0
213;arms_factory;4745.00;10.95;1238.00;1.97;0
213;arms_factory;4707.00;11.20;1155.00;3.86;0
213;arms_factory;4629.00;16.40;1314.00;0.20;0
213;arms_factory;4753.00;12.82;1189.00;1.39;0
213;industrial_complex;4753.00;12.20;1298.00;3.00;0
213;industrial_complex;4724.00;12.60;1168.00;1.13;0
213;industrial_complex;4777.00;10.90;1284.00;0.12;0
213;industrial_complex;4625.00;13.12;1251.00;0.08;0
213;industrial_complex;4636.00;16.43;1315.00;3.96;0
213;industrial_complex;4653.00;15.05;1302.00;4.57;0
213;air_base;4632.00;12.35;1259.00;5.87;0
213;supply_node;4640.00;13.75;1183.00;0.38;0
213;supply_node;4607.00;14.20;1359.00;1.61;0
213;supply_node;4796.00;14.57;1324.00;1.30;0
213;supply_node;4787.00;10.70;1284.00;0.10;0
213;supply_node;4701.00;12.10;1257.00;6.04;0
213;supply_node;4725.00;11.55;1232.00;1.52;0
213;supply_node;4733.00;13.40;1302.00;3.53;0
213;supply_node;4648.00;12.25;1270.00;5.74;0
213;supply_node;4650.00;15.45;1324.00;1.57;0
213;supply_node;4666.00;14.80;1391.00;4.83;0
213;supply_node;4722.00;12.40;1163.00;5.18;0
213;supply_node;4683.00;12.45;1357.00;4.56;0
213;supply_node;4756.00;14.75;1338.00;2.57;0
213;supply_node;4719.00;15.50;1357.00;0.94;0
213;supply_node;4621.00;15.38;1301.00;3.52;0
213;supply_node;4621.00;13.55;1227.00;2.68;0
213;supply_node;4687.00;13.50;1292.00;0.92;0
213;supply_node;4661.00;10.85;1230.00;3.54;0
213;supply_node;4659.00;13.60;1141.00;2.50;0
213;supply_node;4607.00;14.10;1261.00;4.12;0
213;supply_node;4583.00;15.50;1299.00;5.24;0
213;supply_node;4680.00;10.65;1200.00;0.78;0
213;supply_node;4755.00;10.65;1279.00;2.04;0
213;supply_node;4644.00;14.30;1358.00;5.27;0
213;supply_node;4586.00;12.10;1334.00;0.92;0
213;supply_node;4699.00;15.10;1324.00;2.94;0
213;supply_node;4759.00;11.45;1247.00;5.89;0
213;supply_node;4754.00;12.05;1204.00;5.00;0
213;supply_node;4716.00;12.57;1199.00;4.28;0
213;supply_node;4606.00;13.90;1198.00;5.59;0
213;supply_node;4682.00;11.70;1164.00;3.49;0
213;bunker;4715.00;16.00;1330.00;4.44;0
213;bunker;4621.00;13.68;1212.00;4.61;0
213;bunker;4726.00;10.48;1258.00;1.67;0
213;bunker;4765.00;12.10;1313.00;0.02;0
213;bunker;4665.00;13.45;1126.00;3.40;0
213;bunker;4758.00;11.95;1308.00;4.90;0
213;bunker;4716.00;12.78;1291.00;0.47;0
213;bunker;4607.00;14.05;1324.00;4.41;0
213;bunker;4673.00;12.57;1154.00;2.49;0
213;bunker;4737.00;11.95;1214.00;2.73;0
213;bunker;4687.00;13.20;1392.00;5.62;0
213;bunker;4779.00;12.48;1314.00;2.97;0
213;bunker;4641.00;11.10;1239.00;3.86;0
213;bunker;4686.00;10.95;1214.00;4.30;0
213;bunker;4624.00;14.05;1334.00;5.20;0
213;bunker;4740.00;14.00;1363.00;5.18;0
213;bunker;4731.00;12.80;1222.00;4.05;0
213;bunker;4635.00;13.70;1164.00;2.87;0
213;bunker;4782.00;10.40;1253.00;5.64;0
213;bunker;4594.00;15.40;1311.00;2.05;0
213;bunker;4702.00;12.65;1186.00;2.94;0
213;bunker;4605.00;13.50;1206.00;2.93;0
213;bunker;4781.00;10.30;1263.00;0.78;0
213;bunker;4683.00;13.20;1352.00;4.51;0
213;bunker;4717.00;12.20;1160.00;4.71;0
213;bunker;4596.00;14.00;1244.00;3.52;0
213;bunker;4608.00;14.10;1346.00;4.08;0
213;bunker;4658.00;11.40;1258.00;5.15;0
213;bunker;4742.00;10.60;1267.00;3.23;0
213;bunker;4642.00;15.35;1300.00;0.70;0
213;bunker;4652.00;14.35;1361.00;4.14;0
213;stronghold_network;4654.00;11.12;1252.00;4.57;0
213;anti_air_building;4713.00;11.10;1262.00;0.84;0
213;anti_air_building;4723.00;11.53;1230.00;1.74;0
213;anti_air_building;4795.00;14.95;1333.00;5.91;0
213;synthetic_refinery;4695.00;12.30;1279.00;4.68;0
213;fuel_silo;4627.00;14.23;1284.00;0.58;0
213;radar_station;4695.00;12.80;1265.00;3.61;0
213;nuclear_reactor_spawn;4634.00;11.98;1248.00;1.13;0
213;special_project_facility_spawn;4606.00;13.88;1356.00;2.49;0
213;special_project_facility_spawn;4670.00;11.40;1199.00;2.78;0
213;special_project_facility_spawn;4697.00;15.50;1328.00;5.45;0
213;special_project_facility_spawn;4647.00;14.55;1378.00;3.22;0
213;special_project_facility_spawn;4583.00;11.95;1345.00;3.46;0
213;special_project_facility_spawn;4702.00;12.53;1263.00;1.49;0
213;special_project_facility_spawn;4664.00;13.20;1145.00;0.66;0
213;special_project_facility_spawn;4603.00;14.20;1254.00;3.36;0
213;special_project_facility_spawn;4674.00;12.80;1352.00;0.56;0
213;special_project_facility_spawn;4751.00;10.48;1225.00;5.88;0
213;special_project_facility_spawn;4724.00;12.25;1158.00;5.04;0
213;special_project_facility_spawn;4733.00;13.40;1302.00;0.37;0
213;special_project_facility_spawn;4679.00;11.70;1159.00;3.68;0
213;special_project_facility_spawn;4648.00;13.60;1202.00;3.50;0
213;special_project_facility_spawn;4660.00;11.15;1256.00;0.96;0
213;special_project_facility_spawn;4711.00;13.30;1295.00;4.66;0
213;special_project_facility_spawn;4783.00;15.10;1333.00;1.08;0
213;special_project_facility_spawn;4771.00;10.53;1243.00;0.77;0
213;special_project_facility_spawn;4717.00;11.98;1223.00;4.79;0
213;special_project_facility_spawn;4632.00;16.43;1318.00;4.12;0
213;special_project_facility_spawn;4622.00;15.35;1299.00;0.46;0
213;special_project_facility_spawn;4761.00;12.23;1292.00;6.07;0
213;special_project_facility_spawn;4688.00;10.55;1233.00;1.85;0
213;special_project_facility_spawn;4714.00;16.30;1352.00;1.97;0
213;special_project_facility_spawn;4746.00;12.90;1324.00;1.73;0
213;special_project_facility_spawn;4575.00;15.32;1296.00;4.93;0
213;special_project_facility_spawn;4705.00;12.55;1217.00;0.25;0
213;special_project_facility_spawn;4673.00;14.00;1383.00;0.29;0
213;special_project_facility_spawn;4629.00;13.70;1210.00;3.89;0
213;special_project_facility_spawn;4787.00;10.50;1281.00;1.35;0
213;special_project_facility_spawn;4606.00;13.60;1211.00;0.79;0
214;arms_factory;4900.00;10.90;1271.00;1.97;0
214;arms_factory;4807.00;13.57;1291.00;3.86;0
214;arms_factory;4892.00;12.15;1292.00;0.20;0
214;arms_factory;4900.00;10.88;1364.00;1.39;0
214;arms_factory;4893.00;12.70;1243.00;3.00;0
214;arms_factory;4917.00;10.75;1322.00;1.13;0
214;industrial_complex;4928.00;10.80;1291.00;0.12;0
214;industrial_complex;4852.00;12.80;1285.00;0.08;0
214;industrial_complex;4824.00;15.03;1314.00;3.96;0
214;industrial_complex;4908.00;11.20;1329.00;4.57;0
214;industrial_complex;4900.00;11.43;1339.00;5.87;0
214;industrial_complex;4937.00;10.50;1282.00;6.19;0
214;air_base;4859.00;10.60;1265.00;1.70;0
214;supply_node;4856.00;12.70;1289.00;1.30;0
214;supply_node;4895.00;12.03;1289.00;0.10;0
214;supply_node;4933.00;10.70;1231.00;6.04;0
214;supply_node;4901.00;11.55;1324.00;1.52;0
214;supply_node;4874.00;11.98;1257.00;3.53;0
214;supply_node;4838.00;14.25;1244.00;5.74;0
214;supply_node;4931.00;10.75;1291.00;1.57;0
214;supply_node;4856.00;14.23;1331.00;4.83;0
214;supply_node;4900.00;10.88;1363.00;5.18;0
214;supply_node;4823.00;13.73;1293.00;4.56;0
214;supply_node;4916.00;10.10;1262.00;2.57;0
214;supply_node;4899.00;12.05;1233.00;0.94;0
214;bunker;4848.00;12.07;1264.00;2.12;0
214;bunker;4935.00;10.80;1225.00;4.91;0
214;bunker;4863.00;11.07;1258.00;2.14;0
214;bunker;4919.00;11.00;1302.00;2.41;0
214;bunker;4870.00;12.10;1308.00;2.85;0
214;bunker;4894.00;11.43;1349.00;5.49;0
214;bunker;4845.00;14.50;1326.00;1.38;0
214;bunker;4896.00;12.20;1285.00;2.20;0
214;bunker;4932.00;10.20;1261.00;3.25;0
214;bunker;4914.00;11.00;1326.00;0.21;0
214;bunker;4834.00;11.98;1276.00;2.07;0
214;bunker;4891.00;12.35;1219.00;3.03;0
214;coastal_bunker;4933.00;10.10;1263.00;1.52;0
214;coastal_bunker;4953.00;10.30;1220.00;-4.28;0
214;coastal_bunker;4929.00;10.30;1317.00;-4.52;0
214;coastal_bunker;4913.00;10.15;1366.00;1.42;0
214;coastal_bunker;4944.00;10.20;1293.00;1.57;0
214;stronghold_network;4847.00;14.75;1332.00;4.44;0
214;dockyard;4935.00;10.10;1255.00;1.52;0
214;anti_air_building;4885.00;11.45;1359.00;1.67;0
214;anti_air_building;4898.00;11.18;1267.00;0.02;0
214;anti_air_building;4914.00;10.60;1252.00;3.40;0
214;synthetic_refinery;4905.00;10.60;1382.00;4.90;0
214;fuel_silo;4817.00;14.30;1295.00;0.47;0
214;radar_station;4879.00;12.15;1301.00;2.89;0
214;nuclear_reactor_spawn;4880.00;13.30;1244.00;2.49;0
214;special_project_facility_spawn;4912.00;11.18;1293.00;2.73;0
214;special_project_facility_spawn;4852.00;12.75;1283.00;5.62;0
214;special_project_facility_spawn;4919.00;10.90;1307.00;2.97;0
214;special_project_facility_spawn;4850.00;13.30;1351.00;3.86;0
214;special_project_facility_spawn;4891.00;12.90;1240.00;4.30;0
214;special_project_facility_spawn;4928.00;10.10;1247.00;5.20;0
214;special_project_facility_spawn;4889.00;11.98;1263.00;5.18;0
214;special_project_facility_spawn;4904.00;10.85;1355.00;4.05;0
214;special_project_facility_spawn;4844.00;14.60;1241.00;2.87;0
214;special_project_facility_spawn;4917.00;10.57;1280.00;5.64;0
214;special_project_facility_spawn;4818.00;12.85;1286.00;2.05;0
214;special_project_facility_spawn;4937.00;10.40;1276.00;2.94;0
214;naval_base_spawn;4913.00;10.25;1339.00;-4.52;4489
214;naval_base_spawn;4910.00;10.25;1368.00;1.42;4489
214;naval_base_spawn;4938.00;10.25;1252.00;-4.28;3646
214;naval_base_spawn;4942.00;10.15;1302.00;1.57;3646
214;naval_base_spawn;4933.00;10.10;1258.00;1.52;3646
214;floating_harbor;4952.36;9.50;1239.93;-1.14;630
214;floating_harbor;4928.88;9.50;1329.31;-1.38;647
214;floating_harbor;4947.00;9.50;1291.00;-1.57;888
214;floating_harbor;4935.00;9.50;1377.00;-0.94;1770
214;floating_harbor;4940.99;9.50;1260.61;-1.63;2614
216;arms_factory;4370.00;13.35;1383.00;3.00;0
216;arms_factory;4384.00;12.85;1160.00;1.13;0
216;arms_factory;4342.00;12.48;1345.00;0.12;0
216;arms_factory;4047.00;10.45;1292.00;0.08;0
216;arms_factory;3997.00;10.40;1220.00;3.96;0
216;arms_factory;3959.00;11.95;1234.00;4.57;0
216;industrial_complex;4328.00;12.85;1225.00;5.87;0
216;industrial_complex;3998.00;10.78;1344.00;6.19;0
216;industrial_complex;4097.00;14.75;1124.00;1.70;0
216;industrial_complex;4380.00;11.80;1114.00;0.23;0
216;industrial_complex;4339.00;11.93;1377.00;2.86;0
216;industrial_complex;4361.00;11.20;1421.00;0.74;0
216;air_base;4386.00;14.15;1379.00;5.65;0
216;supply_node;3914.00;13.20;1214.00;3.53;0
216;supply_node;3964.00;10.10;1378.00;5.74;0
216;supply_node;4228.00;12.53;1233.00;1.57;0
216;supply_node;4160.00;11.48;1301.00;4.83;0
216;supply_node;4098.00;15.03;1197.00;5.18;0
216;supply_node;4247.00;11.40;1160.00;4.56;0
216;supply_node;4300.00;11.60;1174.00;2.57;0
216;supply_node;4394.00;15.90;1319.00;0.94;0
216;supply_node;3970.00;11.50;1226.00;3.52;0
216;supply_node;4256.00;12.57;1310.00;2.68;0
216;supply_node;4279.00;11.75;1265.00;0.92;0
216;supply_node;4213.00;12.30;1144.00;3.54;0
216;supply_node;4014.00;10.10;1218.00;2.50;0
216;supply_node;4215.00;13.00;1331.00;4.12;0
216;supply_node;4153.00;12.00;1157.00;5.24;0
216;supply_node;4002.00;10.40;1347.00;0.78;0
216;supply_node;4241.00;12.60;1278.00;2.04;0
216;supply_node;4346.00;13.65;1317.00;5.27;0
216;supply_node;4084.00;11.10;1240.00;0.92;0
216;supply_node;4375.00;11.90;1214.00;2.94;0
216;supply_node;4166.00;12.65;1207.00;5.89;0
216;supply_node;4441.00;11.75;1232.00;5.00;0
216;supply_node;4339.00;12.00;1273.00;4.28;0
216;supply_node;4277.00;11.15;1381.00;5.59;0
216;supply_node;4303.00;11.70;1318.00;3.49;0
216;supply_node;4345.00;11.85;1148.00;6.23;0
216;supply_node;4006.00;10.70;1306.00;4.81;0
216;supply_node;4312.00;13.10;1243.00;6.01;0
216;supply_node;4377.00;14.10;1365.00;4.46;0
216;supply_node;4079.00;10.45;1289.00;0.18;0
216;supply_node;4043.00;10.50;1320.00;5.46;0
216;supply_node;4365.00;12.60;1403.00;0.62;0
216;supply_node;3964.00;11.98;1287.00;2.89;0
216;supply_node;4266.00;13.00;1196.00;0.40;0
216;supply_node;4134.00;12.30;1238.00;0.58;0
216;supply_node;4311.00;12.90;1354.00;5.94;0
216;supply_node;4116.00;10.10;1273.00;3.42;0
216;supply_node;4376.00;13.50;1162.00;2.95;0
216;supply_node;3943.00;12.20;1256.00;3.49;0
216;supply_node;4342.00;12.80;1199.00;5.05;0
216;supply_node;4165.00;11.10;1265.00;4.90;0
216;supply_node;4230.00;12.95;1196.00;4.03;0
216;supply_node;4338.00;11.10;1424.00;5.21;0
216;supply_node;4276.00;12.50;1343.00;2.06;0
216;supply_node;4000.00;10.20;1258.00;0.37;0
216;supply_node;4381.00;11.38;1261.00;3.83;0
216;supply_node;4168.00;10.40;1345.00;4.67;0
216;supply_node;4043.00;10.53;1281.00;2.95;0
216;supply_node;4329.00;10.75;1452.00;6.16;0
216;supply_node;4303.00;12.25;1394.00;2.58;0
216;supply_node;4198.00;12.10;1191.00;3.57;0
216;supply_node;4363.00;11.70;1115.00;0.97;0
216;supply_node;4079.00;14.57;1167.00;0.55;0
216;supply_node;4404.00;12.53;1186.00;4.61;0
216;supply_node;4304.00;13.60;1208.00;0.53;0
216;supply_node;4207.00;12.85;1263.00;4.13;0
216;supply_node;4241.00;11.35;1351.00;4.44;0
216;supply_node;3965.00;11.50;1325.00;3.98;0
216;supply_node;4106.00;14.60;1143.00;0.06;0
216;supply_node;4045.00;10.75;1237.00;5.17;0
216;supply_node;4406.00;12.45;1231.00;0.40;0
216;supply_node;4052.00;11.23;1197.00;3.43;0
216;supply_node;4338.00;11.85;1384.00;3.61;0
216;supply_node;4187.00;10.90;1355.00;4.56;0
216;supply_node;4347.00;12.78;1350.00;3.44;0
216;supply_node;4199.00;13.20;1302.00;3.33;0
216;supply_node;4374.00;14.10;1293.00;2.21;0
216;supply_node;4305.00;11.30;1287.00;2.77;0
216;supply_node;4349.00;10.80;1239.00;3.57;0
216;supply_node;4264.00;12.75;1234.00;4.99;0
216;supply_node;4187.00;11.95;1232.00;4.27;0
216;supply_node;4436.00;13.00;1195.00;2.41;0
216;supply_node;4182.00;12.70;1161.00;4.84;0
216;supply_node;4277.00;11.70;1144.00;1.14;0
216;supply_node;4314.00;11.40;1142.00;5.50;0
216;supply_node;4130.00;13.70;1197.00;4.26;0
216;bunker;4248.00;12.50;1190.00;3.68;0
216;bunker;4260.00;11.75;1351.00;3.50;0
216;bunker;4248.00;12.30;1264.00;0.96;0
216;bunker;4112.00;11.40;1249.00;4.66;0
216;bunker;4082.00;13.95;1209.00;1.08;0
216;bunker;4260.00;11.55;1353.00;0.77;0
216;bunker;4393.00;12.60;1177.00;4.79;0
216;bunker;4043.00;10.50;1321.00;4.12;0
216;bunker;4000.00;10.20;1215.00;0.46;0
216;bunker;4326.00;10.55;1436.00;6.07;0
216;bunker;3904.00;13.12;1191.00;1.85;0
216;bunker;4063.00;12.20;1211.00;1.97;0
216;bunker;4380.00;14.25;1368.00;1.73;0
216;bunker;4148.00;10.70;1273.00;4.93;0
216;bunker;3943.00;12.40;1233.00;0.25;0
216;bunker;4309.00;11.70;1314.00;0.29;0
216;bunker;4406.00;15.38;1314.00;3.89;0
216;bunker;4259.00;10.90;1136.00;1.35;0
216;bunker;4372.00;13.60;1139.00;0.79;0
216;bunker;4207.00;14.60;1119.00;1.91;0
216;bunker;4230.00;12.53;1252.00;2.07;0
216;bunker;4225.00;13.62;1322.00;2.90;0
216;bunker;4079.00;10.35;1258.00;5.29;0
216;bunker;4400.00;11.10;1248.00;2.77;0
216;bunker;4058.00;10.30;1280.00;4.94;0
216;bunker;4258.00;12.50;1300.00;4.81;0
216;bunker;4293.00;12.53;1370.00;2.30;0
216;bunker;3988.00;10.90;1336.00;2.56;0
216;bunker;4427.00;12.82;1243.00;3.61;0
216;bunker;4084.00;10.30;1268.00;2.24;0
216;bunker;4059.00;10.60;1254.00;4.21;0
216;bunker;4333.00;11.40;1144.00;5.04;0
216;bunker;4144.00;12.60;1152.00;1.51;0
216;bunker;4321.00;10.57;1457.00;5.52;0
216;bunker;4150.00;10.90;1305.00;4.85;0
216;bunker;4325.00;12.60;1330.00;1.75;0
216;bunker;4187.00;12.10;1281.00;5.33;0
216;bunker;4100.00;14.65;1124.00;2.45;0
216;bunker;4191.00;12.40;1208.00;0.35;0
216;bunker;4005.00;10.85;1310.00;0.92;0
216;bunker;4364.00;12.05;1119.00;0.13;0
216;bunker;4365.00;10.90;1249.00;5.60;0
216;bunker;4353.00;13.12;1363.00;1.48;0
216;bunker;4323.00;11.90;1177.00;3.97;0
216;bunker;4338.00;13.05;1200.00;3.71;0
216;bunker;3964.00;10.60;1356.00;2.23;0
216;bunker;3979.00;11.40;1239.00;0.90;0
216;bunker;4002.00;10.10;1245.00;4.16;0
216;bunker;4361.00;11.70;1214.00;2.59;0
216;bunker;4321.00;12.30;1265.00;3.25;0
216;bunker;4290.00;13.30;1231.00;5.82;0
216;bunker;4131.00;11.70;1250.00;1.95;0
216;bunker;4298.00;11.20;1147.00;1.12;0
216;bunker;4275.00;11.60;1275.00;2.22;0
216;bunker;4244.00;13.40;1207.00;4.43;0
216;bunker;4365.00;13.03;1285.00;1.00;0
216;bunker;4182.00;12.28;1202.00;1.07;0
216;bunker;4279.00;11.25;1384.00;5.38;0
216;bunker;4355.00;11.10;1250.00;5.30;0
216;bunker;4246.00;10.80;1146.00;2.88;0
216;bunker;4214.00;12.30;1259.00;2.82;0
216;bunker;4306.00;12.85;1250.00;1.95;0
216;bunker;4070.00;13.98;1176.00;3.42;0
216;bunker;3947.00;11.65;1286.00;5.65;0
216;bunker;4187.00;11.70;1253.00;5.51;0
216;bunker;4287.00;10.80;1407.00;4.66;0
216;bunker;4357.00;12.03;1412.00;4.78;0
216;bunker;4174.00;11.48;1173.00;5.65;0
216;bunker;4285.00;13.60;1221.00;2.11;0
216;bunker;4004.00;10.30;1351.00;3.73;0
216;bunker;4345.00;12.30;1378.00;2.88;0
216;bunker;4428.00;13.30;1185.00;5.27;0
216;bunker;4301.00;11.43;1278.00;2.98;0
216;bunker;4191.00;12.28;1342.00;3.30;0
216;bunker;4168.00;10.45;1349.00;3.09;0
216;bunker;4132.00;13.30;1196.00;0.67;0
216;coastal_bunker;4325.00;10.20;1464.00;-3.86;0
216;coastal_bunker;3981.00;10.20;1398.00;-4.01;0
216;coastal_bunker;4157.00;9.85;1377.00;-3.07;0
216;coastal_bunker;4028.00;10.10;1347.00;-4.44;0
216;coastal_bunker;4064.00;10.10;1325.00;-4.05;0
216;coastal_bunker;4159.00;10.30;1325.00;-2.23;0
216;coastal_bunker;4113.00;10.25;1291.00;-3.19;0
216;coastal_bunker;4264.00;9.50;1388.00;-2.21;0
216;coastal_bunker;4300.00;9.95;1413.00;-2.88;0
216;coastal_bunker;4166.00;9.60;1355.00;-1.77;0
216;coastal_bunker;4240.00;10.40;1361.00;-2.99;0
216;coastal_bunker;4084.00;10.10;1301.00;-3.20;0
216;coastal_bunker;4324.00;9.95;1426.00;-1.57;0
216;stronghold_network;4255.00;12.25;1268.00;4.60;0
216;dockyard;4083.00;10.10;1301.00;-3.20;0
216;anti_air_building;4316.00;12.32;1184.00;4.42;0
216;anti_air_building;4282.00;11.95;1303.00;0.28;0
216;anti_air_building;3992.00;11.25;1330.00;1.17;0
216;synthetic_refinery;3898.00;12.40;1217.00;0.01;0
216;fuel_silo;4146.00;12.70;1152.00;2.36;0
216;radar_station;4173.00;11.65;1280.00;2.67;0
216;nuclear_reactor_spawn;3940.00;12.85;1270.00;1.90;0
216;special_project_facility_spawn;4021.00;10.65;1316.00;4.99;0
216;special_project_facility_spawn;4215.00;12.00;1161.00;3.27;0
216;special_project_facility_spawn;3981.00;10.30;1392.00;3.56;0
216;special_project_facility_spawn;4061.00;10.50;1269.00;0.23;0
216;special_project_facility_spawn;3956.00;12.20;1250.00;1.77;0
216;special_project_facility_spawn;4374.00;10.60;1246.00;1.38;0
216;special_project_facility_spawn;4341.00;12.25;1263.00;5.09;0
216;special_project_facility_spawn;4269.00;11.45;1157.00;0.27;0
216;special_project_facility_spawn;4022.00;10.30;1250.00;0.40;0
216;special_project_facility_spawn;4269.00;12.80;1243.00;0.06;0
216;special_project_facility_spawn;4347.00;13.60;1338.00;3.26;0
216;special_project_facility_spawn;4334.00;13.20;1198.00;0.19;0
216;special_project_facility_spawn;4357.00;13.10;1140.00;1.26;0
216;special_project_facility_spawn;4372.00;14.60;1344.00;5.27;0
216;special_project_facility_spawn;4401.00;13.05;1168.00;5.95;0
216;special_project_facility_spawn;3964.00;11.45;1234.00;4.92;0
216;special_project_facility_spawn;4248.00;12.65;1280.00;2.39;0
216;special_project_facility_spawn;4189.00;12.15;1218.00;3.37;0
216;special_project_facility_spawn;4344.00;13.80;1300.00;3.68;0
216;special_project_facility_spawn;4194.00;13.10;1298.00;1.20;0
216;special_project_facility_spawn;4360.00;12.00;1120.00;2.58;0
216;special_project_facility_spawn;4158.00;11.70;1251.00;2.29;0
216;special_project_facility_spawn;4235.00;11.18;1167.00;1.09;0
216;special_project_facility_spawn;3928.00;13.10;1238.00;1.16;0
216;special_project_facility_spawn;4189.00;12.88;1149.00;0.00;0
216;special_project_facility_spawn;4051.00;10.95;1229.00;6.26;0
216;special_project_facility_spawn;4293.00;11.65;1262.00;0.09;0
216;special_project_facility_spawn;4194.00;12.88;1269.00;2.71;0
216;special_project_facility_spawn;3958.00;11.70;1335.00;1.56;0
216;special_project_facility_spawn;4342.00;11.65;1247.00;1.31;0
216;special_project_facility_spawn;4395.00;15.62;1324.00;1.65;0
216;special_project_facility_spawn;3939.00;11.20;1304.00;0.08;0
216;special_project_facility_spawn;4302.00;11.95;1396.00;1.99;0
216;special_project_facility_spawn;4381.00;14.80;1305.00;3.52;0
216;special_project_facility_spawn;4408.00;12.30;1207.00;0.03;0
216;special_project_facility_spawn;4299.00;12.28;1347.00;5.86;0
216;special_project_facility_spawn;4246.00;13.20;1216.00;4.49;0
216;special_project_facility_spawn;4363.00;11.30;1225.00;1.89;0
216;special_project_facility_spawn;4053.00;10.35;1307.00;5.52;0
216;special_project_facility_spawn;4299.00;12.90;1246.00;6.16;0
216;special_project_facility_spawn;4286.00;11.70;1169.00;2.28;0
216;special_project_facility_spawn;4239.00;13.05;1246.00;6.03;0
216;special_project_facility_spawn;4016.00;10.10;1229.00;4.39;0
216;special_project_facility_spawn;4448.00;13.50;1192.00;3.36;0
216;special_project_facility_spawn;4279.00;12.80;1194.00;2.62;0
216;special_project_facility_spawn;4163.00;11.18;1313.00;4.79;0
216;special_project_facility_spawn;4248.00;13.85;1328.00;0.94;0
216;special_project_facility_spawn;4333.00;10.70;1419.00;1.21;0
216;special_project_facility_spawn;4134.00;12.30;1232.00;3.46;0
216;special_project_facility_spawn;4191.00;11.95;1182.00;5.87;0
216;special_project_facility_spawn;4081.00;14.45;1196.00;3.39;0
216;special_project_facility_spawn;4301.00;13.50;1211.00;1.39;0
216;special_project_facility_spawn;4069.00;13.45;1198.00;3.93;0
216;special_project_facility_spawn;4167.00;10.75;1335.00;2.09;0
216;special_project_facility_spawn;4362.00;13.90;1161.00;3.63;0
216;special_project_facility_spawn;4072.00;13.98;1180.00;0.22;0
216;special_project_facility_spawn;4203.00;10.60;1360.00;2.10;0
216;special_project_facility_spawn;4326.00;10.60;1445.00;4.76;0
216;special_project_facility_spawn;4265.00;10.70;1368.00;1.54;0
216;special_project_facility_spawn;4308.00;11.25;1284.00;5.49;0
216;special_project_facility_spawn;4162.00;12.50;1218.00;2.40;0
216;special_project_facility_spawn;4115.00;13.93;1132.00;6.04;0
216;special_project_facility_spawn;4341.00;11.50;1395.00;2.05;0
216;special_project_facility_spawn;3994.00;10.60;1367.00;5.91;0
216;special_project_facility_spawn;4080.00;12.40;1226.00;1.21;0
216;special_project_facility_spawn;4361.00;11.30;1419.00;5.98;0
216;special_project_facility_spawn;4213.00;12.12;1338.00;6.18;0
216;special_project_facility_spawn;4092.00;10.57;1275.00;2.62;0
216;special_project_facility_spawn;4437.00;11.40;1225.00;6.13;0
216;special_project_facility_spawn;4315.00;11.40;1157.00;3.83;0
216;special_project_facility_spawn;4291.00;11.90;1337.00;1.42;0
216;special_project_facility_spawn;4290.00;11.12;1313.00;1.72;0
216;special_project_facility_spawn;4079.00;10.50;1269.00;0.84;0
216;special_project_facility_spawn;4260.00;11.55;1353.00;6.16;0
216;special_project_facility_spawn;4142.00;12.80;1155.00;1.27;0
216;special_project_facility_spawn;4135.00;12.95;1197.00;0.48;0
216;naval_base_spawn;4347.00;10.30;1458.00;-3.86;3675
216;naval_base_spawn;3986.00;10.20;1394.00;-4.01;3720
216;naval_base_spawn;4051.00;10.20;1331.00;-4.05;4032
216;naval_base_spawn;4185.00;10.30;1367.00;-3.07;3691
216;naval_base_spawn;4103.00;10.30;1296.00;-4.28;4478
216;naval_base_spawn;4131.00;10.00;1299.00;-2.23;4478
216;naval_base_spawn;4325.00;10.30;1422.00;-1.57;3787
216;naval_base_spawn;4164.00;9.60;1339.00;-1.77;4478
216;naval_base_spawn;4264.00;10.45;1371.00;-2.21;4473
216;naval_base_spawn;4113.00;9.50;1293.00;-3.19;4478
216;naval_base_spawn;4008.00;10.10;1362.00;-3.23;3720
216;naval_base_spawn;4312.00;10.30;1414.00;-2.88;3787
216;naval_base_spawn;4260.00;10.45;1367.00;-2.99;4473
216;floating_harbor;3988.35;9.50;1398.51;-0.87;41
216;floating_harbor;4141.45;9.50;1315.27;0.92;89
216;floating_harbor;4026.74;9.50;1353.87;-1.30;421
216;floating_harbor;4263.40;9.50;1391.20;0.93;595
216;floating_harbor;4080.39;9.50;1313.99;-0.06;833
216;floating_harbor;4057.53;9.50;1331.30;-0.91;857
216;floating_harbor;4117.32;9.50;1301.99;-0.05;1057
216;floating_harbor;4315.00;9.50;1424.00;1.57;1329
216;floating_harbor;4156.14;9.50;1347.37;1.37;1437
216;floating_harbor;4340.61;9.50;1465.27;-0.72;1527
216;floating_harbor;4296.22;9.50;1419.77;0.26;1532
216;floating_harbor;4237.94;9.50;1370.92;0.15;1758
216;floating_harbor;4185.50;9.50;1375.98;0.07;2544
218;arms_factory;3079.00;13.45;1267.00;3.96;0
218;arms_factory;3062.00;12.00;1069.00;4.57;0
218;arms_factory;3162.00;13.50;1250.00;5.87;0
218;arms_factory;2994.00;12.15;1225.00;6.19;0
218;arms_factory;3022.00;13.62;1254.00;1.70;0
218;arms_factory;3078.00;14.20;1167.00;0.23;0
218;industrial_complex;3142.00;14.95;1208.00;2.86;0
218;industrial_complex;3158.00;13.30;1251.00;0.74;0
218;industrial_complex;3148.00;11.50;1108.00;5.65;0
218;industrial_complex;3103.00;13.80;1151.00;4.49;0
218;industrial_complex;3156.00;14.98;1222.00;5.00;0
218;industrial_complex;3069.00;13.60;1154.00;1.43;0
218;air_base;3176.00;12.28;1263.00;0.01;0
218;supply_node;3007.00;13.20;1147.00;5.18;0
218;supply_node;3077.00;13.90;1282.00;4.56;0
218;supply_node;2992.00;14.95;1286.00;2.57;0
218;supply_node;3006.00;12.38;1247.00;0.94;0
218;supply_node;3091.00;10.73;1220.00;3.52;0
218;supply_node;2988.00;10.75;1213.00;2.68;0
218;supply_node;3060.00;13.45;1190.00;0.92;0
218;supply_node;3130.00;11.50;1107.00;3.54;0
218;supply_node;3132.00;13.00;1129.00;2.50;0
218;supply_node;3012.00;15.45;1196.00;4.12;0
218;supply_node;3042.00;12.70;1260.00;5.24;0
218;supply_node;3053.00;11.48;1343.00;0.78;0
218;supply_node;3205.00;12.35;1192.00;2.04;0
218;supply_node;3153.00;13.82;1196.00;5.27;0
218;supply_node;2970.00;10.30;1242.00;0.92;0
218;supply_node;3150.00;13.70;1156.00;2.94;0
218;supply_node;3009.00;13.18;1107.00;5.89;0
218;supply_node;3179.00;14.00;1240.00;5.00;0
218;supply_node;3122.00;13.60;1290.00;4.28;0
218;supply_node;3097.00;14.85;1164.00;5.59;0
218;supply_node;3040.00;12.80;1092.00;3.49;0
218;supply_node;3022.00;13.75;1078.00;6.23;0
218;supply_node;3038.00;12.70;1116.00;4.81;0
218;supply_node;3041.00;14.35;1305.00;6.01;0
218;supply_node;3079.00;10.93;1136.00;4.46;0
218;supply_node;3177.00;11.95;1132.00;0.18;0
218;supply_node;3116.00;13.60;1185.00;5.46;0
218;supply_node;3050.00;13.70;1145.00;0.62;0
218;supply_node;3073.00;14.23;1161.00;2.89;0
218;supply_node;2975.00;10.90;1192.00;0.40;0
218;supply_node;3087.00;10.60;1114.00;0.58;0
218;supply_node;3063.00;12.70;1119.00;5.94;0
218;supply_node;3164.00;11.43;1105.00;3.42;0
218;supply_node;3185.00;12.45;1164.00;2.95;0
218;supply_node;3057.00;12.40;1077.00;3.49;0
218;supply_node;3086.00;11.45;1091.00;5.05;0
218;supply_node;3138.00;13.95;1232.00;4.90;0
218;supply_node;3108.00;11.12;1254.00;4.03;0
218;supply_node;3109.00;10.53;1089.00;5.21;0
218;supply_node;3029.00;12.50;1161.00;2.06;0
218;supply_node;2984.00;12.70;1137.00;0.37;0
218;supply_node;3061.00;12.30;1097.00;3.83;0
218;supply_node;3039.00;12.80;1074.00;4.67;0
218;supply_node;3009.00;13.40;1320.00;2.95;0
218;supply_node;3212.00;12.85;1231.00;6.16;0
218;supply_node;3055.00;12.95;1226.00;2.58;0
218;supply_node;3024.00;14.48;1215.00;3.57;0
218;supply_node;3025.00;13.12;1180.00;0.97;0
218;supply_node;2996.00;12.55;1178.00;0.55;0
218;supply_node;2985.00;12.25;1161.00;4.61;0
218;supply_node;3120.00;13.65;1150.00;0.53;0
218;supply_node;3027.00;13.20;1135.00;4.13;0
218;supply_node;3103.00;11.90;1133.00;4.44;0
218;supply_node;3156.00;12.50;1131.00;3.98;0
218;supply_node;3005.00;13.73;1125.00;0.06;0
218;supply_node;3109.00;11.00;1113.00;5.17;0
218;supply_node;3024.00;12.85;1101.00;0.40;0
218;supply_node;3009.00;13.40;1088.00;3.43;0
218;bunker;3189.00;13.40;1188.00;5.00;0
218;bunker;3012.00;13.07;1228.00;1.13;0
218;bunker;3101.00;12.80;1276.00;2.49;0
218;bunker;3170.00;12.53;1154.00;2.78;0
218;bunker;3212.00;12.90;1238.00;5.45;0
218;bunker;3073.00;13.20;1182.00;3.22;0
218;bunker;3101.00;11.20;1202.00;3.46;0
218;bunker;3159.00;13.60;1177.00;1.49;0
218;bunker;3048.00;12.60;1091.00;0.66;0
218;bunker;3014.00;14.95;1294.00;3.36;0
218;bunker;2987.00;12.70;1156.00;0.56;0
218;bunker;3191.00;12.95;1180.00;5.88;0
218;bunker;2964.00;10.40;1240.00;5.04;0
218;bunker;3001.00;12.80;1222.00;0.37;0
218;bunker;3022.00;14.20;1288.00;3.68;0
218;bunker;3062.00;13.73;1266.00;3.50;0
218;bunker;3007.00;13.40;1322.00;0.96;0
218;bunker;3072.00;11.88;1341.00;4.66;0
218;bunker;3168.00;10.80;1096.00;1.08;0
218;bunker;3108.00;11.23;1255.00;0.77;0
218;bunker;3109.00;10.95;1114.00;4.79;0
218;bunker;3019.00;12.55;1169.00;4.12;0
218;bunker;3095.00;10.88;1101.00;0.46;0
218;bunker;3043.00;12.60;1079.00;6.07;0
218;bunker;3154.00;13.50;1144.00;1.85;0
218;bunker;3178.00;12.60;1143.00;1.97;0
218;bunker;3015.00;13.70;1097.00;1.73;0
218;bunker;3173.00;14.15;1238.00;4.93;0
218;bunker;3048.00;13.80;1155.00;0.25;0
218;bunker;3064.00;13.98;1170.00;0.29;0
218;bunker;3036.00;14.50;1205.00;3.89;0
218;bunker;3030.00;13.15;1121.00;1.35;0
218;bunker;3139.00;12.80;1288.00;0.79;0
218;bunker;2997.00;13.90;1133.00;1.91;0
218;bunker;3123.00;12.40;1192.00;2.07;0
218;bunker;3132.00;13.30;1139.00;2.90;0
218;bunker;2985.00;12.60;1139.00;5.29;0
218;bunker;3058.00;12.40;1098.00;2.77;0
218;bunker;3032.00;13.60;1150.00;4.94;0
218;bunker;3065.00;13.30;1220.00;4.81;0
218;bunker;3074.00;12.45;1142.00;2.30;0
218;bunker;3158.00;13.20;1235.00;2.56;0
218;bunker;3103.00;11.10;1100.00;3.61;0
218;bunker;3100.00;13.35;1149.00;2.24;0
218;bunker;2992.00;13.30;1147.00;4.21;0
218;bunker;3031.00;13.30;1130.00;5.04;0
218;bunker;3100.00;12.70;1141.00;1.51;0
218;bunker;3130.00;11.85;1116.00;5.52;0
218;bunker;3129.00;13.55;1146.00;4.85;0
218;bunker;3070.00;11.35;1118.00;1.75;0
218;bunker;3017.00;14.00;1085.00;5.33;0
218;bunker;3095.00;10.48;1114.00;2.45;0
218;bunker;3006.00;13.50;1113.00;0.35;0
218;bunker;3007.00;14.10;1207.00;0.92;0
218;bunker;3054.00;12.57;1085.00;0.13;0
218;bunker;2987.00;11.55;1175.00;5.60;0
218;bunker;2974.00;11.80;1178.00;1.48;0
218;bunker;3017.00;14.00;1090.00;3.97;0
218;stronghold_network;3121.00;11.65;1198.00;3.71;0
218;anti_air_building;3128.00;12.23;1243.00;2.23;0
218;anti_air_building;3050.00;12.75;1258.00;0.90;0
218;anti_air_building;3144.00;13.30;1167.00;4.16;0
218;synthetic_refinery;3033.00;13.18;1259.00;2.59;0
218;fuel_silo;3002.00;13.65;1196.00;3.25;0
218;radar_station;3096.00;10.55;1218.00;5.43;0
218;nuclear_reactor_spawn;3164.00;13.75;1247.00;1.95;0
218;special_project_facility_spawn;3141.00;14.90;1211.00;1.12;0
218;special_project_facility_spawn;3065.00;13.60;1260.00;2.22;0
218;special_project_facility_spawn;3151.00;15.30;1223.00;4.43;0
218;special_project_facility_spawn;3029.00;12.55;1113.00;1.00;0
218;special_project_facility_spawn;3131.00;13.98;1151.00;1.07;0
218;special_project_facility_spawn;3059.00;13.60;1125.00;5.38;0
218;special_project_facility_spawn;2996.00;13.95;1318.00;5.30;0
218;special_project_facility_spawn;3170.00;12.20;1120.00;2.88;0
218;special_project_facility_spawn;3078.00;13.40;1266.00;2.82;0
218;special_project_facility_spawn;3014.00;13.10;1152.00;1.95;0
218;special_project_facility_spawn;3042.00;13.98;1151.00;3.42;0
218;special_project_facility_spawn;3106.00;10.45;1083.00;5.65;0
218;special_project_facility_spawn;3067.00;11.35;1349.00;5.51;0
218;special_project_facility_spawn;3034.00;14.57;1207.00;4.66;0
218;special_project_facility_spawn;3134.00;14.90;1160.00;4.78;0
218;special_project_facility_spawn;3195.00;12.40;1255.00;5.65;0
218;special_project_facility_spawn;3142.00;11.80;1113.00;2.11;0
218;special_project_facility_spawn;3024.00;14.40;1312.00;3.73;0
218;special_project_facility_spawn;2995.00;12.85;1161.00;2.88;0
218;special_project_facility_spawn;3008.00;13.30;1115.00;5.27;0
218;special_project_facility_spawn;3116.00;12.40;1315.00;2.98;0
218;special_project_facility_spawn;3023.00;13.85;1088.00;3.30;0
218;special_project_facility_spawn;3106.00;10.53;1208.00;3.09;0
218;special_project_facility_spawn;3113.00;11.00;1204.00;0.67;0
218;special_project_facility_spawn;3096.00;15.50;1171.00;2.46;0
218;special_project_facility_spawn;3049.00;13.40;1174.00;4.30;0
218;special_project_facility_spawn;3002.00;13.18;1188.00;4.63;0
218;special_project_facility_spawn;3085.00;10.60;1117.00;4.93;0
218;special_project_facility_spawn;3011.00;12.53;1232.00;2.54;0
218;special_project_facility_spawn;3107.00;11.23;1253.00;3.67;0
218;special_project_facility_spawn;3031.00;12.35;1102.00;2.70;0
218;special_project_facility_spawn;3048.00;12.80;1105.00;0.12;0
218;special_project_facility_spawn;2995.00;15.05;1285.00;5.89;0
218;special_project_facility_spawn;3147.00;12.10;1118.00;5.79;0
218;special_project_facility_spawn;3075.00;13.70;1176.00;3.27;0
218;special_project_facility_spawn;3038.00;13.68;1154.00;1.16;0
218;special_project_facility_spawn;2998.00;12.57;1209.00;2.34;0
218;special_project_facility_spawn;3027.00;13.70;1146.00;4.60;0
218;special_project_facility_spawn;2973.00;11.05;1194.00;5.62;0
218;special_project_facility_spawn;3132.00;12.95;1128.00;4.42;0
218;special_project_facility_spawn;3043.00;11.65;1227.00;0.28;0
218;special_project_facility_spawn;2978.00;11.18;1246.00;1.17;0
218;special_project_facility_spawn;3069.00;13.00;1136.00;0.01;0
218;special_project_facility_spawn;3067.00;11.55;1103.00;2.36;0
218;special_project_facility_spawn;2992.00;13.73;1131.00;5.96;0
218;special_project_facility_spawn;3118.00;11.70;1122.00;1.90;0
218;special_project_facility_spawn;3037.00;13.20;1187.00;4.99;0
218;special_project_facility_spawn;3193.00;13.10;1184.00;3.27;0
218;special_project_facility_spawn;3196.00;12.53;1172.00;3.56;0
218;special_project_facility_spawn;3156.00;11.40;1108.00;0.23;0
218;special_project_facility_spawn;3219.00;12.30;1218.00;1.77;0
218;special_project_facility_spawn;3056.00;12.05;1072.00;1.38;0
218;special_project_facility_spawn;2987.00;11.30;1184.00;5.09;0
218;special_project_facility_spawn;3041.00;12.70;1074.00;0.27;0
218;special_project_facility_spawn;3084.00;10.90;1103.00;0.40;0
218;special_project_facility_spawn;3008.00;13.40;1118.00;0.06;0
218;special_project_facility_spawn;3018.00;13.95;1091.00;3.26;0
218;special_project_facility_spawn;3099.00;12.70;1141.00;0.19;0
220;arms_factory;2624.00;11.80;1227.00;1.70;0
220;arms_factory;2684.00;12.95;1217.00;0.23;0
220;arms_factory;2680.00;12.70;1216.00;2.86;0
220;arms_factory;2653.00;11.65;1239.00;0.74;0
220;arms_factory;2667.00;11.50;1236.00;5.65;0
220;arms_factory;2647.00;11.70;1243.00;4.49;0
220;industrial_complex;2686.00;13.55;1238.00;5.00;0
220;industrial_complex;2616.00;12.80;1225.00;1.43;0
220;industrial_complex;2669.00;10.70;1249.00;0.01;0
220;industrial_complex;2661.00;10.60;1251.00;0.04;0
220;industrial_complex;2611.00;13.05;1251.00;0.18;0
220;industrial_complex;2610.00;13.68;1234.00;0.14;0
220;air_base;2660.00;11.65;1193.00;5.69;0
220;supply_node;2656.00;10.70;1229.00;3.52;0
220;supply_node;2635.00;11.10;1216.00;2.68;0
220;supply_node;2675.00;11.75;1221.00;0.92;0
220;supply_node;2607.00;13.65;1247.00;3.54;0
220;supply_node;2641.00;11.45;1253.00;2.50;0
220;supply_node;2654.00;10.82;1269.00;4.12;0
220;supply_node;2659.00;11.48;1195.00;5.24;0
220;supply_node;2604.00;14.20;1229.00;0.78;0
220;supply_node;2685.00;13.50;1235.00;2.04;0
220;supply_node;2659.00;10.57;1250.00;5.27;0
220;supply_node;2624.00;11.45;1248.00;0.92;0
220;supply_node;2656.00;10.57;1211.00;2.94;0
220;supply_node;2673.00;11.35;1245.00;5.89;0
220;supply_node;2638.00;11.07;1235.00;5.00;0
220;supply_node;2620.00;12.50;1229.00;4.28;0
220;bunker;2654.00;10.40;1259.00;4.45;0
220;bunker;2652.00;10.35;1258.00;1.70;0
220;bunker;2601.00;13.15;1245.00;4.44;0
220;bunker;2633.00;10.90;1229.00;4.61;0
220;bunker;2651.00;10.88;1251.00;1.67;0
220;bunker;2683.00;12.80;1219.00;0.02;0
220;bunker;2632.00;10.90;1212.00;3.40;0
220;bunker;2624.00;11.70;1228.00;4.90;0
220;bunker;2681.00;12.93;1236.00;0.47;0
220;bunker;2628.00;10.88;1246.00;4.41;0
220;bunker;2648.00;10.45;1211.00;2.49;0
220;bunker;2644.00;10.53;1225.00;2.73;0
220;bunker;2672.00;11.00;1248.00;5.62;0
220;bunker;2658.00;12.00;1189.00;2.97;0
220;bunker;2612.00;13.50;1230.00;3.86;0
220;stronghold_network;2631.00;10.95;1226.00;4.30;0
220;anti_air_building;2628.00;11.15;1218.00;5.20;0
220;anti_air_building;2661.00;11.00;1205.00;5.18;0
220;anti_air_building;2619.00;12.60;1247.00;4.05;0
220;synthetic_refinery;2642.00;11.43;1253.00;2.87;0
220;fuel_silo;2602.00;13.00;1248.00;5.64;0
220;radar_station;2645.00;11.20;1232.00;0.37;0
220;nuclear_reactor_spawn;2673.00;11.43;1222.00;2.94;0
220;special_project_facility_spawn;2609.00;13.68;1245.00;2.93;0
220;special_project_facility_spawn;2669.00;10.70;1249.00;0.78;0
220;special_project_facility_spawn;2618.00;12.85;1241.00;4.51;0
220;special_project_facility_spawn;2661.00;11.35;1242.00;4.71;0
220;special_project_facility_spawn;2652.00;10.15;1206.00;3.52;0
220;special_project_facility_spawn;2679.00;12.62;1216.00;4.08;0
220;special_project_facility_spawn;2659.00;10.95;1234.00;5.15;0
220;special_project_facility_spawn;2618.00;12.65;1221.00;3.23;0
220;special_project_facility_spawn;2663.00;10.85;1269.00;0.70;0
220;special_project_facility_spawn;2650.00;11.38;1245.00;4.14;0
220;special_project_facility_spawn;2642.00;10.57;1226.00;4.57;0
220;special_project_facility_spawn;2639.00;10.57;1217.00;0.84;0
220;special_project_facility_spawn;2682.00;12.95;1240.00;1.74;0
220;special_project_facility_spawn;2668.00;11.45;1198.00;5.91;0
220;special_project_facility_spawn;2607.00;13.95;1225.00;4.68;0
224;arms_factory;2225.00;10.10;1233.00;0.01;0
224;arms_factory;2060.00;11.70;1184.00;0.04;0
224;arms_factory;2118.00;13.18;1191.00;0.18;0
224;arms_factory;2110.00;12.65;1173.00;0.14;0
224;arms_factory;2142.00;11.98;1187.00;5.69;0
224;arms_factory;2082.00;11.95;1177.00;2.12;0
224;industrial_complex;2255.00;10.30;1246.00;4.91;0
224;industrial_complex;2193.00;10.10;1199.00;2.14;0
224;industrial_complex;2064.00;10.95;1178.00;2.41;0
224;industrial_complex;2054.00;11.00;1192.00;2.85;0
224;industrial_complex;2233.00;11.12;1216.00;5.49;0
224;industrial_complex;2084.00;10.45;1158.00;1.38;0
224;air_base;2174.00;10.10;1176.00;2.20;0
224;supply_node;2167.00;11.53;1203.00;2.04;0
224;supply_node;2155.00;11.95;1187.00;5.27;0
224;supply_node;2120.00;12.40;1165.00;0.92;0
224;supply_node;2218.00;10.60;1221.00;2.94;0
224;supply_node;2053.00;10.90;1190.00;5.89;0
224;supply_node;2091.00;12.82;1188.00;5.00;0
224;supply_node;2243.00;10.75;1240.00;4.28;0
224;supply_node;2122.00;13.70;1185.00;5.59;0
224;supply_node;2178.00;10.10;1186.00;3.49;0
224;supply_node;2059.00;10.45;1170.00;6.23;0
224;supply_node;2219.00;10.35;1244.00;4.81;0
224;supply_node;2102.00;12.32;1169.00;6.01;0
224;supply_node;2199.00;10.30;1216.00;4.46;0
224;supply_node;2151.00;11.25;1164.00;0.18;0
224;supply_node;2198.00;10.25;1185.00;5.46;0
224;supply_node;2075.00;12.05;1193.00;0.62;0
224;supply_node;2138.00;12.50;1203.00;2.89;0
224;supply_node;2228.00;11.55;1206.00;0.40;0
224;supply_node;2134.00;12.55;1158.00;0.58;0
224;supply_node;2137.00;12.45;1180.00;5.94;0
224;supply_node;2122.00;12.60;1206.00;3.42;0
224;supply_node;2245.00;10.40;1222.00;2.95;0
224;supply_node;2210.00;10.57;1201.00;3.49;0
224;supply_node;2105.00;13.80;1200.00;5.05;0
224;supply_node;2236.00;10.53;1255.00;4.90;0
224;supply_node;2205.00;10.30;1253.00;4.03;0
224;supply_node;2201.00;10.60;1233.00;5.21;0
224;supply_node;2181.00;10.20;1213.00;2.06;0
224;supply_node;2152.00;12.15;1206.00;0.37;0
224;supply_node;2190.00;10.50;1201.00;3.83;0
224;supply_node;2037.00;10.50;1194.00;4.67;0
224;supply_node;2107.00;13.15;1183.00;2.95;0
224;supply_node;2071.00;11.30;1178.00;6.16;0
224;supply_node;2048.00;10.45;1176.00;2.58;0
224;supply_node;2168.00;10.53;1172.00;3.57;0
224;supply_node;2086.00;11.20;1171.00;0.97;0
224;supply_node;2073.00;10.70;1163.00;0.55;0
224;supply_node;2090.00;10.88;1155.00;4.61;0
224;bunker;2175.00;10.10;1173.00;0.70;0
224;bunker;2203.00;10.20;1215.00;4.14;0
224;bunker;2199.00;10.50;1191.00;4.57;0
224;bunker;2249.00;10.55;1214.00;0.84;0
224;bunker;2178.00;10.30;1217.00;1.74;0
224;bunker;2113.00;13.23;1184.00;5.91;0
224;bunker;2138.00;12.32;1157.00;4.68;0
224;bunker;2128.00;12.60;1206.00;0.58;0
224;bunker;2224.00;10.60;1217.00;5.00;0
224;bunker;2087.00;13.70;1201.00;1.13;0
224;bunker;2093.00;11.90;1177.00;2.49;0
224;bunker;2120.00;12.40;1165.00;2.78;0
224;bunker;2237.00;10.50;1258.00;5.45;0
224;bunker;2237.00;10.40;1230.00;3.22;0
224;bunker;2149.00;11.90;1186.00;3.46;0
224;bunker;2101.00;13.55;1193.00;1.49;0
224;bunker;2203.00;10.30;1254.00;0.66;0
224;bunker;2207.00;10.45;1197.00;3.36;0
224;bunker;2179.00;10.50;1199.00;0.56;0
224;bunker;2085.00;10.80;1167.00;5.88;0
224;bunker;2131.00;13.15;1193.00;5.04;0
224;bunker;2137.00;12.55;1214.00;0.37;0
224;bunker;2216.00;10.35;1255.00;3.68;0
224;bunker;2134.00;12.53;1175.00;3.50;0
224;bunker;2157.00;12.10;1201.00;0.96;0
224;bunker;2204.00;10.55;1241.00;4.66;0
224;bunker;2194.00;10.40;1202.00;1.08;0
224;bunker;2066.00;10.90;1170.00;0.77;0
224;bunker;2181.00;10.45;1182.00;4.79;0
224;bunker;2150.00;11.12;1169.00;4.12;0
224;bunker;2104.00;12.40;1169.00;0.46;0
224;bunker;2057.00;11.05;1196.00;6.07;0
224;bunker;2228.00;11.70;1196.00;1.85;0
224;bunker;2040.00;10.45;1198.00;1.97;0
224;bunker;2097.00;11.55;1162.00;1.73;0
224;bunker;2054.00;11.18;1180.00;4.93;0
224;bunker;2080.00;11.95;1177.00;0.25;0
224;bunker;2070.00;10.50;1161.00;0.29;0
224;coastal_bunker;2050.00;9.60;1169.00;-0.38;0
224;coastal_bunker;2082.00;9.50;1162.00;0.32;0
224;coastal_bunker;2047.00;10.00;1170.00;-1.57;0
224;coastal_bunker;2089.00;9.60;1147.00;-1.21;0
224;coastal_bunker;2039.00;9.50;1186.00;0.20;0
224;coastal_bunker;2041.00;10.00;1186.00;-1.07;0
224;stronghold_network;2137.00;12.05;1169.00;5.29;0
224;dockyard;2043.00;9.95;1177.00;-1.57;0
224;anti_air_building;2218.00;10.35;1216.00;4.94;0
224;anti_air_building;2230.00;11.55;1200.00;4.81;0
224;anti_air_building;2136.00;12.55;1190.00;2.30;0
224;synthetic_refinery;2077.00;10.30;1161.00;2.56;0
224;fuel_silo;2081.00;11.80;1176.00;3.61;0
224;radar_station;2146.00;12.35;1205.00;3.27;0
224;nuclear_reactor_spawn;2205.00;10.60;1248.00;4.21;0
224;special_project_facility_spawn;2133.00;12.35;1162.00;5.04;0
224;special_project_facility_spawn;2134.00;12.82;1203.00;1.51;0
224;special_project_facility_spawn;2244.00;10.30;1219.00;5.52;0
224;special_project_facility_spawn;2154.00;11.20;1176.00;4.85;0
224;special_project_facility_spawn;2237.00;10.45;1253.00;1.75;0
224;special_project_facility_spawn;2196.00;10.20;1200.00;5.33;0
224;special_project_facility_spawn;2094.00;11.55;1174.00;2.45;0
224;special_project_facility_spawn;2227.00;11.38;1208.00;0.35;0
224;special_project_facility_spawn;2161.00;10.88;1174.00;0.92;0
224;special_project_facility_spawn;2156.00;12.10;1212.00;0.13;0
224;special_project_facility_spawn;2218.00;10.25;1237.00;5.60;0
224;special_project_facility_spawn;2197.00;10.70;1226.00;1.48;0
224;special_project_facility_spawn;2202.00;10.50;1199.00;3.97;0
224;special_project_facility_spawn;2105.00;12.05;1165.00;3.71;0
224;special_project_facility_spawn;2093.00;13.30;1194.00;2.23;0
224;special_project_facility_spawn;2112.00;13.62;1208.00;0.90;0
224;special_project_facility_spawn;2204.00;10.40;1258.00;4.16;0
224;special_project_facility_spawn;2104.00;12.85;1186.00;2.59;0
224;special_project_facility_spawn;2211.00;10.60;1229.00;3.25;0
224;special_project_facility_spawn;2196.00;10.30;1180.00;5.82;0
224;special_project_facility_spawn;2056.00;10.60;1172.00;1.95;0
224;special_project_facility_spawn;2242.00;10.50;1246.00;1.12;0
224;special_project_facility_spawn;2120.00;13.30;1192.00;2.22;0
224;special_project_facility_spawn;2082.00;12.75;1193.00;4.43;0
224;special_project_facility_spawn;2086.00;10.53;1151.00;1.00;0
224;special_project_facility_spawn;2208.00;10.30;1219.00;1.07;0
224;special_project_facility_spawn;2064.00;11.40;1184.00;5.38;0
224;special_project_facility_spawn;2048.00;10.55;1182.00;5.30;0
224;special_project_facility_spawn;2171.00;10.75;1201.00;2.88;0
224;special_project_facility_spawn;2172.00;10.10;1211.00;2.82;0
224;special_project_facility_spawn;2106.00;14.20;1208.00;1.95;0
224;special_project_facility_spawn;2175.00;10.10;1187.00;3.42;0
224;special_project_facility_spawn;2145.00;11.45;1180.00;5.65;0
224;special_project_facility_spawn;2125.00;12.75;1162.00;5.51;0
224;special_project_facility_spawn;2077.00;10.65;1165.00;4.66;0
224;special_project_facility_spawn;2143.00;11.50;1170.00;4.78;0
224;special_project_facility_spawn;2047.00;10.40;1174.00;5.65;0
224;special_project_facility_spawn;2042.00;10.60;1196.00;2.11;0
224;naval_base_spawn;2082.00;9.50;1162.00;0.32;4344
224;naval_base_spawn;2060.00;9.60;1162.00;-0.38;4344
224;naval_base_spawn;2086.00;9.50;1148.00;-1.21;4344
224;naval_base_spawn;2033.00;10.40;1193.00;-1.89;4501
224;naval_base_spawn;2041.00;9.60;1185.00;-1.07;4172
224;naval_base_spawn;2044.00;9.60;1180.00;-1.57;4344
224;floating_harbor;2035.85;9.50;1180.65;-4.21;408
224;floating_harbor;2054.40;9.50;1158.50;-3.52;1046
224;floating_harbor;2027.36;9.50;1197.21;1.25;2670
224;floating_harbor;2045.00;10.50;1138.00;-3.14;2690
224;floating_harbor;2076.21;9.50;1153.36;-2.82;2706
224;floating_harbor;2075.45;9.50;1149.54;-4.35;2714
226;arms_factory;2901.00;13.95;1272.00;5.69;0
226;arms_factory;2874.00;12.00;1250.00;2.12;0
226;arms_factory;2744.00;15.70;1226.00;4.91;0
226;arms_factory;2892.00;11.18;1206.00;2.14;0
226;arms_factory;2839.00;12.50;1322.00;2.41;0
226;arms_factory;2843.00;10.70;1218.00;2.85;0
226;industrial_complex;2825.00;16.20;1171.00;5.49;0
226;industrial_complex;2869.00;12.85;1237.00;1.38;0
226;industrial_complex;2841.00;14.70;1265.00;2.20;0
226;industrial_complex;2815.00;12.90;1244.00;3.25;0
226;industrial_complex;2774.00;16.35;1217.00;0.21;0
226;industrial_complex;2836.00;13.93;1288.00;2.07;0
226;air_base;2844.00;12.45;1315.00;3.03;0
226;supply_node;2815.00;14.25;1261.00;5.89;0
226;supply_node;2804.00;13.20;1231.00;5.00;0
226;supply_node;2940.00;11.23;1254.00;4.28;0
226;supply_node;2769.00;16.40;1236.00;5.59;0
226;supply_node;2853.00;12.15;1232.00;3.49;0
226;supply_node;2790.00;14.90;1255.00;6.23;0
226;supply_node;2850.00;12.85;1309.00;4.81;0
226;supply_node;2892.00;11.15;1208.00;6.01;0
226;supply_node;2800.00;14.55;1203.00;4.46;0
226;supply_node;2753.00;16.60;1200.00;0.18;0
226;supply_node;2887.00;12.85;1261.00;5.46;0
226;supply_node;2785.00;16.00;1217.00;0.62;0
226;supply_node;2778.00;16.10;1179.00;2.89;0
226;supply_node;2819.00;16.43;1167.00;0.40;0
226;supply_node;2746.00;15.70;1227.00;0.58;0
226;supply_node;2814.00;14.45;1294.00;5.94;0
226;supply_node;2868.00;10.78;1209.00;3.42;0
226;supply_node;2788.00;16.60;1192.00;2.95;0
226;supply_node;2771.00;16.40;1204.00;3.49;0
226;supply_node;2903.00;11.20;1232.00;5.05;0
226;supply_node;2848.00;11.30;1177.00;4.90;0
226;supply_node;2788.00;16.60;1160.00;4.03;0
226;supply_node;2840.00;14.70;1269.00;5.21;0
226;supply_node;2833.00;15.15;1174.00;2.06;0
226;supply_node;2762.00;16.73;1179.00;0.37;0
226;supply_node;2803.00;16.50;1177.00;3.83;0
226;supply_node;2829.00;12.60;1237.00;4.67;0
226;supply_node;2837.00;10.60;1212.00;2.95;0
226;supply_node;2884.00;14.70;1292.00;6.16;0
226;supply_node;2912.00;12.90;1268.00;2.58;0
226;supply_node;2862.00;14.20;1269.00;3.57;0
226;supply_node;2874.00;12.57;1240.00;0.97;0
226;supply_node;2759.00;16.70;1217.00;0.55;0
226;supply_node;2816.00;11.80;1208.00;4.61;0
226;supply_node;2851.00;10.20;1195.00;0.53;0
226;supply_node;2825.00;13.50;1191.00;4.13;0
226;bunker;2784.00;15.10;1265.00;4.57;0
226;bunker;2855.00;11.48;1326.00;0.84;0
226;bunker;2761.00;16.80;1199.00;1.74;0
226;bunker;2780.00;16.70;1200.00;5.91;0
226;bunker;2762.00;16.77;1181.00;4.68;0
226;bunker;2814.00;12.55;1218.00;0.58;0
226;bunker;2805.00;15.88;1189.00;5.00;0
226;bunker;2827.00;14.70;1271.00;1.13;0
226;bunker;2775.00;16.25;1247.00;2.49;0
226;bunker;2881.00;11.15;1209.00;2.78;0
226;bunker;2912.00;10.45;1232.00;5.45;0
226;bunker;2824.00;15.60;1181.00;3.22;0
226;bunker;2818.00;13.93;1300.00;3.46;0
226;bunker;2863.00;10.43;1202.00;1.49;0
226;bunker;2919.00;11.35;1253.00;0.66;0
226;bunker;2772.00;15.80;1175.00;3.36;0
226;bunker;2828.00;11.98;1228.00;0.56;0
226;bunker;2809.00;14.57;1258.00;5.88;0
226;bunker;2823.00;16.00;1176.00;5.04;0
226;bunker;2870.00;13.65;1271.00;0.37;0
226;bunker;2839.00;12.18;1191.00;3.68;0
226;bunker;2833.00;10.85;1216.00;3.50;0
226;bunker;2798.00;15.05;1202.00;0.96;0
226;bunker;2796.00;14.90;1229.00;4.66;0
226;bunker;2939.00;11.60;1257.00;1.08;0
226;bunker;2860.00;11.00;1223.00;0.77;0
226;bunker;2887.00;15.07;1286.00;4.79;0
226;bunker;2784.00;15.35;1229.00;4.12;0
226;bunker;2739.00;15.30;1230.00;0.46;0
226;bunker;2848.00;11.40;1172.00;6.07;0
226;bunker;2766.00;16.70;1203.00;1.85;0
226;bunker;2877.00;12.53;1258.00;1.97;0
226;bunker;2861.00;12.60;1247.00;1.73;0
226;bunker;2760.00;16.45;1225.00;4.93;0
226;bunker;2781.00;16.80;1168.00;0.25;0
226;bunker;2844.00;10.60;1196.00;0.29;0
226;stronghold_network;2801.00;15.05;1267.00;3.89;0
226;anti_air_building;2819.00;13.65;1190.00;1.35;0
226;anti_air_building;2817.00;16.05;1172.00;0.79;0
226;anti_air_building;2862.00;12.93;1311.00;1.91;0
226;synthetic_refinery;2871.00;12.70;1230.00;2.07;0
226;fuel_silo;2813.00;14.53;1293.00;2.90;0
226;radar_station;2851.00;12.40;1242.00;4.34;0
226;nuclear_reactor_spawn;2878.00;14.32;1293.00;2.77;0
226;special_project_facility_spawn;2780.00;16.60;1199.00;4.94;0
226;special_project_facility_spawn;2859.00;10.70;1221.00;4.81;0
226;special_project_facility_spawn;2804.00;14.60;1259.00;2.30;0
226;special_project_facility_spawn;2774.00;16.40;1200.00;2.56;0
226;special_project_facility_spawn;2908.00;10.30;1225.00;3.61;0
226;special_project_facility_spawn;2864.00;13.70;1283.00;2.24;0
226;special_project_facility_spawn;2856.00;10.35;1195.00;4.21;0
226;special_project_facility_spawn;2845.00;13.20;1252.00;5.04;0
226;special_project_facility_spawn;2889.00;11.05;1216.00;1.51;0
226;special_project_facility_spawn;2901.00;14.57;1294.00;5.52;0
226;special_project_facility_spawn;2921.00;12.05;1263.00;4.85;0
226;special_project_facility_spawn;2880.00;12.12;1228.00;1.75;0
226;special_project_facility_spawn;2820.00;13.95;1302.00;5.33;0
226;special_project_facility_spawn;2832.00;11.00;1217.00;2.45;0
226;special_project_facility_spawn;2743.00;16.35;1204.00;0.35;0
226;special_project_facility_spawn;2817.00;11.85;1205.00;0.92;0
226;special_project_facility_spawn;2939.00;10.85;1237.00;0.13;0
226;special_project_facility_spawn;2827.00;12.88;1251.00;5.60;0
226;special_project_facility_spawn;2879.00;12.50;1257.00;1.48;0
226;special_project_facility_spawn;2861.00;10.40;1211.00;3.97;0
226;special_project_facility_spawn;2796.00;14.85;1264.00;3.71;0
226;special_project_facility_spawn;2760.00;16.40;1209.00;2.23;0
226;special_project_facility_spawn;2803.00;14.15;1221.00;0.90;0
226;special_project_facility_spawn;2802.00;15.35;1196.00;4.16;0
226;special_project_facility_spawn;2802.00;16.50;1182.00;2.59;0
226;special_project_facility_spawn;2782.00;15.88;1221.00;3.25;0
226;special_project_facility_spawn;2840.00;12.60;1316.00;5.82;0
226;special_project_facility_spawn;2839.00;11.78;1193.00;1.95;0
226;special_project_facility_spawn;2787.00;16.75;1154.00;1.12;0
226;special_project_facility_spawn;2746.00;15.80;1232.00;2.22;0
226;special_project_facility_spawn;2758.00;16.20;1231.00;4.43;0
226;special_project_facility_spawn;2838.00;13.10;1175.00;1.00;0
226;special_project_facility_spawn;2818.00;15.93;1178.00;1.07;0
226;special_project_facility_spawn;2778.00;16.50;1184.00;5.38;0
226;special_project_facility_spawn;2841.00;12.70;1183.00;5.30;0
226;special_project_facility_spawn;2760.00;16.43;1173.00;2.88;0
229;arms_factory;2584.00;12.55;1240.00;5.49;0
229;arms_factory;2570.00;11.10;1209.00;1.38;0
229;arms_factory;2537.00;11.90;1259.00;2.20;0
229;arms_factory;2545.00;11.60;1253.00;3.25;0
229;arms_factory;2587.00;12.50;1242.00;0.21;0
229;arms_factory;2520.00;10.30;1242.00;2.07;0
229;industrial_complex;2566.00;10.65;1216.00;3.03;0
229;industrial_complex;2522.00;10.45;1240.00;2.65;0
229;industrial_complex;2564.00;11.20;1179.00;2.88;0
229;industrial_complex;2547.00;12.18;1257.00;3.18;0
229;industrial_complex;2548.00;10.70;1187.00;4.45;0
229;industrial_complex;2530.00;10.80;1244.00;1.70;0
229;air_base;2587.00;12.10;1218.00;4.44;0
229;supply_node;2529.00;11.18;1254.00;4.81;0
229;supply_node;2566.00;11.12;1195.00;6.01;0
229;supply_node;2555.00;10.40;1225.00;4.46;0
229;supply_node;2546.00;10.90;1173.00;0.18;0
229;supply_node;2572.00;10.60;1222.00;5.46;0
229;supply_node;2587.00;12.10;1216.00;0.62;0
229;supply_node;2575.00;12.15;1242.00;2.89;0
229;supply_node;2533.00;10.35;1232.00;0.40;0
229;supply_node;2590.00;12.65;1236.00;0.58;0
229;supply_node;2554.00;10.90;1241.00;5.94;0
229;supply_node;2566.00;11.20;1176.00;3.42;0
229;supply_node;2544.00;11.85;1255.00;2.95;0
229;supply_node;2521.00;10.40;1244.00;3.49;0
229;supply_node;2559.00;10.35;1210.00;5.05;0
229;supply_node;2580.00;11.88;1201.00;4.90;0
229;supply_node;2550.00;10.55;1192.00;4.03;0
229;supply_node;2538.00;10.53;1183.00;5.21;0
229;supply_node;2523.00;9.95;1171.00;2.06;0
229;bunker;2563.00;11.15;1180.00;2.05;0
229;bunker;2572.00;10.65;1223.00;2.94;0
229;bunker;2587.00;12.10;1229.00;2.93;0
229;bunker;2551.00;11.05;1240.00;0.78;0
229;bunker;2574.00;11.70;1188.00;4.51;0
229;bunker;2578.00;12.18;1241.00;4.71;0
229;bunker;2549.00;10.45;1227.00;3.52;0
229;bunker;2582.00;11.30;1220.00;4.08;0
229;bunker;2565.00;10.60;1215.00;5.15;0
229;bunker;2578.00;12.25;1193.00;3.23;0
229;bunker;2536.00;11.28;1249.00;0.70;0
229;bunker;2523.00;10.30;1234.00;4.14;0
229;bunker;2524.00;10.45;1169.00;4.57;0
229;bunker;2525.00;10.60;1239.00;0.84;0
229;bunker;2549.00;10.80;1185.00;1.74;0
229;bunker;2538.00;11.95;1259.00;5.91;0
229;bunker;2551.00;10.90;1180.00;4.68;0
229;bunker;2533.00;10.60;1177.00;0.58;0
229;coastal_bunker;2523.00;9.60;1162.00;-0.67;0
229;coastal_bunker;2548.00;9.85;1196.00;-2.50;0
229;coastal_bunker;2524.00;9.50;1228.00;-0.54;0
229;coastal_bunker;2534.00;9.60;1186.00;-2.36;0
229;coastal_bunker;2517.00;9.50;1243.00;-0.98;0
229;coastal_bunker;2555.00;9.50;1212.00;-1.57;0
229;coastal_bunker;2549.00;9.80;1221.00;-0.98;0
229;stronghold_network;2535.00;11.60;1254.00;1.49;0
229;dockyard;2519.00;9.55;1238.00;-0.98;0
229;anti_air_building;2542.00;10.80;1177.00;3.36;0
229;anti_air_building;2582.00;11.38;1222.00;0.56;0
229;anti_air_building;2535.00;10.90;1245.00;5.88;0
229;synthetic_refinery;2565.00;10.80;1209.00;5.04;0
229;fuel_silo;2534.00;11.70;1260.00;0.37;0
229;radar_station;2557.00;10.30;1215.00;5.26;0
229;nuclear_reactor_spawn;2523.00;10.82;1261.00;3.50;0
229;special_project_facility_spawn;2572.00;11.25;1198.00;0.96;0
229;special_project_facility_spawn;2542.00;10.95;1240.00;4.66;0
229;special_project_facility_spawn;2534.00;10.35;1228.00;1.08;0
229;special_project_facility_spawn;2558.00;11.20;1186.00;0.77;0
229;special_project_facility_spawn;2564.00;10.60;1214.00;4.79;0
229;special_project_facility_spawn;2567.00;11.10;1230.00;4.12;0
229;special_project_facility_spawn;2530.00;10.80;1243.00;0.46;0
229;special_project_facility_spawn;2566.00;10.90;1226.00;6.07;0
229;special_project_facility_spawn;2554.00;10.88;1191.00;1.85;0
229;special_project_facility_spawn;2582.00;11.45;1209.00;1.97;0
229;special_project_facility_spawn;2542.00;10.50;1188.00;1.73;0
229;special_project_facility_spawn;2590.00;12.70;1211.00;4.93;0
229;special_project_facility_spawn;2596.00;13.18;1236.00;0.25;0
229;special_project_facility_spawn;2539.00;12.07;1261.00;0.29;0
229;special_project_facility_spawn;2539.00;10.88;1169.00;3.89;0
229;special_project_facility_spawn;2520.00;10.45;1168.00;1.35;0
229;special_project_facility_spawn;2566.00;11.48;1244.00;0.79;0
229;special_project_facility_spawn;2520.00;10.30;1241.00;1.91;0
229;naval_base_spawn;2525.00;9.60;1228.00;-0.54;4220
229;naval_base_spawn;2550.00;9.50;1200.00;-2.50;4220
229;naval_base_spawn;2523.00;10.30;1170.00;-2.47;4220
229;naval_base_spawn;2517.00;9.50;1242.00;-0.98;4220
229;naval_base_spawn;2552.00;9.50;1206.00;-1.57;4220
229;naval_base_spawn;2532.00;9.85;1182.00;-2.36;4220
229;naval_base_spawn;2543.00;9.80;1224.00;-0.98;4220
229;floating_harbor;2543.18;9.50;1217.12;-4.12;601
229;floating_harbor;2526.40;9.50;1221.00;-3.68;1904
229;floating_harbor;2512.18;9.50;1238.12;-4.12;2630
229;floating_harbor;2547.00;9.50;1210.00;1.57;2658
229;floating_harbor;2542.80;9.50;1201.60;0.64;2669
229;floating_harbor;2530.05;9.50;1190.95;0.79;2678
229;floating_harbor;2518.00;9.50;1208.00;0.03;2694
231;arms_factory;2690.00;15.45;1176.00;0.21;0
231;arms_factory;2721.00;16.45;1201.00;2.07;0
231;arms_factory;2710.00;15.70;1173.00;3.03;0
231;arms_factory;2706.00;14.85;1199.00;2.65;0
231;arms_factory;2659.00;13.40;1171.00;2.88;0
231;arms_factory;2681.00;15.55;1168.00;3.18;0
231;industrial_complex;2712.00;15.70;1196.00;4.45;0
231;industrial_complex;2716.00;16.20;1207.00;1.70;0
231;industrial_complex;2661.00;14.55;1162.00;4.44;0
231;industrial_complex;2657.00;14.90;1158.00;4.61;0
231;industrial_complex;2713.00;15.80;1186.00;1.67;0
231;industrial_complex;2689.00;15.32;1183.00;0.02;0
231;air_base;2718.00;16.48;1171.00;3.40;0
231;supply_node;2715.00;16.35;1170.00;5.46;0
231;supply_node;2662.00;13.20;1175.00;0.62;0
231;supply_node;2680.00;15.80;1148.00;2.89;0
231;supply_node;2699.00;14.50;1200.00;0.40;0
231;supply_node;2679.00;12.90;1201.00;0.58;0
231;supply_node;2738.00;16.73;1193.00;5.94;0
231;supply_node;2691.00;15.40;1180.00;3.42;0
231;supply_node;2678.00;15.28;1166.00;2.95;0
231;supply_node;2719.00;16.35;1200.00;3.49;0
231;supply_node;2696.00;13.50;1219.00;5.05;0
231;supply_node;2723.00;16.65;1183.00;4.90;0
231;supply_node;2713.00;14.57;1216.00;4.03;0
231;supply_node;2734.00;15.85;1212.00;5.21;0
231;supply_node;2707.00;15.38;1185.00;2.06;0
231;supply_node;2675.00;13.50;1184.00;0.37;0
231;supply_node;2698.00;15.70;1165.00;3.83;0
231;supply_node;2660.00;15.03;1158.00;4.67;0
231;bunker;2730.00;16.00;1207.00;0.78;0
231;bunker;2693.00;13.23;1225.00;4.51;0
231;bunker;2682.00;15.60;1170.00;4.71;0
231;bunker;2697.00;15.50;1182.00;3.52;0
231;bunker;2694.00;14.30;1204.00;4.08;0
231;bunker;2665.00;15.55;1154.00;5.15;0
231;bunker;2671.00;15.60;1151.00;3.23;0
231;bunker;2680.00;14.18;1186.00;0.70;0
231;bunker;2680.00;13.50;1198.00;4.14;0
231;bunker;2670.00;13.57;1171.00;4.57;0
231;bunker;2738.00;16.35;1202.00;0.84;0
231;bunker;2715.00;16.15;1207.00;1.74;0
231;bunker;2715.00;16.10;1187.00;5.91;0
231;bunker;2715.00;15.90;1210.00;4.68;0
231;bunker;2712.00;16.45;1168.00;0.58;0
231;bunker;2718.00;16.45;1185.00;5.00;0
231;bunker;2693.00;15.68;1159.00;1.13;0
231;stronghold_network;2737.00;16.75;1198.00;2.49;0
231;anti_air_building;2696.00;15.60;1159.00;2.78;0
231;anti_air_building;2735.00;15.10;1220.00;5.45;0
231;anti_air_building;2727.00;16.48;1190.00;3.22;0
231;synthetic_refinery;2665.00;15.55;1154.00;3.46;0
231;fuel_silo;2691.00;15.57;1176.00;1.49;0
231;radar_station;2700.00;15.30;1185.00;4.27;0
231;nuclear_reactor_spawn;2653.00;14.38;1162.00;3.36;0
231;special_project_facility_spawn;2719.00;16.45;1180.00;0.56;0
231;special_project_facility_spawn;2729.00;15.45;1215.00;5.88;0
231;special_project_facility_spawn;2679.00;14.03;1186.00;5.04;0
231;special_project_facility_spawn;2704.00;15.15;1187.00;0.37;0
231;special_project_facility_spawn;2680.00;13.80;1194.00;3.68;0
231;special_project_facility_spawn;2713.00;15.98;1203.00;3.50;0
231;special_project_facility_spawn;2705.00;14.25;1210.00;0.96;0
231;special_project_facility_spawn;2659.00;13.70;1168.00;4.66;0
231;special_project_facility_spawn;2670.00;15.20;1162.00;1.08;0
231;special_project_facility_spawn;2736.00;16.25;1202.00;0.77;0
231;special_project_facility_spawn;2700.00;12.62;1224.00;4.79;0
231;special_project_facility_spawn;2710.00;16.50;1167.00;4.12;0
231;special_project_facility_spawn;2665.00;12.85;1183.00;0.46;0
231;special_project_facility_spawn;2710.00;14.75;1213.00;6.07;0
231;special_project_facility_spawn;2689.00;15.70;1150.00;1.85;0
231;special_project_facility_spawn;2698.00;15.70;1166.00;1.97;0
231;special_project_facility_spawn;2690.00;15.40;1175.00;1.73;0
233;arms_factory;2624.00;11.80;1209.00;2.88;0
233;arms_factory;2621.00;11.12;1192.00;3.18;0
233;arms_factory;2611.00;12.35;1202.00;4.45;0
233;arms_factory;2589.00;12.80;1194.00;1.70;0
233;arms_factory;2589.00;12.75;1192.00;4.44;0
233;arms_factory;2614.00;10.95;1187.00;4.61;0
233;industrial_complex;2599.00;13.73;1218.00;1.67;0
233;industrial_complex;2630.00;12.03;1175.00;0.02;0
233;industrial_complex;2600.00;12.40;1198.00;3.40;0
233;industrial_complex;2597.00;11.95;1189.00;4.90;0
233;industrial_complex;2616.00;12.20;1206.00;0.47;0
233;industrial_complex;2613.00;11.10;1184.00;4.41;0
233;air_base;2597.00;13.10;1210.00;2.49;0
233;supply_node;2631.00;11.80;1178.00;0.58;0
233;supply_node;2621.00;11.98;1205.00;5.94;0
233;supply_node;2608.00;11.10;1172.00;3.42;0
233;supply_node;2604.00;12.30;1198.00;2.95;0
233;supply_node;2640.00;10.88;1197.00;3.49;0
233;supply_node;2618.00;10.80;1186.00;5.05;0
233;supply_node;2603.00;13.68;1214.00;4.90;0
233;supply_node;2591.00;12.25;1189.00;4.03;0
233;supply_node;2648.00;12.50;1182.00;5.21;0
233;bunker;2639.00;10.53;1206.00;5.64;0
233;bunker;2602.00;11.05;1172.00;2.05;0
233;bunker;2598.00;11.85;1188.00;2.94;0
233;bunker;2620.00;11.25;1178.00;2.93;0
233;bunker;2613.00;12.62;1218.00;0.78;0
233;bunker;2618.00;11.35;1196.00;4.51;0
233;bunker;2609.00;12.57;1205.00;4.71;0
233;bunker;2624.00;11.43;1175.00;3.52;0
233;bunker;2654.00;12.25;1184.00;4.08;0
233;stronghold_network;2610.00;12.55;1207.00;5.15;0
233;anti_air_building;2642.00;12.88;1177.00;3.23;0
233;anti_air_building;2617.00;10.90;1188.00;0.70;0
233;anti_air_building;2614.00;12.18;1163.00;4.14;0
233;synthetic_refinery;2627.00;11.88;1173.00;4.57;0
233;fuel_silo;2601.00;11.65;1189.00;0.84;0
233;radar_station;2621.00;11.12;1192.00;0.06;0
233;nuclear_reactor_spawn;2622.00;11.07;1184.00;5.91;0
233;special_project_facility_spawn;2600.00;11.70;1187.00;4.68;0
233;special_project_facility_spawn;2616.00;12.20;1204.00;0.58;0
233;special_project_facility_spawn;2637.00;12.28;1179.00;5.00;0
233;special_project_facility_spawn;2653.00;12.35;1183.00;1.13;0
233;special_project_facility_spawn;2627.00;11.20;1191.00;2.49;0
233;special_project_facility_spawn;2601.00;12.70;1200.00;2.78;0
233;special_project_facility_spawn;2634.00;10.80;1203.00;5.45;0
233;special_project_facility_spawn;2602.00;11.25;1183.00;3.22;0
233;special_project_facility_spawn;2611.00;12.80;1216.00;3.46;0
235;arms_factory;4916.00;12.65;1195.00;4.44;0
235;arms_factory;4884.00;12.78;1117.00;4.61;0
235;arms_factory;4780.00;10.80;1232.00;1.67;0
235;arms_factory;4936.00;12.40;1199.00;0.02;0
235;arms_factory;4820.00;13.60;1176.00;3.40;0
235;arms_factory;4778.00;10.80;1238.00;4.90;0
235;industrial_complex;4780.00;13.40;1166.00;0.47;0
235;industrial_complex;4878.00;12.90;1070.00;4.41;0
235;industrial_complex;4780.00;10.75;1229.00;2.49;0
235;industrial_complex;4929.00;12.85;1189.00;2.73;0
235;industrial_complex;4812.00;10.65;1244.00;5.62;0
235;industrial_complex;4891.00;12.82;1177.00;2.97;0
235;air_base;4895.00;12.95;1182.00;3.86;0
235;supply_node;4935.00;10.35;1122.00;3.49;0
235;supply_node;4950.00;11.12;1162.00;5.05;0
235;supply_node;4787.00;10.90;1221.00;4.90;0
235;supply_node;4938.00;12.15;1197.00;4.03;0
235;supply_node;4848.00;13.35;1150.00;5.21;0
235;supply_node;4884.00;13.12;1069.00;2.06;0
235;supply_node;4855.00;12.50;1191.00;0.37;0
235;supply_node;4888.00;12.30;1125.00;3.83;0
235;supply_node;4898.00;13.25;1197.00;4.67;0
235;supply_node;4776.00;13.20;1174.00;2.95;0
235;supply_node;4914.00;12.10;1092.00;6.16;0
235;supply_node;4859.00;14.15;1103.00;2.58;0
235;supply_node;4914.00;10.25;1158.00;3.57;0
235;supply_node;4815.00;12.10;1202.00;0.97;0
235;supply_node;4807.00;10.80;1253.00;0.55;0
235;supply_node;4864.00;13.10;1223.00;4.61;0
235;supply_node;4817.00;13.75;1168.00;0.53;0
235;supply_node;4879.00;13.30;1164.00;4.13;0
235;supply_node;4827.00;13.65;1123.00;4.44;0
235;bunker;4893.00;12.82;1177.00;0.84;0
235;bunker;4935.00;11.65;1181.00;1.74;0
235;bunker;4900.00;10.30;1146.00;5.91;0
235;bunker;4945.00;10.57;1139.00;4.68;0
235;bunker;4849.00;12.98;1135.00;0.58;0
235;bunker;4839.00;12.70;1187.00;5.00;0
235;bunker;4792.00;10.45;1257.00;1.13;0
235;bunker;4912.00;12.82;1081.00;2.49;0
235;bunker;4809.00;11.10;1228.00;2.78;0
235;bunker;4787.00;12.25;1182.00;5.45;0
235;bunker;4829.00;13.10;1175.00;3.22;0
235;bunker;4892.00;12.57;1063.00;3.46;0
235;bunker;4877.00;12.80;1138.00;1.49;0
235;bunker;4863.00;13.55;1124.00;0.66;0
235;bunker;4864.00;13.23;1167.00;3.36;0
235;bunker;4853.00;12.80;1215.00;0.56;0
235;bunker;4828.00;14.20;1135.00;5.88;0
235;bunker;4958.00;10.80;1159.00;5.04;0
235;bunker;4823.00;12.80;1201.00;0.37;0
235;coastal_bunker;4951.00;10.25;1139.00;-4.12;0
235;coastal_bunker;4964.00;10.35;1170.00;1.44;0
235;coastal_bunker;4956.00;9.95;1207.00;-4.56;0
235;stronghold_network;4820.00;12.25;1216.00;4.66;0
235;dockyard;4970.00;9.60;1153.00;1.44;0
235;anti_air_building;4900.00;12.85;1089.00;0.77;0
235;anti_air_building;4829.00;12.70;1199.00;4.79;0
235;anti_air_building;4881.00;12.90;1205.00;4.12;0
235;synthetic_refinery;4918.00;11.00;1106.00;0.46;0
235;fuel_silo;4927.00;10.25;1154.00;6.07;0
235;radar_station;4862.00;12.95;1163.00;4.07;0
235;nuclear_reactor_spawn;4915.00;10.75;1121.00;1.97;0
235;special_project_facility_spawn;4823.00;13.60;1119.00;1.73;0
235;special_project_facility_spawn;4838.00;12.85;1159.00;4.93;0
235;special_project_facility_spawn;4768.00;12.95;1190.00;0.25;0
235;special_project_facility_spawn;4773.00;10.55;1231.00;0.29;0
235;special_project_facility_spawn;4802.00;10.60;1253.00;3.89;0
235;special_project_facility_spawn;4857.00;14.70;1092.00;1.35;0
235;special_project_facility_spawn;4930.00;12.90;1196.00;0.79;0
235;special_project_facility_spawn;4888.00;13.50;1075.00;1.91;0
235;special_project_facility_spawn;4850.00;13.93;1224.00;2.07;0
235;special_project_facility_spawn;4892.00;12.50;1099.00;2.90;0
235;special_project_facility_spawn;4810.00;11.65;1199.00;5.29;0
235;special_project_facility_spawn;4932.00;11.40;1166.00;2.77;0
235;special_project_facility_spawn;4808.00;12.55;1173.00;4.94;0
235;special_project_facility_spawn;4945.00;11.50;1173.00;4.81;0
235;special_project_facility_spawn;4848.00;12.28;1192.00;2.30;0
235;special_project_facility_spawn;4894.00;11.43;1135.00;2.56;0
235;special_project_facility_spawn;4917.00;10.80;1126.00;3.61;0
235;special_project_facility_spawn;4882.00;13.20;1196.00;2.24;0
235;special_project_facility_spawn;4885.00;13.20;1158.00;4.21;0
235;naval_base_spawn;4951.00;10.20;1118.00;1.21;4481
235;naval_base_spawn;4972.00;9.60;1155.00;1.44;4278
235;naval_base_spawn;4957.00;10.25;1208.00;-4.56;4278
235;floating_harbor;4955.82;9.50;1135.88;-0.98;56
235;floating_harbor;4990.00;9.50;1170.00;-1.19;61
235;floating_harbor;4964.92;9.50;1201.04;-1.42;154
236;arms_factory;2588.00;10.57;1147.00;1.67;0
236;arms_factory;2574.00;10.65;1155.00;0.02;0
236;arms_factory;2593.00;11.00;1146.00;3.40;0
236;arms_factory;2531.00;10.50;1162.00;4.90;0
236;arms_factory;2537.00;10.50;1155.00;0.47;0
236;arms_factory;2594.00;10.53;1162.00;4.41;0
236;industrial_complex;2560.00;10.95;1152.00;2.49;0
236;industrial_complex;2548.00;10.50;1154.00;2.73;0
236;industrial_complex;2596.00;10.70;1167.00;5.62;0
236;industrial_complex;2594.00;11.12;1177.00;2.97;0
236;industrial_complex;2568.00;10.90;1153.00;3.86;0
236;industrial_complex;2585.00;11.25;1178.00;4.30;0
236;air_base;2530.00;10.50;1159.00;5.20;0
236;supply_node;2584.00;10.75;1170.00;4.90;0
236;supply_node;2591.00;10.82;1141.00;4.03;0
236;supply_node;2569.00;10.82;1151.00;5.21;0
236;supply_node;2553.00;10.85;1159.00;2.06;0
236;supply_node;2598.00;10.70;1160.00;0.37;0
236;supply_node;2530.00;10.50;1159.00;3.83;0
236;supply_node;2552.00;10.45;1146.00;4.67;0
236;bunker;2547.00;10.75;1159.00;0.78;0
236;bunker;2590.00;10.82;1145.00;4.51;0
236;bunker;2569.00;10.80;1162.00;4.71;0
236;bunker;2594.00;10.30;1156.00;3.52;0
236;bunker;2533.00;10.60;1162.00;4.08;0
236;bunker;2581.00;10.50;1159.00;5.15;0
236;bunker;2560.00;10.40;1140.00;3.23;0
236;coastal_bunker;2578.00;10.45;1148.00;0.52;0
236;coastal_bunker;2585.00;9.60;1146.00;-2.27;0
236;coastal_bunker;2546.00;9.50;1150.00;-0.79;0
236;coastal_bunker;2591.00;9.95;1165.00;-1.43;0
236;coastal_bunker;2527.00;9.90;1163.00;-1.57;0
236;coastal_bunker;2584.00;10.30;1157.00;0.09;0
236;stronghold_network;2604.00;11.40;1162.00;4.68;0
236;dockyard;2586.00;10.35;1149.00;-2.27;0
236;anti_air_building;2587.00;11.10;1175.00;5.00;0
236;anti_air_building;2547.00;10.50;1154.00;1.13;0
236;anti_air_building;2555.00;10.80;1155.00;2.49;0
236;synthetic_refinery;2590.00;10.65;1139.00;2.78;0
236;fuel_silo;2583.00;10.35;1160.00;5.45;0
236;radar_station;2564.00;10.95;1159.00;2.77;0
236;nuclear_reactor_spawn;2591.00;10.95;1144.00;3.46;0
236;special_project_facility_spawn;2565.00;11.10;1150.00;1.49;0
236;special_project_facility_spawn;2576.00;10.90;1170.00;0.66;0
236;special_project_facility_spawn;2556.00;10.80;1152.00;3.36;0
236;special_project_facility_spawn;2531.00;10.50;1156.00;0.56;0
236;special_project_facility_spawn;2604.00;11.40;1158.00;5.88;0
236;special_project_facility_spawn;2559.00;10.82;1146.00;5.04;0
236;special_project_facility_spawn;2594.00;11.00;1137.00;0.37;0
236;naval_base_spawn;2521.00;9.50;1155.00;-1.57;3654
236;naval_base_spawn;2583.00;10.30;1155.00;0.09;4194
236;naval_base_spawn;2592.00;9.60;1159.00;-1.43;4194
236;naval_base_spawn;2585.00;9.60;1148.00;-2.27;4194
236;naval_base_spawn;2577.00;10.45;1146.00;0.52;4194
236;naval_base_spawn;2548.00;10.00;1147.00;-0.79;4194
236;floating_harbor;2585.63;9.50;1152.03;-3.05;1447
236;floating_harbor;2558.00;9.50;1126.00;-4.07;1894
236;floating_harbor;2576.47;9.50;1137.92;-2.62;1995
237;arms_factory;2643.00;13.90;1128.00;3.40;0
237;arms_factory;2659.00;13.60;1129.00;4.90;0
237;arms_factory;2641.00;13.80;1128.00;0.47;0
237;arms_factory;2672.00;13.80;1123.00;4.41;0
237;arms_factory;2622.00;13.30;1145.00;2.49;0
237;arms_factory;2633.00;13.98;1130.00;2.73;0
237;industrial_complex;2637.00;13.55;1116.00;5.62;0
237;industrial_complex;2632.00;14.20;1153.00;2.97;0
237;industrial_complex;2643.00;13.30;1109.00;3.86;0
237;industrial_complex;2641.00;12.93;1172.00;4.30;0
237;industrial_complex;2651.00;13.30;1094.00;5.20;0
237;industrial_complex;2662.00;12.32;1095.00;5.18;0
237;air_base;2609.00;12.25;1136.00;4.05;0
237;supply_node;2630.00;13.40;1126.00;5.21;0
237;supply_node;2623.00;13.25;1148.00;2.06;0
237;supply_node;2607.00;12.00;1146.00;0.37;0
237;supply_node;2644.00;14.70;1135.00;3.83;0
237;supply_node;2641.00;13.90;1105.00;4.67;0
237;supply_node;2665.00;12.60;1109.00;2.95;0
237;supply_node;2661.00;14.62;1139.00;6.16;0
237;supply_node;2643.00;14.55;1150.00;2.58;0
237;supply_node;2658.00;12.55;1093.00;3.57;0
237;supply_node;2652.00;12.88;1077.00;0.97;0
237;supply_node;2629.00;13.50;1163.00;0.55;0
237;supply_node;2652.00;12.80;1120.00;4.61;0
237;supply_node;2646.00;13.93;1167.00;0.53;0
237;supply_node;2675.00;14.28;1130.00;4.13;0
237;supply_node;2613.00;12.70;1130.00;4.44;0
237;supply_node;2668.00;11.95;1078.00;3.98;0
237;bunker;2654.00;14.60;1140.00;1.74;0
237;bunker;2654.00;12.48;1115.00;5.91;0
237;bunker;2612.00;12.40;1149.00;4.68;0
237;bunker;2643.00;14.70;1153.00;0.58;0
237;bunker;2666.00;12.80;1107.00;5.00;0
237;bunker;2672.00;14.23;1129.00;1.13;0
237;bunker;2615.00;12.80;1159.00;2.49;0
237;bunker;2650.00;14.23;1132.00;2.78;0
237;bunker;2661.00;12.00;1079.00;5.45;0
237;bunker;2620.00;13.05;1129.00;3.22;0
237;bunker;2650.00;13.25;1092.00;3.46;0
237;bunker;2633.00;13.50;1120.00;1.49;0
237;bunker;2648.00;13.23;1101.00;0.66;0
237;bunker;2638.00;14.05;1163.00;3.36;0
237;bunker;2666.00;11.95;1076.00;0.56;0
237;bunker;2647.00;14.25;1165.00;5.88;0
237;stronghold_network;2620.00;13.12;1156.00;5.04;0
237;anti_air_building;2667.00;11.90;1086.00;0.37;0
237;anti_air_building;2673.00;13.85;1123.00;3.68;0
237;anti_air_building;2670.00;13.10;1117.00;3.50;0
237;synthetic_refinery;2649.00;13.00;1082.00;0.96;0
237;fuel_silo;2649.00;14.95;1144.00;4.66;0
237;radar_station;2643.00;13.45;1122.00;6.03;0
237;nuclear_reactor_spawn;2627.00;13.05;1126.00;0.77;0
237;special_project_facility_spawn;2637.00;14.23;1160.00;4.79;0
237;special_project_facility_spawn;2628.00;13.80;1138.00;4.12;0
237;special_project_facility_spawn;2644.00;14.75;1159.00;0.46;0
237;special_project_facility_spawn;2652.00;14.75;1141.00;6.07;0
237;special_project_facility_spawn;2635.00;14.32;1136.00;1.85;0
237;special_project_facility_spawn;2664.00;11.95;1093.00;1.97;0
237;special_project_facility_spawn;2676.00;14.75;1135.00;1.73;0
237;special_project_facility_spawn;2619.00;12.75;1161.00;4.93;0
237;special_project_facility_spawn;2615.00;12.93;1128.00;0.25;0
237;special_project_facility_spawn;2658.00;12.68;1074.00;0.29;0
237;special_project_facility_spawn;2666.00;12.60;1110.00;3.89;0
237;special_project_facility_spawn;2672.00;11.43;1082.00;1.35;0
237;special_project_facility_spawn;2637.00;14.23;1151.00;0.79;0
237;special_project_facility_spawn;2658.00;12.53;1117.00;1.91;0
237;special_project_facility_spawn;2617.00;13.15;1142.00;2.07;0
237;special_project_facility_spawn;2651.00;13.10;1100.00;2.90;0
238;arms_factory;3291.00;14.45;1286.00;0.47;0
238;arms_factory;3352.00;10.45;1137.00;4.41;0
238;arms_factory;3553.00;15.90;1171.00;2.49;0
238;arms_factory;3270.00;13.10;1276.00;2.73;0
238;arms_factory;3385.00;12.05;1203.00;5.62;0
238;arms_factory;3378.00;11.90;1060.00;2.97;0
238;industrial_complex;3305.00;10.80;1193.00;3.86;0
238;industrial_complex;3459.00;13.85;1155.00;4.30;0
238;industrial_complex;3341.00;12.85;1086.00;5.20;0
238;industrial_complex;3329.00;11.20;1209.00;5.18;0
238;industrial_complex;3421.00;12.20;1081.00;4.05;0
238;industrial_complex;3272.00;14.75;1099.00;2.87;0
238;air_base;3209.00;11.10;1107.00;5.64;0
238;supply_node;3309.00;14.15;1041.00;0.37;0
238;supply_node;3203.00;11.00;1132.00;3.83;0
238;supply_node;3329.00;12.25;1098.00;4.67;0
238;supply_node;3299.00;11.93;1231.00;2.95;0
238;supply_node;3311.00;10.35;1138.00;6.16;0
238;supply_node;3354.00;10.60;1122.00;2.58;0
238;supply_node;3311.00;14.20;1272.00;3.57;0
238;supply_node;3274.00;11.50;1205.00;0.97;0
238;supply_node;3241.00;12.20;1213.00;0.55;0
238;supply_node;3278.00;14.95;1073.00;4.61;0
238;supply_node;3333.00;10.70;1189.00;0.53;0
238;supply_node;3624.00;10.30;1090.00;4.13;0
238;supply_node;3372.00;11.20;1227.00;4.44;0
238;supply_node;3422.00;13.15;1133.00;3.98;0
238;supply_node;3491.00;11.50;1088.00;0.06;0
238;supply_node;3394.00;12.60;1263.00;5.17;0
238;supply_node;3510.00;12.90;1120.00;0.40;0
238;supply_node;3397.00;12.80;1103.00;3.43;0
238;supply_node;3422.00;12.00;1077.00;3.61;0
238;supply_node;3464.00;13.00;1174.00;4.56;0
238;supply_node;3397.00;11.55;1048.00;3.44;0
238;supply_node;3250.00;11.90;1167.00;3.33;0
238;supply_node;3268.00;13.30;1049.00;2.21;0
238;supply_node;3227.00;11.30;1106.00;2.77;0
238;supply_node;3554.00;14.50;1130.00;3.57;0
238;supply_node;3362.00;12.57;1057.00;4.99;0
238;supply_node;3385.00;11.30;1154.00;4.27;0
238;supply_node;3410.00;12.40;1220.00;2.41;0
238;supply_node;3466.00;13.65;1127.00;4.84;0
238;supply_node;3536.00;15.40;1160.00;1.14;0
238;supply_node;3271.00;14.20;1119.00;5.50;0
238;supply_node;3356.00;14.00;1278.00;4.26;0
238;supply_node;3496.00;13.50;1156.00;5.26;0
238;supply_node;3192.00;11.30;1109.00;0.59;0
238;supply_node;3373.00;11.70;1191.00;0.65;0
238;supply_node;3208.00;11.20;1090.00;2.98;0
238;supply_node;3308.00;14.25;1072.00;6.03;0
238;supply_node;3454.00;10.95;1087.00;4.71;0
238;supply_node;3293.00;14.50;1100.00;0.27;0
238;supply_node;3267.00;12.70;1259.00;2.46;0
238;supply_node;3540.00;14.20;1086.00;0.35;0
238;supply_node;3336.00;12.20;1237.00;1.54;0
238;supply_node;3446.00;12.60;1209.00;4.07;0
238;supply_node;3298.00;10.30;1179.00;1.45;0
238;supply_node;3424.00;13.70;1173.00;0.09;0
238;supply_node;3241.00;13.30;1086.00;4.51;0
238;supply_node;3285.00;13.68;1031.00;4.94;0
238;supply_node;3244.00;11.90;1125.00;5.35;0
238;supply_node;3265.00;14.70;1094.00;1.35;0
238;supply_node;3346.00;10.30;1154.00;3.95;0
238;supply_node;3222.00;11.70;1150.00;0.03;0
238;supply_node;3276.00;12.30;1145.00;1.59;0
238;supply_node;3587.00;11.12;1109.00;1.51;0
238;supply_node;3367.00;11.55;1088.00;3.46;0
238;supply_node;3253.00;14.80;1066.00;4.34;0
238;supply_node;3332.00;13.40;1065.00;0.30;0
238;supply_node;3291.00;14.65;1056.00;4.09;0
238;supply_node;3334.00;13.95;1039.00;4.96;0
238;bunker;3516.00;14.55;1147.00;2.30;0
238;bunker;3264.00;14.80;1093.00;2.56;0
238;bunker;3294.00;14.60;1078.00;3.61;0
238;bunker;3295.00;14.40;1071.00;2.24;0
238;bunker;3270.00;14.05;1057.00;4.21;0
238;bunker;3334.00;10.30;1155.00;5.04;0
238;bunker;3257.00;11.25;1238.00;1.51;0
238;bunker;3295.00;14.05;1030.00;5.52;0
238;bunker;3387.00;11.70;1038.00;4.85;0
238;bunker;3318.00;12.30;1242.00;1.75;0
238;bunker;3477.00;11.70;1109.00;5.33;0
238;bunker;3400.00;12.55;1223.00;2.45;0
238;bunker;3554.00;14.55;1127.00;0.35;0
238;bunker;3495.00;11.70;1102.00;0.92;0
238;bunker;3278.00;12.50;1143.00;0.13;0
238;bunker;3297.00;14.30;1087.00;5.60;0
238;bunker;3238.00;12.20;1230.00;1.48;0
238;bunker;3449.00;13.85;1178.00;3.97;0
238;bunker;3250.00;15.20;1053.00;3.71;0
238;bunker;3586.00;11.18;1109.00;2.23;0
238;bunker;3260.00;12.05;1206.00;0.90;0
238;bunker;3220.00;11.40;1096.00;4.16;0
238;bunker;3380.00;13.20;1281.00;2.59;0
238;bunker;3396.00;12.30;1143.00;3.25;0
238;bunker;3325.00;10.40;1175.00;5.82;0
238;bunker;3351.00;10.50;1131.00;1.95;0
238;bunker;3443.00;11.10;1072.00;1.12;0
238;bunker;3318.00;14.30;1038.00;2.22;0
238;bunker;3538.00;14.23;1077.00;4.43;0
238;bunker;3430.00;13.90;1152.00;1.00;0
238;bunker;3242.00;11.80;1129.00;1.07;0
238;bunker;3345.00;12.80;1079.00;5.38;0
238;bunker;3438.00;11.70;1225.00;5.30;0
238;bunker;3228.00;11.43;1117.00;2.88;0
238;bunker;3209.00;10.80;1127.00;2.82;0
238;bunker;3280.00;11.93;1241.00;1.95;0
238;bunker;3384.00;12.10;1193.00;3.42;0
238;bunker;3515.00;14.70;1138.00;5.65;0
238;bunker;3359.00;11.25;1101.00;5.51;0
238;bunker;3632.00;10.50;1073.00;4.66;0
238;bunker;3289.00;14.50;1050.00;4.78;0
238;bunker;3523.00;14.95;1160.00;5.65;0
238;bunker;3383.00;12.60;1271.00;2.11;0
238;bunker;3185.00;11.40;1111.00;3.73;0
238;bunker;3383.00;11.70;1220.00;2.88;0
238;bunker;3388.00;11.90;1084.00;5.27;0
238;bunker;3308.00;10.90;1197.00;2.98;0
238;bunker;3217.00;11.43;1147.00;3.30;0
238;bunker;3414.00;12.10;1076.00;3.09;0
238;bunker;3274.00;14.50;1108.00;0.67;0
238;bunker;3431.00;13.10;1111.00;2.46;0
238;bunker;3245.00;12.20;1153.00;4.30;0
238;bunker;3294.00;12.57;1129.00;4.63;0
238;bunker;3379.00;11.80;1061.00;4.93;0
238;bunker;3319.00;13.10;1254.00;2.54;0
238;bunker;3243.00;14.95;1079.00;3.67;0
238;bunker;3338.00;13.90;1038.00;2.70;0
238;bunker;3347.00;12.95;1073.00;0.12;0
238;stronghold_network;3453.00;13.18;1114.00;5.89;0
238;anti_air_building;3419.00;11.45;1055.00;5.79;0
238;anti_air_building;3599.00;10.48;1117.00;3.27;0
238;anti_air_building;3293.00;13.98;1115.00;1.16;0
238;synthetic_refinery;3430.00;13.10;1100.00;2.34;0
238;fuel_silo;3259.00;14.12;1100.00;4.60;0
238;radar_station;3417.00;12.82;1161.00;3.24;0
238;nuclear_reactor_spawn;3316.00;12.30;1244.00;4.42;0
238;special_project_facility_spawn;3391.00;11.75;1242.00;0.28;0
238;special_project_facility_spawn;3370.00;14.20;1283.00;1.17;0
238;special_project_facility_spawn;3335.00;12.90;1086.00;0.01;0
238;special_project_facility_spawn;3298.00;12.68;1124.00;2.36;0
238;special_project_facility_spawn;3309.00;13.95;1043.00;5.96;0
238;special_project_facility_spawn;3346.00;11.65;1240.00;1.90;0
238;special_project_facility_spawn;3241.00;11.70;1136.00;4.99;0
238;special_project_facility_spawn;3287.00;11.18;1185.00;3.27;0
238;special_project_facility_spawn;3498.00;13.10;1127.00;3.56;0
238;special_project_facility_spawn;3399.00;12.55;1093.00;0.23;0
238;special_project_facility_spawn;3485.00;12.70;1124.00;1.77;0
238;special_project_facility_spawn;3385.00;12.10;1080.00;1.38;0
238;special_project_facility_spawn;3262.00;11.93;1180.00;5.09;0
238;special_project_facility_spawn;3483.00;11.40;1105.00;0.27;0
238;special_project_facility_spawn;3428.00;12.25;1235.00;0.40;0
238;special_project_facility_spawn;3429.00;12.25;1091.00;0.06;0
238;special_project_facility_spawn;3321.00;14.00;1043.00;3.26;0
238;special_project_facility_spawn;3597.00;10.40;1108.00;0.19;0
238;special_project_facility_spawn;3361.00;12.60;1058.00;1.26;0
238;special_project_facility_spawn;3438.00;13.55;1189.00;5.27;0
238;special_project_facility_spawn;3360.00;10.80;1115.00;5.95;0
238;special_project_facility_spawn;3228.00;11.65;1133.00;4.92;0
238;special_project_facility_spawn;3204.00;10.90;1122.00;2.39;0
238;special_project_facility_spawn;3418.00;12.90;1122.00;3.37;0
238;special_project_facility_spawn;3319.00;11.43;1223.00;3.68;0
238;special_project_facility_spawn;3273.00;11.70;1190.00;1.20;0
238;special_project_facility_spawn;3611.00;10.30;1098.00;2.58;0
238;special_project_facility_spawn;3273.00;13.80;1056.00;2.29;0
238;special_project_facility_spawn;3265.00;13.93;1116.00;1.09;0
238;special_project_facility_spawn;3278.00;12.88;1263.00;1.16;0
238;special_project_facility_spawn;3231.00;11.80;1098.00;0.00;0
238;special_project_facility_spawn;3323.00;10.30;1174.00;6.26;0
238;special_project_facility_spawn;3321.00;13.95;1076.00;0.09;0
238;special_project_facility_spawn;3357.00;11.20;1227.00;2.71;0
238;special_project_facility_spawn;3280.00;12.95;1022.00;1.56;0
238;special_project_facility_spawn;3247.00;12.90;1095.00;1.31;0
238;special_project_facility_spawn;3298.00;14.25;1055.00;1.65;0
238;special_project_facility_spawn;3525.00;14.95;1167.00;0.08;0
238;special_project_facility_spawn;3251.00;12.25;1200.00;1.99;0
238;special_project_facility_spawn;3390.00;12.10;1158.00;3.52;0
238;special_project_facility_spawn;3265.00;12.35;1143.00;0.03;0
238;special_project_facility_spawn;3326.00;14.00;1269.00;5.86;0
238;special_project_facility_spawn;3553.00;16.38;1153.00;4.49;0
238;special_project_facility_spawn;3393.00;12.70;1204.00;1.89;0
238;special_project_facility_spawn;3562.00;16.20;1077.00;5.52;0
238;special_project_facility_spawn;3387.00;11.70;1069.00;6.16;0
238;special_project_facility_spawn;3279.00;14.70;1063.00;2.28;0
238;special_project_facility_spawn;3255.00;13.35;1103.00;6.03;0
238;special_project_facility_spawn;3475.00;12.90;1193.00;4.39;0
238;special_project_facility_spawn;3470.00;11.95;1100.00;3.36;0
238;special_project_facility_spawn;3433.00;13.90;1178.00;2.62;0
238;special_project_facility_spawn;3499.00;13.40;1167.00;4.79;0
238;special_project_facility_spawn;3294.00;14.45;1102.00;0.94;0
238;special_project_facility_spawn;3256.00;14.50;1068.00;1.21;0
238;special_project_facility_spawn;3359.00;11.30;1171.00;3.46;0
238;special_project_facility_spawn;3209.00;11.20;1093.00;5.87;0
238;special_project_facility_spawn;3187.00;11.25;1115.00;3.39;0
238;special_project_facility_spawn;3331.00;13.35;1065.00;1.39;0
239;arms_factory;2700.00;14.10;1131.00;2.49;0
239;arms_factory;2724.00;12.95;1062.00;2.73;0
239;arms_factory;2723.00;13.20;1076.00;5.62;0
239;arms_factory;2714.00;12.48;1099.00;2.97;0
239;arms_factory;2678.00;13.05;1112.00;3.86;0
239;arms_factory;2755.00;16.48;1155.00;4.30;0
239;industrial_complex;2713.00;15.50;1147.00;5.20;0
239;industrial_complex;2729.00;16.25;1171.00;5.18;0
239;industrial_complex;2744.00;14.95;1086.00;4.05;0
239;industrial_complex;2724.00;16.10;1151.00;2.87;0
239;industrial_complex;2752.00;16.75;1169.00;5.64;0
239;industrial_complex;2683.00;10.70;1008.00;2.05;0
239;air_base;2717.00;13.55;1122.00;2.94;0
239;supply_node;2774.00;16.30;1125.00;4.67;0
239;supply_node;2674.00;11.53;1064.00;2.95;0
239;supply_node;2696.00;11.05;1045.00;6.16;0
239;supply_node;2725.00;11.70;1046.00;2.58;0
239;supply_node;2714.00;11.40;1075.00;3.57;0
239;supply_node;2758.00;14.75;1079.00;0.97;0
239;supply_node;2746.00;15.90;1108.00;0.55;0
239;supply_node;2722.00;15.98;1138.00;4.61;0
239;supply_node;2708.00;13.95;1129.00;0.53;0
239;supply_node;2790.00;16.48;1140.00;4.13;0
239;supply_node;2694.00;11.23;1099.00;4.44;0
239;supply_node;2678.00;12.00;1091.00;3.98;0
239;supply_node;2678.00;12.00;1045.00;0.06;0
239;supply_node;2744.00;16.50;1132.00;5.17;0
239;supply_node;2710.00;10.82;1059.00;0.40;0
239;supply_node;2700.00;11.18;1023.00;3.43;0
239;supply_node;2714.00;11.75;1093.00;3.61;0
239;supply_node;2683.00;12.90;1112.00;4.56;0
239;supply_node;2709.00;12.23;1112.00;3.44;0
239;supply_node;2759.00;16.40;1161.00;3.33;0
239;supply_node;2735.00;16.50;1165.00;2.21;0
239;supply_node;2738.00;12.82;1061.00;2.77;0
239;supply_node;2759.00;16.73;1143.00;3.57;0
239;supply_node;2726.00;14.30;1110.00;4.99;0
239;supply_node;2738.00;14.40;1091.00;4.27;0
239;supply_node;2733.00;13.60;1076.00;2.41;0
239;supply_node;2694.00;10.45;1081.00;4.84;0
239;supply_node;2781.00;16.00;1107.00;1.14;0
239;supply_node;2746.00;16.70;1178.00;5.50;0
239;supply_node;2722.00;16.20;1155.00;4.26;0
239;supply_node;2743.00;16.20;1152.00;5.26;0
239;supply_node;2704.00;15.10;1152.00;0.59;0
239;supply_node;2773.00;16.65;1151.00;0.65;0
239;supply_node;2695.00;15.45;1141.00;2.98;0
239;supply_node;2731.00;14.55;1125.00;6.03;0
239;supply_node;2759.00;16.30;1127.00;4.71;0
239;supply_node;2691.00;13.30;1124.00;0.27;0
239;supply_node;2789.00;16.00;1125.00;2.46;0
239;supply_node;2762.00;16.00;1112.00;0.35;0
239;supply_node;2760.00;15.65;1096.00;1.54;0
239;supply_node;2691.00;10.55;1065.00;4.07;0
239;supply_node;2711.00;11.20;1038.00;1.45;0
239;supply_node;2684.00;11.95;1030.00;0.09;0
239;supply_node;2687.00;10.95;1011.00;4.51;0
239;bunker;2680.00;10.95;1081.00;0.25;0
239;bunker;2758.00;16.40;1165.00;0.29;0
239;bunker;2717.00;11.53;1059.00;3.89;0
239;bunker;2739.00;13.07;1064.00;1.35;0
239;bunker;2682.00;11.75;1026.00;0.79;0
239;bunker;2725.00;14.30;1102.00;1.91;0
239;bunker;2688.00;11.05;1069.00;2.07;0
239;bunker;2775.00;16.25;1120.00;2.90;0
239;bunker;2741.00;14.62;1089.00;5.29;0
239;bunker;2702.00;11.10;1023.00;2.77;0
239;bunker;2753.00;14.50;1070.00;4.94;0
239;bunker;2731.00;13.90;1087.00;4.81;0
239;bunker;2706.00;15.85;1159.00;2.30;0
239;bunker;2767.00;15.90;1108.00;2.56;0
239;bunker;2680.00;11.30;1072.00;3.61;0
239;bunker;2788.00;15.90;1118.00;2.24;0
239;bunker;2797.00;16.60;1140.00;4.21;0
239;bunker;2702.00;11.00;1099.00;5.04;0
239;bunker;2710.00;10.40;1047.00;1.51;0
239;bunker;2741.00;16.20;1151.00;5.52;0
239;bunker;2734.00;14.70;1118.00;4.85;0
239;bunker;2780.00;16.20;1117.00;1.75;0
239;bunker;2763.00;15.15;1091.00;5.33;0
239;bunker;2767.00;16.70;1149.00;2.45;0
239;bunker;2674.00;11.50;1044.00;0.35;0
239;bunker;2690.00;12.43;1111.00;0.92;0
239;bunker;2702.00;10.60;1084.00;0.13;0
239;bunker;2690.00;11.05;1012.00;5.60;0
239;bunker;2770.00;16.70;1139.00;1.48;0
239;bunker;2709.00;10.75;1077.00;3.97;0
239;bunker;2717.00;13.28;1116.00;3.71;0
239;bunker;2743.00;16.70;1168.00;2.23;0
239;bunker;2703.00;11.07;1042.00;0.90;0
239;bunker;2725.00;16.20;1150.00;4.16;0
239;bunker;2728.00;16.45;1147.00;2.59;0
239;bunker;2748.00;16.25;1114.00;3.25;0
239;bunker;2725.00;11.75;1051.00;5.82;0
239;bunker;2746.00;16.50;1133.00;1.95;0
239;bunker;2695.00;13.40;1127.00;1.12;0
239;bunker;2752.00;16.30;1127.00;2.22;0
239;bunker;2720.00;13.00;1090.00;4.43;0
239;bunker;2748.00;16.75;1171.00;1.00;0
239;bunker;2691.00;15.20;1138.00;1.07;0
239;bunker;2708.00;14.53;1133.00;5.38;0
239;coastal_bunker;2689.00;9.95;1000.00;0.09;0
239;stronghold_network;2684.00;10.80;1083.00;2.88;0
239;dockyard;2688.00;9.60;1000.00;0.09;0
239;anti_air_building;2718.00;13.40;1101.00;1.95;0
239;anti_air_building;2701.00;11.25;1036.00;3.42;0
239;anti_air_building;2734.00;14.40;1105.00;5.65;0
239;synthetic_refinery;2752.00;16.15;1119.00;5.51;0
239;fuel_silo;2750.00;15.60;1096.00;4.66;0
239;radar_station;2733.00;14.48;1095.00;3.41;0
239;nuclear_reactor_spawn;2752.00;16.20;1121.00;5.65;0
239;special_project_facility_spawn;2682.00;11.03;1087.00;2.11;0
239;special_project_facility_spawn;2684.00;11.80;1028.00;3.73;0
239;special_project_facility_spawn;2790.00;16.00;1122.00;2.88;0
239;special_project_facility_spawn;2747.00;16.40;1152.00;5.27;0
239;special_project_facility_spawn;2754.00;15.98;1105.00;2.98;0
239;special_project_facility_spawn;2698.00;13.50;1128.00;3.30;0
239;special_project_facility_spawn;2705.00;11.10;1027.00;3.09;0
239;special_project_facility_spawn;2688.00;11.25;1019.00;0.67;0
239;special_project_facility_spawn;2737.00;15.73;1129.00;2.46;0
239;special_project_facility_spawn;2760.00;14.80;1079.00;4.30;0
239;special_project_facility_spawn;2777.00;16.20;1123.00;4.63;0
239;special_project_facility_spawn;2703.00;10.30;1074.00;4.93;0
239;special_project_facility_spawn;2753.00;16.43;1160.00;2.54;0
239;special_project_facility_spawn;2689.00;11.05;1070.00;3.67;0
239;special_project_facility_spawn;2687.00;12.60;1107.00;2.70;0
239;special_project_facility_spawn;2716.00;14.85;1132.00;0.12;0
239;special_project_facility_spawn;2798.00;16.50;1136.00;5.89;0
239;special_project_facility_spawn;2760.00;15.65;1096.00;5.79;0
239;special_project_facility_spawn;2713.00;12.85;1109.00;3.27;0
239;special_project_facility_spawn;2719.00;15.95;1138.00;1.16;0
239;special_project_facility_spawn;2750.00;16.65;1174.00;2.34;0
239;special_project_facility_spawn;2708.00;15.62;1155.00;4.60;0
239;special_project_facility_spawn;2753.00;16.00;1132.00;5.62;0
239;special_project_facility_spawn;2732.00;16.60;1164.00;4.42;0
239;special_project_facility_spawn;2731.00;14.23;1105.00;0.28;0
239;special_project_facility_spawn;2743.00;14.70;1085.00;1.17;0
239;special_project_facility_spawn;2723.00;11.60;1040.00;0.01;0
239;special_project_facility_spawn;2776.00;16.40;1155.00;2.36;0
239;special_project_facility_spawn;2745.00;14.35;1078.00;5.96;0
239;special_project_facility_spawn;2713.00;11.12;1068.00;1.90;0
239;special_project_facility_spawn;2708.00;10.93;1042.00;4.99;0
239;special_project_facility_spawn;2693.00;15.62;1151.00;3.27;0
239;special_project_facility_spawn;2681.00;11.15;1061.00;3.56;0
239;special_project_facility_spawn;2714.00;10.93;1058.00;0.23;0
239;special_project_facility_spawn;2751.00;16.70;1147.00;1.77;0
239;special_project_facility_spawn;2725.00;16.50;1158.00;1.38;0
239;special_project_facility_spawn;2683.00;12.10;1047.00;5.09;0
239;special_project_facility_spawn;2765.00;15.90;1108.00;0.27;0
239;special_project_facility_spawn;2701.00;10.82;1047.00;0.40;0
239;special_project_facility_spawn;2740.00;16.40;1142.00;0.06;0
239;special_project_facility_spawn;2737.00;13.10;1068.00;3.26;0
239;special_project_facility_spawn;2782.00;16.20;1114.00;0.19;0
239;special_project_facility_spawn;2724.00;14.03;1093.00;1.26;0
239;special_project_facility_spawn;2699.00;10.50;1093.00;5.27;0
239;naval_base_spawn;2689.00;9.95;1000.00;0.09;4542
240;arms_factory;2924.00;11.50;1174.00;2.97;0
240;arms_factory;2908.00;12.50;1173.00;3.86;0
240;arms_factory;2893.00;11.15;1113.00;4.30;0
240;arms_factory;2884.00;11.00;1118.00;5.20;0
240;arms_factory;2937.00;11.23;1213.00;5.18;0
240;arms_factory;2862.00;11.23;1179.00;4.05;0
240;industrial_complex;2896.00;14.05;1155.00;2.87;0
240;industrial_complex;2887.00;11.43;1095.00;5.64;0
240;industrial_complex;2953.00;12.75;1080.00;2.05;0
240;industrial_complex;2897.00;10.82;1055.00;2.94;0
240;industrial_complex;2919.00;11.48;1182.00;2.93;0
240;industrial_complex;2936.00;12.20;1136.00;0.78;0
240;air_base;2962.00;10.90;1189.00;4.51;0
240;supply_node;2895.00;10.55;1050.00;2.58;0
240;supply_node;2802.00;16.45;1119.00;3.57;0
240;supply_node;2827.00;16.00;1128.00;0.97;0
240;supply_node;2902.00;12.40;1094.00;0.55;0
240;supply_node;2931.00;12.45;1169.00;4.61;0
240;supply_node;2843.00;14.03;1154.00;0.53;0
240;supply_node;2938.00;12.55;1101.00;4.13;0
240;supply_node;2948.00;12.88;1118.00;4.44;0
240;supply_node;2866.00;12.12;1136.00;3.98;0
240;supply_node;2937.00;11.95;1220.00;0.06;0
240;supply_node;2995.00;13.05;1095.00;5.17;0
240;supply_node;2914.00;11.90;1078.00;0.40;0
240;supply_node;2964.00;12.82;1092.00;3.43;0
240;supply_node;2952.00;13.35;1134.00;3.61;0
240;supply_node;2898.00;12.80;1134.00;4.56;0
240;supply_node;2916.00;12.60;1122.00;3.44;0
240;supply_node;2873.00;12.70;1087.00;3.33;0
240;supply_node;2965.00;11.85;1153.00;2.21;0
240;supply_node;2873.00;11.70;1111.00;2.77;0
240;supply_node;2877.00;13.20;1153.00;3.57;0
240;supply_node;2819.00;15.80;1097.00;4.99;0
240;supply_node;2969.00;13.65;1122.00;4.27;0
240;supply_node;2897.00;11.75;1115.00;2.41;0
240;supply_node;2853.00;14.05;1102.00;4.84;0
240;supply_node;2925.00;10.85;1059.00;1.14;0
240;supply_node;2933.00;12.00;1078.00;5.50;0
240;supply_node;2897.00;13.00;1167.00;4.26;0
240;supply_node;2878.00;12.80;1183.00;5.26;0
240;supply_node;2994.00;13.35;1077.00;0.59;0
240;supply_node;2918.00;11.35;1197.00;0.65;0
240;supply_node;2917.00;12.35;1142.00;2.98;0
240;supply_node;2987.00;12.90;1115.00;6.03;0
240;supply_node;2952.00;12.82;1082.00;4.71;0
240;supply_node;2837.00;14.10;1085.00;0.27;0
240;supply_node;2858.00;12.60;1080.00;2.46;0
240;supply_node;2845.00;14.55;1133.00;0.35;0
240;supply_node;2969.00;13.93;1065.00;1.54;0
240;supply_node;2948.00;10.40;1197.00;4.07;0
240;supply_node;2805.00;16.55;1153.00;1.45;0
240;supply_node;2932.00;12.20;1137.00;0.09;0
240;supply_node;2891.00;11.00;1078.00;4.51;0
240;supply_node;2913.00;11.30;1040.00;4.94;0
240;supply_node;2828.00;16.48;1146.00;5.35;0
240;supply_node;2945.00;12.23;1061.00;1.35;0
240;supply_node;2906.00;10.82;1063.00;3.95;0
240;supply_node;2901.00;12.50;1184.00;0.03;0
240;supply_node;2958.00;12.05;1177.00;1.59;0
240;supply_node;2864.00;11.60;1173.00;1.51;0
240;supply_node;2912.00;12.85;1159.00;3.46;0
240;supply_node;2859.00;12.28;1155.00;4.34;0
240;supply_node;2894.00;14.15;1151.00;0.30;0
240;supply_node;2944.00;12.80;1151.00;4.09;0
240;supply_node;2812.00;16.40;1136.00;4.96;0
240;supply_node;2882.00;11.90;1129.00;0.67;0
240;supply_node;2857.00;13.10;1122.00;3.14;0
240;supply_node;2931.00;11.75;1119.00;1.79;0
240;supply_node;2838.00;15.50;1117.00;3.27;0
240;supply_node;2817.00;16.43;1116.00;3.60;0
240;supply_node;2959.00;12.57;1107.00;5.22;0
240;supply_node;2913.00;12.95;1108.00;2.83;0
240;supply_node;2798.00;16.10;1103.00;4.57;0
240;supply_node;2834.00;15.65;1103.00;0.41;0
240;supply_node;2886.00;11.75;1101.00;4.69;0
240;supply_node;2980.00;13.10;1101.00;0.23;0
240;supply_node;2922.00;12.88;1094.00;1.46;0
240;supply_node;2978.00;13.20;1082.00;4.23;0
240;bunker;2946.00;12.82;1084.00;0.92;0
240;bunker;2911.00;13.15;1155.00;0.13;0
240;bunker;2841.00;15.12;1111.00;5.60;0
240;bunker;2816.00;14.90;1090.00;1.48;0
240;bunker;2928.00;10.70;1200.00;3.97;0
240;bunker;2906.00;10.75;1065.00;3.71;0
240;bunker;2916.00;12.55;1123.00;2.23;0
240;bunker;2911.00;13.12;1140.00;0.90;0
240;bunker;2908.00;11.53;1081.00;4.16;0
240;bunker;2972.00;13.70;1086.00;2.59;0
240;bunker;2867.00;12.95;1095.00;3.25;0
240;bunker;2880.00;11.45;1124.00;5.82;0
240;bunker;2907.00;12.57;1136.00;1.95;0
240;bunker;2834.00;15.60;1106.00;1.12;0
240;bunker;2959.00;10.70;1197.00;2.22;0
240;bunker;2825.00;14.55;1086.00;4.43;0
240;bunker;2891.00;11.05;1107.00;1.00;0
240;bunker;2956.00;12.53;1109.00;1.07;0
240;bunker;2914.00;11.45;1033.00;5.38;0
240;bunker;2994.00;13.05;1108.00;5.30;0
240;bunker;2955.00;12.20;1153.00;2.88;0
240;bunker;2901.00;12.35;1121.00;2.82;0
240;bunker;2830.00;16.40;1138.00;1.95;0
240;bunker;2872.00;11.80;1113.00;3.42;0
240;bunker;2807.00;16.75;1149.00;5.65;0
240;bunker;2905.00;12.25;1107.00;5.51;0
240;bunker;2812.00;16.60;1144.00;4.66;0
240;bunker;2894.00;13.80;1161.00;4.78;0
240;bunker;2864.00;13.23;1075.00;5.65;0
240;bunker;2925.00;12.40;1136.00;2.11;0
240;bunker;2866.00;12.30;1161.00;3.73;0
240;bunker;2878.00;13.20;1152.00;2.88;0
240;bunker;2855.00;13.85;1094.00;5.27;0
240;bunker;2899.00;11.95;1097.00;2.98;0
240;bunker;2939.00;12.28;1107.00;3.30;0
240;bunker;2987.00;13.62;1070.00;3.09;0
240;bunker;2901.00;12.60;1180.00;0.67;0
240;bunker;2977.00;13.10;1111.00;2.46;0
240;bunker;2977.00;13.80;1071.00;4.30;0
240;bunker;2892.00;10.60;1058.00;4.63;0
240;bunker;2858.00;12.50;1130.00;4.93;0
240;bunker;2974.00;13.40;1094.00;2.54;0
240;bunker;2811.00;15.73;1124.00;3.67;0
240;bunker;2950.00;10.50;1215.00;2.70;0
240;bunker;2804.00;16.25;1118.00;0.12;0
240;bunker;2838.00;15.85;1134.00;5.89;0
240;bunker;2875.00;12.23;1193.00;5.79;0
240;bunker;2946.00;12.65;1072.00;3.27;0
240;bunker;2938.00;11.80;1180.00;1.16;0
240;bunker;2991.00;13.10;1105.00;2.34;0
240;bunker;2960.00;12.00;1178.00;4.60;0
240;bunker;2984.00;13.00;1105.00;5.62;0
240;bunker;2860.00;11.10;1182.00;4.42;0
240;bunker;2895.00;11.20;1079.00;0.28;0
240;bunker;2851.00;12.55;1153.00;1.17;0
240;bunker;2942.00;12.50;1079.00;0.01;0
240;bunker;2925.00;12.62;1115.00;2.36;0
240;bunker;2945.00;12.55;1125.00;5.96;0
240;bunker;2822.00;15.85;1125.00;1.90;0
240;bunker;2927.00;12.57;1099.00;4.99;0
240;bunker;2918.00;10.80;1065.00;3.27;0
240;bunker;2942.00;12.55;1144.00;3.56;0
240;bunker;2793.00;16.15;1105.00;0.23;0
240;bunker;2868.00;11.50;1129.00;1.77;0
240;bunker;2957.00;13.15;1128.00;1.38;0
240;bunker;2899.00;13.85;1151.00;5.09;0
240;stronghold_network;2879.00;12.70;1189.00;0.27;0
240;anti_air_building;2972.00;14.00;1068.00;0.40;0
240;anti_air_building;2901.00;12.60;1180.00;0.06;0
240;anti_air_building;2865.00;12.50;1117.00;3.26;0
240;synthetic_refinery;2826.00;16.20;1135.00;0.19;0
240;fuel_silo;2924.00;12.53;1137.00;1.26;0
240;radar_station;2898.00;12.70;1133.00;0.93;0
240;nuclear_reactor_spawn;2832.00;16.00;1096.00;5.95;0
240;special_project_facility_spawn;2852.00;13.70;1119.00;4.92;0
240;special_project_facility_spawn;2946.00;12.85;1082.00;2.39;0
240;special_project_facility_spawn;2929.00;11.30;1224.00;3.37;0
240;special_project_facility_spawn;2844.00;15.00;1099.00;3.68;0
240;special_project_facility_spawn;2937.00;12.10;1091.00;1.20;0
240;special_project_facility_spawn;2916.00;11.20;1041.00;2.58;0
240;special_project_facility_spawn;2963.00;12.10;1151.00;2.29;0
240;special_project_facility_spawn;2952.00;12.65;1176.00;1.09;0
240;special_project_facility_spawn;2882.00;11.75;1126.00;1.16;0
240;special_project_facility_spawn;2987.00;13.40;1120.00;0.00;0
240;special_project_facility_spawn;2958.00;10.70;1204.00;6.26;0
240;special_project_facility_spawn;2888.00;10.55;1114.00;0.09;0
240;special_project_facility_spawn;2868.00;12.50;1113.00;2.71;0
240;special_project_facility_spawn;2927.00;10.62;1197.00;1.56;0
240;special_project_facility_spawn;2925.00;12.55;1108.00;1.31;0
240;special_project_facility_spawn;2938.00;12.20;1089.00;1.65;0
240;special_project_facility_spawn;2842.00;14.40;1090.00;0.08;0
240;special_project_facility_spawn;2927.00;11.30;1181.00;1.99;0
240;special_project_facility_spawn;2912.00;12.10;1183.00;3.52;0
240;special_project_facility_spawn;2895.00;10.35;1045.00;0.03;0
240;special_project_facility_spawn;2822.00;15.95;1123.00;5.86;0
240;special_project_facility_spawn;2929.00;11.70;1122.00;4.49;0
240;special_project_facility_spawn;2986.00;13.20;1091.00;1.89;0
240;special_project_facility_spawn;2852.00;13.15;1137.00;5.52;0
240;special_project_facility_spawn;2821.00;16.50;1151.00;6.16;0
240;special_project_facility_spawn;2987.00;13.55;1077.00;2.28;0
240;special_project_facility_spawn;2855.00;12.50;1143.00;6.03;0
240;special_project_facility_spawn;2988.00;12.88;1095.00;4.39;0
240;special_project_facility_spawn;2863.00;11.43;1169.00;3.36;0
240;special_project_facility_spawn;2851.00;14.00;1108.00;2.62;0
240;special_project_facility_spawn;2854.00;12.53;1077.00;4.79;0
240;special_project_facility_spawn;2853.00;12.70;1143.00;0.94;0
240;special_project_facility_spawn;2823.00;15.93;1125.00;1.21;0
240;special_project_facility_spawn;2962.00;13.35;1124.00;3.46;0
240;special_project_facility_spawn;2798.00;16.20;1107.00;5.87;0
240;special_project_facility_spawn;2821.00;16.00;1100.00;3.39;0
240;special_project_facility_spawn;2923.00;12.10;1123.00;1.39;0
240;special_project_facility_spawn;2898.00;12.28;1124.00;3.93;0
240;special_project_facility_spawn;2821.00;16.20;1138.00;2.09;0
240;special_project_facility_spawn;2859.00;11.80;1160.00;3.63;0
240;special_project_facility_spawn;2909.00;12.55;1171.00;0.22;0
240;special_project_facility_spawn;2914.00;12.75;1154.00;2.10;0
240;special_project_facility_spawn;2863.00;13.10;1095.00;4.76;0
240;special_project_facility_spawn;2889.00;10.80;1083.00;1.54;0
240;special_project_facility_spawn;2928.00;11.45;1063.00;5.49;0
240;special_project_facility_spawn;2894.00;13.85;1148.00;2.40;0
240;special_project_facility_spawn;2925.00;12.93;1100.00;6.04;0
240;special_project_facility_spawn;2967.00;12.95;1108.00;2.05;0
240;special_project_facility_spawn;2954.00;13.25;1125.00;5.91;0
240;special_project_facility_spawn;2949.00;13.25;1139.00;1.21;0
240;special_project_facility_spawn;2913.00;12.85;1142.00;5.98;0
240;special_project_facility_spawn;2896.00;11.60;1094.00;6.18;0
240;special_project_facility_spawn;2943.00;12.00;1067.00;2.62;0
240;special_project_facility_spawn;2935.00;11.85;1132.00;6.13;0
240;special_project_facility_spawn;2922.00;11.70;1079.00;3.83;0
240;special_project_facility_spawn;2968.00;13.80;1077.00;1.42;0
240;special_project_facility_spawn;2951.00;12.28;1152.00;1.72;0
240;special_project_facility_spawn;2803.00;16.20;1116.00;0.84;0
240;special_project_facility_spawn;2802.00;16.70;1148.00;6.16;0
240;special_project_facility_spawn;2882.00;13.80;1158.00;1.27;0
240;special_project_facility_spawn;2888.00;11.70;1101.00;0.48;0
240;special_project_facility_spawn;2881.00;13.00;1184.00;4.62;0
240;special_project_facility_spawn;2840.00;15.05;1122.00;6.24;0
240;special_project_facility_spawn;2907.00;10.80;1068.00;2.93;0
240;special_project_facility_spawn;2974.00;13.40;1093.00;4.42;0
240;special_project_facility_spawn;2974.00;13.40;1097.00;5.21;0
241;arms_factory;2248.00;13.18;1189.00;4.30;0
241;arms_factory;2211.00;10.53;1170.00;5.20;0
241;arms_factory;2207.00;10.25;1178.00;5.18;0
241;arms_factory;2228.00;11.35;1179.00;4.05;0
241;arms_factory;2256.00;11.32;1204.00;2.87;0
241;arms_factory;2270.00;11.12;1213.00;5.64;0
241;industrial_complex;2262.00;12.07;1198.00;2.05;0
241;industrial_complex;2235.00;12.35;1178.00;2.94;0
241;industrial_complex;2204.00;11.75;1164.00;2.93;0
241;industrial_complex;2162.00;12.53;1151.00;0.78;0
241;industrial_complex;2233.00;12.55;1185.00;4.51;0
241;industrial_complex;2208.00;10.50;1173.00;4.71;0
241;air_base;2253.00;11.88;1200.00;3.52;0
241;supply_node;2217.00;10.55;1171.00;0.97;0
241;supply_node;2246.00;11.50;1201.00;0.55;0
241;supply_node;2264.00;10.85;1214.00;4.61;0
241;supply_node;2163.00;12.70;1142.00;0.53;0
241;supply_node;2187.00;12.30;1154.00;4.13;0
241;supply_node;2234.00;12.55;1182.00;4.44;0
241;supply_node;2251.00;13.65;1183.00;3.98;0
241;supply_node;2202.00;11.95;1163.00;0.06;0
241;supply_node;2263.00;12.10;1198.00;5.17;0
241;supply_node;2218.00;10.35;1187.00;0.40;0
241;supply_node;2177.00;11.30;1161.00;3.43;0
241;bunker;2238.00;13.00;1176.00;5.00;0
241;bunker;2251.00;13.70;1181.00;1.13;0
241;bunker;2263.00;11.20;1207.00;2.49;0
241;bunker;2224.00;11.00;1182.00;2.78;0
241;bunker;2178.00;11.75;1155.00;5.45;0
241;bunker;2204.00;10.30;1175.00;3.22;0
241;bunker;2221.00;11.23;1166.00;3.46;0
241;bunker;2184.00;10.40;1168.00;1.49;0
241;bunker;2250.00;11.40;1205.00;0.66;0
241;bunker;2164.00;12.50;1150.00;3.36;0
241;bunker;2260.00;10.70;1221.00;0.56;0
241;stronghold_network;2163.00;12.95;1135.00;5.88;0
241;anti_air_building;2200.00;12.03;1162.00;5.04;0
241;anti_air_building;2205.00;10.30;1176.00;0.37;0
241;anti_air_building;2236.00;12.45;1175.00;3.68;0
241;synthetic_refinery;2186.00;12.30;1151.00;3.50;0
241;fuel_silo;2218.00;10.50;1191.00;0.96;0
241;radar_station;2215.00;10.50;1179.00;2.98;0
241;nuclear_reactor_spawn;2225.00;10.85;1179.00;1.08;0
241;special_project_facility_spawn;2257.00;10.65;1215.00;0.77;0
241;special_project_facility_spawn;2193.00;12.35;1158.00;4.79;0
241;special_project_facility_spawn;2230.00;12.25;1191.00;4.12;0
241;special_project_facility_spawn;2260.00;12.88;1191.00;0.46;0
241;special_project_facility_spawn;2175.00;11.90;1153.00;6.07;0
241;special_project_facility_spawn;2244.00;13.60;1182.00;1.85;0
241;special_project_facility_spawn;2162.00;13.10;1134.00;1.97;0
241;special_project_facility_spawn;2204.00;10.30;1175.00;1.73;0
241;special_project_facility_spawn;2212.00;10.15;1188.00;4.93;0
241;special_project_facility_spawn;2240.00;11.65;1203.00;0.25;0
241;special_project_facility_spawn;2211.00;10.50;1172.00;0.29;0
242;arms_factory;2539.00;11.20;1087.00;5.18;0
242;arms_factory;2635.00;10.80;1027.00;4.05;0
242;arms_factory;2652.00;10.60;1006.00;2.87;0
242;arms_factory;2568.00;11.90;1073.00;5.64;0
242;arms_factory;2552.00;11.18;1088.00;2.05;0
242;arms_factory;2550.00;11.30;1098.00;2.94;0
242;industrial_complex;2633.00;12.28;1062.00;2.93;0
242;industrial_complex;2533.00;10.53;1100.00;0.78;0
242;industrial_complex;2602.00;11.43;1108.00;4.51;0
242;industrial_complex;2554.00;11.10;1082.00;4.71;0
242;industrial_complex;2566.00;11.85;1051.00;3.52;0
242;industrial_complex;2588.00;11.25;1092.00;4.08;0
242;air_base;2531.00;11.18;1085.00;5.15;0
242;supply_node;2614.00;10.55;1019.00;4.61;0
242;supply_node;2633.00;12.57;1066.00;0.53;0
242;supply_node;2569.00;10.65;1090.00;4.13;0
242;supply_node;2552.00;11.20;1079.00;4.44;0
242;supply_node;2597.00;10.30;1013.00;3.98;0
242;supply_node;2573.00;11.35;1034.00;0.06;0
242;supply_node;2657.00;11.90;1030.00;5.17;0
242;supply_node;2584.00;11.35;1056.00;0.40;0
242;supply_node;2604.00;11.75;1097.00;3.43;0
242;supply_node;2658.00;10.50;1007.00;3.61;0
242;supply_node;2671.00;10.85;1018.00;4.56;0
242;supply_node;2596.00;10.10;1036.00;3.44;0
242;supply_node;2555.00;10.82;1105.00;3.33;0
242;supply_node;2600.00;11.45;1073.00;2.21;0
242;supply_node;2618.00;12.45;1112.00;2.77;0
242;supply_node;2568.00;11.60;1048.00;3.57;0
242;supply_node;2525.00;10.82;1092.00;4.99;0
242;supply_node;2504.00;10.30;1060.00;4.27;0
242;supply_node;2529.00;10.20;1043.00;2.41;0
242;supply_node;2601.00;11.90;1118.00;4.84;0
242;supply_node;2633.00;10.60;1011.00;1.14;0
242;supply_node;2639.00;11.45;1039.00;5.50;0
242;supply_node;2651.00;13.15;1062.00;4.26;0
242;supply_node;2526.00;10.53;1056.00;5.26;0
242;supply_node;2549.00;10.65;1040.00;0.59;0
242;supply_node;2586.00;10.85;1102.00;0.65;0
242;supply_node;2589.00;11.40;1085.00;2.98;0
242;supply_node;2617.00;10.20;1048.00;6.03;0
242;supply_node;2589.00;10.55;1123.00;4.71;0
242;supply_node;2540.00;10.70;1102.00;0.27;0
242;supply_node;2625.00;13.30;1099.00;2.46;0
242;supply_node;2549.00;11.45;1093.00;0.35;0
242;supply_node;2615.00;12.20;1086.00;1.54;0
242;supply_node;2641.00;13.40;1086.00;4.07;0
242;supply_node;2536.00;11.40;1079.00;1.45;0
242;supply_node;2521.00;10.80;1074.00;0.09;0
242;supply_node;2575.00;11.90;1074.00;4.51;0
242;supply_node;2616.00;11.48;1069.00;4.94;0
242;supply_node;2562.00;12.23;1067.00;5.35;0
242;supply_node;2541.00;10.80;1064.00;1.35;0
242;supply_node;2602.00;10.50;1055.00;3.95;0
242;supply_node;2552.00;11.40;1055.00;0.03;0
242;supply_node;2637.00;11.80;1053.00;1.59;0
242;supply_node;2662.00;11.70;1049.00;1.51;0
242;supply_node;2621.00;10.60;1033.00;3.46;0
242;supply_node;2563.00;10.70;1027.00;4.34;0
242;supply_node;2640.00;10.85;1023.00;0.30;0
242;supply_node;2586.00;10.80;1022.00;4.09;0
242;supply_node;2574.00;10.60;1018.00;4.96;0
242;supply_node;2617.00;10.30;1004.00;0.67;0
242;supply_node;2674.00;10.30;1003.00;3.14;0
242;supply_node;2644.00;10.30;1000.00;1.79;0
242;supply_node;2627.00;10.30;996.00;3.27;0
242;bunker;2600.00;10.30;1039.00;4.21;0
242;bunker;2642.00;13.62;1090.00;5.04;0
242;bunker;2539.00;11.20;1079.00;1.51;0
242;bunker;2563.00;11.80;1074.00;5.52;0
242;bunker;2540.00;10.60;1045.00;4.85;0
242;bunker;2562.00;11.60;1051.00;1.75;0
242;bunker;2647.00;12.28;1052.00;5.33;0
242;bunker;2587.00;11.18;1095.00;2.45;0
242;bunker;2556.00;11.90;1063.00;0.35;0
242;bunker;2547.00;11.18;1084.00;0.92;0
242;bunker;2529.00;11.00;1067.00;0.13;0
242;bunker;2640.00;12.70;1070.00;5.60;0
242;bunker;2587.00;11.20;1055.00;1.48;0
242;bunker;2603.00;11.55;1085.00;3.97;0
242;bunker;2657.00;12.55;1059.00;3.71;0
242;bunker;2568.00;11.12;1027.00;2.23;0
242;bunker;2601.00;11.00;1067.00;0.90;0
242;bunker;2613.00;10.80;1036.00;4.16;0
242;bunker;2624.00;10.80;1046.00;2.59;0
242;bunker;2588.00;10.30;1009.00;3.25;0
242;bunker;2618.00;10.30;1006.00;5.82;0
242;bunker;2591.00;10.55;1121.00;1.95;0
242;bunker;2613.00;11.90;1082.00;1.12;0
242;bunker;2615.00;10.65;1025.00;2.22;0
242;bunker;2666.00;10.88;1018.00;4.43;0
242;bunker;2529.00;10.65;1057.00;1.00;0
242;bunker;2546.00;11.50;1094.00;1.07;0
242;bunker;2596.00;11.50;1089.00;5.38;0
242;bunker;2640.00;10.50;1017.00;5.30;0
242;bunker;2636.00;10.50;998.00;2.88;0
242;bunker;2650.00;12.23;1041.00;2.82;0
242;bunker;2564.00;10.55;1098.00;1.95;0
242;bunker;2664.00;12.10;1053.00;3.42;0
242;bunker;2609.00;10.80;1061.00;5.65;0
242;bunker;2521.00;10.45;1096.00;5.51;0
242;bunker;2625.00;13.20;1092.00;4.66;0
242;bunker;2658.00;10.55;1004.00;4.78;0
242;bunker;2585.00;10.50;1016.00;5.65;0
242;bunker;2525.00;10.30;1044.00;2.11;0
242;bunker;2620.00;13.12;1120.00;3.73;0
242;bunker;2556.00;10.55;1109.00;2.88;0
242;bunker;2625.00;10.60;1014.00;5.27;0
242;bunker;2570.00;11.40;1036.00;2.98;0
242;bunker;2672.00;10.30;1004.00;3.30;0
242;bunker;2581.00;11.70;1075.00;3.09;0
242;bunker;2668.00;12.20;1034.00;0.67;0
242;bunker;2510.00;10.60;1066.00;2.46;0
242;bunker;2604.00;11.80;1111.00;4.30;0
242;bunker;2538.00;10.57;1101.00;4.63;0
242;bunker;2640.00;10.45;1001.00;4.93;0
242;bunker;2615.00;11.45;1068.00;2.54;0
242;bunker;2578.00;10.55;1019.00;3.67;0
242;bunker;2551.00;11.65;1068.00;2.70;0
242;coastal_bunker;2550.00;9.95;1033.00;-0.38;0
242;coastal_bunker;2560.00;10.35;1106.00;-3.73;0
242;coastal_bunker;2494.00;9.80;1051.00;-1.03;0
242;coastal_bunker;2585.00;9.60;1135.00;-2.03;0
242;coastal_bunker;2580.00;9.60;1109.00;-2.27;0
242;coastal_bunker;2528.00;10.30;1101.00;-3.25;0
242;coastal_bunker;2560.00;9.60;1028.00;-1.77;0
242;coastal_bunker;2614.00;9.85;1007.00;-0.79;0
242;coastal_bunker;2515.00;9.85;1055.00;-1.15;0
242;coastal_bunker;2681.00;9.60;1000.00;0.00;0
242;coastal_bunker;2566.00;10.40;1100.00;-3.14;0
242;coastal_bunker;2630.00;9.50;992.00;0.00;0
242;coastal_bunker;2524.00;9.50;1038.00;-0.79;0
242;coastal_bunker;2587.00;9.50;1007.00;-0.38;0
242;coastal_bunker;2574.00;9.60;1014.00;0.00;0
242;coastal_bunker;2659.00;9.55;996.00;0.09;0
242;coastal_bunker;2537.00;10.45;1106.00;-2.94;0
242;coastal_bunker;2647.00;10.30;995.00;0.67;0
242;coastal_bunker;2584.00;9.60;1011.00;-0.29;0
242;stronghold_network;2642.00;10.45;1013.00;1.77;0
242;dockyard;2541.00;9.60;1109.00;-2.94;0
242;anti_air_building;2534.00;11.40;1083.00;5.09;0
242;anti_air_building;2639.00;11.45;1039.00;0.27;0
242;anti_air_building;2596.00;11.20;1105.00;0.40;0
242;synthetic_refinery;2620.00;10.50;1045.00;0.06;0
242;fuel_silo;2639.00;12.88;1065.00;3.26;0
242;radar_station;2589.00;11.40;1063.00;6.21;0
242;nuclear_reactor_spawn;2624.00;11.70;1064.00;1.26;0
242;special_project_facility_spawn;2620.00;10.35;1006.00;5.27;0
242;special_project_facility_spawn;2660.00;12.55;1067.00;5.95;0
242;special_project_facility_spawn;2616.00;12.35;1099.00;4.92;0
242;special_project_facility_spawn;2594.00;10.55;1047.00;2.39;0
242;special_project_facility_spawn;2603.00;10.88;1064.00;3.37;0
242;special_project_facility_spawn;2531.00;11.18;1073.00;3.68;0
242;special_project_facility_spawn;2652.00;11.98;1033.00;1.20;0
242;special_project_facility_spawn;2572.00;11.30;1081.00;2.58;0
242;special_project_facility_spawn;2562.00;12.30;1070.00;2.29;0
242;special_project_facility_spawn;2559.00;11.40;1080.00;1.09;0
242;special_project_facility_spawn;2595.00;11.43;1084.00;1.16;0
242;special_project_facility_spawn;2631.00;10.30;994.00;0.00;0
242;special_project_facility_spawn;2607.00;10.50;1048.00;6.26;0
242;special_project_facility_spawn;2637.00;13.50;1087.00;0.09;0
242;special_project_facility_spawn;2560.00;11.90;1057.00;2.71;0
242;special_project_facility_spawn;2635.00;11.50;1042.00;1.56;0
242;special_project_facility_spawn;2573.00;11.70;1050.00;1.31;0
242;special_project_facility_spawn;2639.00;12.60;1071.00;1.65;0
242;special_project_facility_spawn;2661.00;10.50;999.00;0.08;0
242;special_project_facility_spawn;2583.00;10.30;1014.00;1.99;0
242;special_project_facility_spawn;2542.00;10.82;1102.00;3.52;0
242;special_project_facility_spawn;2604.00;10.30;1014.00;0.03;0
242;special_project_facility_spawn;2590.00;10.70;1124.00;5.86;0
242;special_project_facility_spawn;2581.00;11.18;1044.00;4.49;0
242;special_project_facility_spawn;2571.00;10.53;1095.00;1.89;0
242;special_project_facility_spawn;2498.00;10.30;1057.00;5.52;0
242;special_project_facility_spawn;2523.00;11.00;1084.00;6.16;0
242;special_project_facility_spawn;2668.00;10.50;1005.00;2.28;0
242;special_project_facility_spawn;2525.00;10.60;1060.00;6.03;0
242;special_project_facility_spawn;2630.00;10.50;1019.00;4.39;0
242;special_project_facility_spawn;2635.00;10.50;1002.00;3.36;0
242;special_project_facility_spawn;2668.00;11.65;1043.00;2.62;0
242;special_project_facility_spawn;2621.00;12.30;1083.00;4.79;0
242;special_project_facility_spawn;2641.00;11.95;1047.00;0.94;0
242;special_project_facility_spawn;2617.00;10.60;1026.00;1.21;0
242;special_project_facility_spawn;2613.00;12.30;1111.00;3.46;0
242;special_project_facility_spawn;2629.00;11.30;1036.00;5.87;0
242;special_project_facility_spawn;2596.00;11.10;1109.00;3.39;0
242;special_project_facility_spawn;2565.00;10.85;1027.00;1.39;0
242;special_project_facility_spawn;2522.00;10.80;1074.00;3.93;0
242;special_project_facility_spawn;2671.00;10.60;1015.00;2.09;0
242;special_project_facility_spawn;2537.00;10.65;1045.00;3.63;0
242;special_project_facility_spawn;2598.00;11.15;1071.00;0.22;0
242;special_project_facility_spawn;2579.00;11.10;1037.00;2.10;0
242;special_project_facility_spawn;2589.00;11.20;1097.00;4.76;0
242;special_project_facility_spawn;2637.00;10.60;1020.00;1.54;0
242;special_project_facility_spawn;2549.00;11.50;1095.00;5.49;0
242;special_project_facility_spawn;2554.00;10.53;1035.00;2.40;0
242;special_project_facility_spawn;2570.00;10.78;1023.00;6.04;0
242;special_project_facility_spawn;2629.00;13.73;1099.00;2.05;0
242;special_project_facility_spawn;2540.00;10.80;1061.00;5.91;0
242;special_project_facility_spawn;2622.00;12.10;1079.00;1.21;0
242;special_project_facility_spawn;2556.00;10.82;1100.00;5.98;0
242;naval_base_spawn;2583.00;9.50;1124.00;-2.03;4194
242;naval_base_spawn;2549.00;10.40;1109.00;-3.73;4194
242;naval_base_spawn;2546.00;10.40;1109.00;-2.94;4194
242;naval_base_spawn;2522.00;9.50;1045.00;-0.79;4101
242;naval_base_spawn;2518.00;9.50;1052.00;-1.15;4101
242;naval_base_spawn;2523.00;10.30;1100.00;-3.25;3654
242;naval_base_spawn;2541.00;9.50;1039.00;-0.38;4101
242;naval_base_spawn;2503.00;9.50;1057.00;-1.03;4101
242;naval_base_spawn;2580.00;10.00;1108.00;-2.27;4194
242;naval_base_spawn;2627.00;10.15;993.00;0.00;3517
242;naval_base_spawn;2606.00;9.60;1008.00;-0.38;3517
242;naval_base_spawn;2569.00;9.60;1019.00;0.00;3517
242;naval_base_spawn;2610.00;9.60;1007.00;-0.79;3517
242;naval_base_spawn;2647.00;10.30;995.00;0.67;4542
242;naval_base_spawn;2685.00;9.60;1000.00;0.00;4542
242;naval_base_spawn;2560.00;9.60;1026.00;-1.77;4101
242;naval_base_spawn;2655.00;9.50;996.00;0.09;4542
242;naval_base_spawn;2568.00;10.30;1100.00;-3.14;4194
242;naval_base_spawn;2584.00;9.60;1011.00;-0.29;3517
242;floating_harbor;2569.00;9.50;1107.00;0.00;288
242;floating_harbor;2592.40;9.50;1001.50;-3.52;559
242;floating_harbor;2659.63;9.50;989.03;-3.05;1208
242;floating_harbor;2560.88;9.50;1113.82;-0.59;1216
242;floating_harbor;2526.77;9.50;1107.96;-0.11;1596
242;floating_harbor;2493.00;9.56;1053.40;-4.17;1638
242;floating_harbor;2522.05;9.50;1036.05;-3.93;1651
242;floating_harbor;2510.60;9.50;1049.16;-4.29;2022
242;floating_harbor;2544.40;9.50;1028.50;-3.52;2035
242;floating_harbor;2574.62;9.50;1111.48;0.88;2110
242;floating_harbor;2578.74;9.50;1128.13;1.11;2281
242;floating_harbor;2537.63;9.50;1113.86;0.20;2316
242;floating_harbor;2551.14;9.50;1029.37;1.37;2871
242;floating_harbor;2580.99;9.50;1005.30;-3.43;2876
242;floating_harbor;2574.00;9.50;1009.00;-3.14;2882
242;floating_harbor;2609.05;9.50;996.05;-3.93;2898
242;floating_harbor;2674.00;9.50;992.00;-3.14;2903
242;floating_harbor;2652.37;9.50;989.53;-2.47;2906
242;floating_harbor;2627.00;9.50;985.00;-3.14;2915
243;arms_factory;4464.00;13.20;1130.00;2.87;0
243;arms_factory;4466.00;11.20;1005.00;5.64;0
243;arms_factory;4489.00;11.30;1027.00;2.05;0
243;arms_factory;4551.00;11.70;1047.00;2.94;0
243;arms_factory;4548.00;12.30;1108.00;2.93;0
243;arms_factory;4468.00;12.20;1111.00;0.78;0
243;industrial_complex;4560.00;11.40;1080.00;4.51;0
243;industrial_complex;4497.00;12.55;997.00;4.71;0
243;industrial_complex;4459.00;10.80;1026.00;3.52;0
243;industrial_complex;4497.00;13.90;1185.00;4.08;0
243;industrial_complex;4489.00;12.35;1009.00;5.15;0
243;industrial_complex;4449.00;13.10;1157.00;3.23;0
243;air_base;4513.00;13.12;1167.00;0.70;0
243;supply_node;4498.00;13.68;1174.00;4.13;0
243;supply_node;4589.00;13.60;1129.00;4.44;0
243;supply_node;4482.00;10.95;1041.00;3.98;0
243;supply_node;4532.00;13.40;1187.00;0.06;0
243;supply_node;4558.00;12.00;1095.00;5.17;0
243;supply_node;4418.00;13.20;1145.00;0.40;0
243;supply_node;4380.00;12.55;1075.00;3.43;0
243;supply_node;4420.00;12.00;1020.00;3.61;0
243;supply_node;4550.00;12.60;1141.00;4.56;0
243;supply_node;4626.00;13.70;1137.00;3.44;0
243;supply_node;4612.00;12.80;1098.00;3.33;0
243;supply_node;4452.00;13.05;1121.00;2.21;0
243;supply_node;4501.00;12.55;998.00;2.77;0
243;supply_node;4485.00;11.85;1092.00;3.57;0
243;supply_node;4442.00;10.40;1085.00;4.99;0
243;supply_node;4503.00;11.98;1139.00;4.27;0
243;supply_node;4557.00;11.70;1047.00;2.41;0
243;supply_node;4597.00;13.15;1064.00;4.84;0
243;supply_node;4571.00;13.85;1180.00;1.14;0
243;supply_node;4456.00;12.05;995.00;5.50;0
243;supply_node;4517.00;11.40;1065.00;4.26;0
243;supply_node;4412.00;11.18;1061.00;5.26;0
243;supply_node;4402.00;12.05;1109.00;0.59;0
243;supply_node;4458.00;13.40;1160.00;0.65;0
243;supply_node;4521.00;10.50;1106.00;2.98;0
243;supply_node;4523.00;12.50;1029.00;6.03;0
243;supply_node;4602.00;13.90;1163.00;4.71;0
243;supply_node;4451.00;10.90;1047.00;0.27;0
243;bunker;4474.00;14.30;982.00;4.12;0
243;bunker;4492.00;12.80;993.00;0.46;0
243;bunker;4572.00;13.20;1120.00;6.07;0
243;bunker;4498.00;12.20;1064.00;1.85;0
243;bunker;4548.00;12.30;1118.00;1.97;0
243;bunker;4468.00;10.65;1036.00;1.73;0
243;bunker;4429.00;10.53;1092.00;4.93;0
243;bunker;4459.00;10.60;1045.00;0.25;0
243;bunker;4511.00;11.00;1127.00;0.29;0
243;bunker;4389.00;12.00;1108.00;3.89;0
243;bunker;4597.00;13.10;1112.00;1.35;0
243;bunker;4408.00;11.35;1080.00;0.79;0
243;bunker;4597.00;13.90;1167.00;1.91;0
243;bunker;4523.00;10.40;1122.00;2.07;0
243;bunker;4589.00;12.90;1087.00;2.90;0
243;bunker;4407.00;13.10;1155.00;5.29;0
243;bunker;4492.00;11.60;1094.00;2.77;0
243;bunker;4446.00;12.88;1136.00;4.94;0
243;bunker;4521.00;12.20;1043.00;4.81;0
243;bunker;4554.00;11.75;1067.00;2.30;0
243;bunker;4440.00;11.25;1028.00;2.56;0
243;bunker;4557.00;12.60;1116.00;3.61;0
243;bunker;4381.00;12.60;1073.00;2.24;0
243;bunker;4551.00;13.70;1202.00;4.21;0
243;bunker;4500.00;12.75;1159.00;5.04;0
243;bunker;4636.00;13.80;1142.00;1.51;0
243;bunker;4580.00;13.85;1187.00;5.52;0
243;bunker;4459.00;13.20;1153.00;4.85;0
243;stronghold_network;4589.00;12.88;1096.00;1.75;0
243;anti_air_building;4527.00;12.00;1045.00;5.33;0
243;anti_air_building;4461.00;13.40;1130.00;2.45;0
243;anti_air_building;4568.00;13.45;1127.00;0.35;0
243;synthetic_refinery;4567.00;13.60;1146.00;0.92;0
243;fuel_silo;4442.00;13.70;1166.00;0.13;0
243;radar_station;4504.00;11.10;1090.00;4.22;0
243;nuclear_reactor_spawn;4477.00;12.20;1121.00;1.48;0
243;special_project_facility_spawn;4432.00;12.80;1137.00;3.97;0
243;special_project_facility_spawn;4638.00;13.40;1126.00;3.71;0
243;special_project_facility_spawn;4429.00;10.30;1076.00;2.23;0
243;special_project_facility_spawn;4526.00;11.75;1152.00;0.90;0
243;special_project_facility_spawn;4448.00;13.00;1138.00;4.16;0
243;special_project_facility_spawn;4368.00;12.05;1074.00;2.59;0
243;special_project_facility_spawn;4566.00;13.70;1181.00;3.25;0
243;special_project_facility_spawn;4535.00;11.55;1133.00;5.82;0
243;special_project_facility_spawn;4524.00;13.60;1196.00;1.95;0
243;special_project_facility_spawn;4487.00;12.80;994.00;1.12;0
243;special_project_facility_spawn;4468.00;11.12;1015.00;2.22;0
243;special_project_facility_spawn;4507.00;11.55;1044.00;4.43;0
243;special_project_facility_spawn;4587.00;13.90;1164.00;1.00;0
243;special_project_facility_spawn;4399.00;13.30;1053.00;1.07;0
243;special_project_facility_spawn;4431.00;11.80;1012.00;5.38;0
243;special_project_facility_spawn;4575.00;13.20;1106.00;5.30;0
243;special_project_facility_spawn;4544.00;12.53;1031.00;2.88;0
243;special_project_facility_spawn;4559.00;12.00;1027.00;2.82;0
243;special_project_facility_spawn;4606.00;13.75;1127.00;1.95;0
243;special_project_facility_spawn;4440.00;13.40;1154.00;3.42;0
243;special_project_facility_spawn;4617.00;12.80;1087.00;5.65;0
243;special_project_facility_spawn;4477.00;12.00;1060.00;5.51;0
243;special_project_facility_spawn;4460.00;10.60;1052.00;4.66;0
243;special_project_facility_spawn;4625.00;12.57;1068.00;4.78;0
243;special_project_facility_spawn;4426.00;11.60;1107.00;5.65;0
243;special_project_facility_spawn;4510.00;12.57;1160.00;2.11;0
243;special_project_facility_spawn;4488.00;11.80;1097.00;3.73;0
243;special_project_facility_spawn;4536.00;10.60;1114.00;2.88;0
244;arms_factory;5007.00;10.60;1084.00;2.05;0
244;arms_factory;4992.00;10.90;1045.00;2.94;0
244;arms_factory;4952.00;10.30;1104.00;2.93;0
244;arms_factory;4992.00;10.55;1068.00;0.78;0
244;arms_factory;5002.00;10.82;1043.00;4.51;0
244;arms_factory;4978.00;10.90;1051.00;4.71;0
244;industrial_complex;4967.00;10.90;1050.00;3.52;0
244;industrial_complex;4993.00;10.65;1060.00;4.08;0
244;industrial_complex;5003.00;10.80;1053.00;5.15;0
244;industrial_complex;5018.00;10.55;1049.00;3.23;0
244;industrial_complex;4987.00;10.82;1055.00;0.70;0
244;industrial_complex;4969.00;10.25;1059.00;4.14;0
244;air_base;4996.00;10.50;1077.00;4.57;0
244;supply_node;5012.00;10.95;1064.00;3.98;0
244;supply_node;4982.00;10.88;1052.00;0.06;0
244;supply_node;5025.00;10.80;1087.00;5.17;0
244;supply_node;4960.00;10.50;1091.00;0.40;0
244;bunker;4990.00;10.60;1057.00;0.58;0
244;bunker;5037.00;10.50;1083.00;5.00;0
244;bunker;5013.00;11.10;1061.00;1.13;0
244;bunker;4952.00;10.50;1090.00;2.49;0
244;coastal_bunker;5005.00;10.25;1089.00;-2.46;0
244;coastal_bunker;5041.00;10.45;1080.00;-4.25;0
244;coastal_bunker;4972.00;10.15;1092.00;-4.25;0
244;coastal_bunker;4987.00;10.20;1078.00;-3.22;0
244;stronghold_network;4983.00;10.90;1050.00;1.49;0
244;dockyard;5031.00;10.35;1096.00;-4.25;0
244;anti_air_building;4996.00;10.80;1060.00;3.36;0
244;anti_air_building;4992.00;10.90;1038.00;0.56;0
244;anti_air_building;4995.00;10.65;1065.00;5.88;0
244;synthetic_refinery;4984.00;10.10;1062.00;5.04;0
244;fuel_silo;4972.00;10.90;1050.00;0.37;0
244;radar_station;4995.00;10.50;1071.00;5.26;0
244;nuclear_reactor_spawn;5028.00;10.75;1066.00;3.50;0
244;special_project_facility_spawn;4978.00;11.20;1036.00;0.96;0
244;special_project_facility_spawn;4995.00;10.50;1072.00;4.66;0
244;special_project_facility_spawn;5027.00;10.80;1084.00;1.08;0
244;special_project_facility_spawn;4947.00;10.50;1096.00;0.77;0
244;naval_base_spawn;5005.00;9.55;1091.00;-2.06;4481
244;naval_base_spawn;5031.00;10.35;1058.00;0.64;4341
244;naval_base_spawn;4953.00;10.10;1107.00;-4.25;4481
244;naval_base_spawn;4984.00;10.15;1078.00;-3.22;4481
244;floating_harbor;5028.20;9.50;1042.40;-2.50;381
244;floating_harbor;4984.54;9.50;1084.98;-0.08;1245
244;floating_harbor;5039.26;9.50;1094.13;-1.11;1772
245;arms_factory;4798.00;14.20;1039.00;2.93;0
245;arms_factory;4701.00;11.00;1089.00;0.78;0
245;arms_factory;4695.00;10.57;1016.00;4.51;0
245;arms_factory;4668.00;11.40;1096.00;4.71;0
245;arms_factory;4849.00;16.20;1063.00;3.52;0
245;arms_factory;4687.00;11.48;1052.00;4.08;0
245;industrial_complex;4770.00;13.00;1083.00;5.15;0
245;industrial_complex;4813.00;15.75;1044.00;3.23;0
245;industrial_complex;4752.00;12.28;1165.00;0.70;0
245;industrial_complex;4713.00;12.00;975.00;4.14;0
245;industrial_complex;4772.00;12.70;1025.00;4.57;0
245;industrial_complex;4861.00;14.10;1066.00;0.84;0
245;air_base;4706.00;11.18;1104.00;1.74;0
245;supply_node;4807.00;14.90;1038.00;5.17;0
245;supply_node;4751.00;12.35;975.00;0.40;0
245;supply_node;4707.00;10.85;1093.00;3.43;0
245;supply_node;4655.00;13.10;1059.00;3.61;0
245;supply_node;4826.00;16.30;1083.00;4.56;0
245;supply_node;4755.00;11.95;1142.00;3.44;0
245;supply_node;4742.00;11.40;1013.00;3.33;0
245;supply_node;4655.00;12.30;1099.00;2.21;0
245;supply_node;4850.00;15.35;1054.00;2.77;0
245;supply_node;4751.00;10.50;939.00;3.57;0
245;supply_node;4704.00;11.10;1004.00;4.99;0
245;supply_node;4715.00;10.90;958.00;4.27;0
245;supply_node;4697.00;12.28;1127.00;2.41;0
245;supply_node;4782.00;12.90;996.00;4.84;0
245;supply_node;4787.00;14.62;1084.00;1.14;0
245;supply_node;4767.00;12.40;1040.00;5.50;0
245;supply_node;4688.00;11.30;1049.00;4.26;0
245;supply_node;4845.00;13.60;971.00;5.26;0
245;supply_node;4745.00;11.40;1075.00;0.59;0
245;supply_node;4796.00;13.55;1133.00;0.65;0
245;supply_node;4838.00;14.85;1018.00;2.98;0
245;supply_node;4747.00;12.00;1110.00;6.03;0
245;supply_node;4723.00;10.45;1048.00;4.71;0
245;supply_node;4816.00;12.15;991.00;0.27;0
245;supply_node;4795.00;10.80;960.00;2.46;0
245;bunker;4717.00;10.40;1054.00;0.46;0
245;bunker;4824.00;12.45;974.00;6.07;0
245;bunker;4831.00;13.07;974.00;1.85;0
245;bunker;4732.00;11.30;1003.00;1.97;0
245;bunker;4781.00;11.00;961.00;1.73;0
245;bunker;4634.00;12.25;1089.00;4.93;0
245;bunker;4771.00;12.80;1025.00;0.25;0
245;bunker;4791.00;14.70;1057.00;0.29;0
245;bunker;4809.00;13.15;1147.00;3.89;0
245;bunker;4729.00;10.90;948.00;1.35;0
245;bunker;4752.00;11.53;1091.00;0.79;0
245;bunker;4697.00;12.80;1111.00;1.91;0
245;bunker;4838.00;15.85;1052.00;2.07;0
245;bunker;4741.00;11.80;1068.00;2.90;0
245;bunker;4730.00;12.40;1136.00;5.29;0
245;bunker;4800.00;11.55;988.00;2.77;0
245;bunker;4834.00;16.20;1080.00;4.94;0
245;bunker;4673.00;11.10;1027.00;4.81;0
245;bunker;4758.00;10.50;941.00;2.30;0
245;bunker;4706.00;11.15;1098.00;2.56;0
245;bunker;4645.00;13.35;1054.00;3.61;0
245;bunker;4703.00;11.15;980.00;2.24;0
245;bunker;4754.00;12.68;982.00;4.21;0
245;bunker;4830.00;13.60;1012.00;5.04;0
245;bunker;4823.00;16.00;1050.00;1.51;0
245;coastal_bunker;4758.00;9.60;926.00;-0.40;0
245;stronghold_network;4800.00;11.10;950.00;4.85;0
245;dockyard;4763.00;9.95;924.00;-0.40;0
245;anti_air_building;4734.00;10.82;950.00;5.33;0
245;anti_air_building;4655.00;13.60;1047.00;2.45;0
245;anti_air_building;4829.00;12.78;973.00;0.35;0
245;synthetic_refinery;4756.00;11.93;1023.00;0.92;0
245;fuel_silo;4848.00;13.35;988.00;0.13;0
245;radar_station;4751.00;11.60;1047.00;4.22;0
245;nuclear_reactor_spawn;4753.00;12.05;1116.00;1.48;0
245;special_project_facility_spawn;4814.00;12.15;1000.00;3.97;0
245;special_project_facility_spawn;4687.00;10.85;1085.00;3.71;0
245;special_project_facility_spawn;4764.00;12.35;1005.00;2.23;0
245;special_project_facility_spawn;4740.00;12.15;1111.00;0.90;0
245;special_project_facility_spawn;4706.00;10.45;1036.00;4.16;0
245;special_project_facility_spawn;4732.00;10.60;932.00;2.59;0
245;special_project_facility_spawn;4800.00;13.90;1033.00;3.25;0
245;special_project_facility_spawn;4840.00;15.95;1044.00;5.82;0
245;special_project_facility_spawn;4740.00;13.12;1133.00;1.95;0
245;special_project_facility_spawn;4852.00;12.90;980.00;1.12;0
245;special_project_facility_spawn;4784.00;14.28;1077.00;2.22;0
245;special_project_facility_spawn;4725.00;11.10;953.00;4.43;0
245;special_project_facility_spawn;4844.00;14.90;1027.00;1.00;0
245;special_project_facility_spawn;4720.00;10.85;1059.00;1.07;0
245;special_project_facility_spawn;4712.00;11.05;1138.00;5.38;0
245;special_project_facility_spawn;4776.00;12.70;1020.00;5.30;0
245;special_project_facility_spawn;4765.00;12.82;1073.00;2.88;0
245;special_project_facility_spawn;4731.00;11.25;1019.00;2.82;0
245;special_project_facility_spawn;4671.00;11.30;1076.00;1.95;0
245;special_project_facility_spawn;4816.00;13.55;1141.00;3.42;0
245;special_project_facility_spawn;4747.00;12.50;991.00;5.65;0
245;special_project_facility_spawn;4675.00;11.80;1101.00;5.51;0
245;special_project_facility_spawn;4686.00;10.80;993.00;4.66;0
245;special_project_facility_spawn;4817.00;16.25;1065.00;4.78;0
245;special_project_facility_spawn;4779.00;10.90;956.00;5.65;0
245;naval_base_spawn;4761.00;9.60;924.00;-0.40;4292
245;floating_harbor;4742.24;9.50;918.57;-3.55;843
101;floating_harbor;3706.84;9.50;527.75;-0.27;663
102;floating_harbor;4279.00;9.50;523.00;-4.64;3368
104;floating_harbor;2995.87;9.50;986.05;-3.02;2900
106;floating_harbor;2433.10;9.50;519.85;-4.55;568
106;floating_harbor;2419.00;9.50;469.00;-3.89;2194
106;floating_harbor;2405.00;9.50;562.00;1.46;3357
106;floating_harbor;2473.95;9.50;517.95;-0.79;3375
106;floating_harbor;2491.00;9.50;466.00;-1.57;3380
117;floating_harbor;4207.00;9.50;526.00;-1.57;3370
117;floating_harbor;4213.00;9.50;518.00;-1.57;3372
117;floating_harbor;4193.00;9.50;523.00;0.00;3374
117;floating_harbor;4198.00;9.50;502.00;-4.02;3376
115;industrial_complex;2099.00;11.80;1130.00;4.66;0
115;air_base;2112.00;12.30;1138.00;1.34;0
246;arms_factory;2158.00;13.60;1125.00;4.81;0
246;arms_factory;2143.00;14.10;1116.00;2.30;0
246;arms_factory;2147.00;14.45;1109.00;2.56;0
246;arms_factory;2148.00;13.90;1119.00;3.61;0
246;arms_factory;2150.00;13.85;1121.00;2.24;0
246;arms_factory;2143.00;14.45;1111.00;4.21;0
246;industrial_complex;2161.00;13.15;1127.00;5.04;0
246;industrial_complex;2149.00;14.23;1115.00;1.51;0
246;industrial_complex;2150.00;14.20;1116.00;5.52;0
246;industrial_complex;2141.00;13.80;1118.00;4.85;0
246;industrial_complex;2159.00;13.30;1130.00;1.75;0
246;industrial_complex;2138.00;13.90;1117.00;5.33;0
246;air_base;2140.00;14.23;1114.00;2.45;0
246;supply_node;2158.00;13.80;1120.00;4.23;0
246;supply_node;2143.00;13.40;1125.00;2.35;0
246;supply_node;2143.00;14.95;1109.00;2.38;0
246;bunker;2156.00;13.88;1122.00;5.60;0
246;bunker;2150.00;14.30;1112.00;1.48;0
246;bunker;2137.00;13.90;1120.00;3.97;0
246;stronghold_network;2164.00;12.78;1124.00;3.71;0
246;anti_air_building;2144.00;13.25;1127.00;2.23;0
246;anti_air_building;2155.00;14.15;1119.00;0.90;0
246;anti_air_building;2140.00;14.23;1114.00;4.16;0
246;synthetic_refinery;2151.00;15.07;1103.00;2.59;0
246;fuel_silo;2165.00;12.55;1126.00;3.25;0
246;radar_station;2148.00;13.90;1119.00;5.43;0
246;nuclear_reactor_spawn;2138.00;13.80;1128.00;1.95;0
246;special_project_facility_spawn;2159.00;13.30;1130.00;1.12;0
246;special_project_facility_spawn;2141.00;13.65;1124.00;2.22;0
246;special_project_facility_spawn;2142.00;14.60;1110.00;4.43;0
50;rocket_site_spawn;3986.00;12.40;154.00;3.61;0
51;rocket_site_spawn;2747.00;12.25;31.00;3.37;0
52;rocket_site_spawn;3713.00;11.35;222.00;4.26;0
53;rocket_site_spawn;3211.00;11.80;214.00;4.00;0
54;rocket_site_spawn;3919.00;10.93;230.00;2.10;0
55;rocket_site_spawn;3507.00;10.55;245.00;3.46;0
56;rocket_site_spawn;2157.00;10.75;1424.00;2.78;0
57;rocket_site_spawn;2382.00;10.60;1434.00;2.19;0
58;rocket_site_spawn;3637.00;10.85;252.00;0.45;0
59;rocket_site_spawn;3027.00;13.00;295.00;3.63;0
60;rocket_site_spawn;4133.00;12.80;266.00;1.99;0
61;rocket_site_spawn;2643.00;10.30;1458.00;1.87;0
62;rocket_site_spawn;4568.00;10.85;400.00;6.10;0
63;rocket_site_spawn;3308.00;13.10;311.00;0.79;0
64;rocket_site_spawn;4111.00;10.65;325.00;4.94;0
65;rocket_site_spawn;3339.00;14.23;329.00;5.40;0
66;rocket_site_spawn;4285.00;11.65;262.00;1.72;0
67;rocket_site_spawn;4415.00;12.57;441.00;2.68;0
68;rocket_site_spawn;2068.00;10.65;1449.00;2.13;0
69;rocket_site_spawn;3385.00;11.70;504.00;3.29;0
70;rocket_site_spawn;3389.00;12.05;454.00;5.85;0
71;rocket_site_spawn;4607.00;11.00;433.00;6.21;0
72;rocket_site_spawn;3822.00;10.45;1441.00;0.01;0
73;rocket_site_spawn;2016.00;10.93;1416.00;1.09;0
74;rocket_site_spawn;3175.00;10.30;1432.00;1.38;0
75;rocket_site_spawn;1878.00;10.15;1432.00;0.00;0
76;rocket_site_spawn;2910.00;10.90;1002.00;2.73;0
77;rocket_site_spawn;2129.00;12.25;1034.00;4.87;0
78;rocket_site_spawn;2062.00;10.70;1427.00;0.72;0
79;rocket_site_spawn;2012.00;10.70;1429.00;3.43;0
80;rocket_site_spawn;2107.00;10.68;1411.00;2.64;0
81;rocket_site_spawn;2222.00;15.05;1084.00;4.20;0
82;rocket_site_spawn;2183.00;12.20;1019.00;5.96;0
83;rocket_site_spawn;4072.00;14.15;1128.00;5.26;0
84;rocket_site_spawn;2343.00;10.60;990.00;0.30;0
85;rocket_site_spawn;2147.00;12.45;1236.00;4.78;0
86;rocket_site_spawn;4867.00;12.45;1039.00;0.51;0
87;rocket_site_spawn;3956.00;12.15;821.00;4.67;0
88;rocket_site_spawn;2030.00;10.73;1385.00;1.26;0
89;rocket_site_spawn;3219.00;12.10;1073.00;2.17;0
90;rocket_site_spawn;2011.00;10.73;1386.00;0.28;0
91;rocket_site_spawn;3328.00;10.95;971.00;0.24;0
92;rocket_site_spawn;3371.00;11.90;1025.00;1.62;0
93;rocket_site_spawn;4650.00;12.28;950.00;4.66;0
94;rocket_site_spawn;4385.00;10.80;718.00;6.01;0
95;rocket_site_spawn;3024.00;10.65;992.00;0.97;0
96;rocket_site_spawn;4892.00;10.95;836.00;1.01;0
97;rocket_site_spawn;4648.00;11.10;734.00;3.35;0
98;rocket_site_spawn;2159.00;12.40;1297.00;5.44;0
99;rocket_site_spawn;2092.00;10.75;1006.00;5.37;0
100;rocket_site_spawn;4014.00;9.60;556.00;0.24;0
101;rocket_site_spawn;3713.00;10.55;521.00;3.00;0
102;rocket_site_spawn;4296.00;10.30;519.00;2.62;0
103;rocket_site_spawn;2311.00;12.00;1282.00;5.81;0
104;rocket_site_spawn;2948.00;12.20;1035.00;1.68;0
105;rocket_site_spawn;2044.00;10.53;1323.00;5.43;0
106;rocket_site_spawn;2445.00;10.45;481.00;5.21;0
107;rocket_site_spawn;2219.00;11.12;1367.00;2.87;0
108;rocket_site_spawn;2385.00;10.40;1294.00;3.23;0
109;rocket_site_spawn;2359.00;10.70;1223.00;4.61;0
110;rocket_site_spawn;2340.00;12.28;1659.00;2.68;0
111;rocket_site_spawn;2412.00;10.50;1331.00;1.41;0
112;rocket_site_spawn;2311.00;10.35;1231.00;2.85;0
113;rocket_site_spawn;2367.00;10.53;1286.00;5.54;0
114;rocket_site_spawn;2119.00;10.88;1603.00;4.05;0
115;rocket_site_spawn;2108.00;12.15;1131.00;3.64;0
116;rocket_site_spawn;2344.00;11.40;1190.00;4.25;0
117;rocket_site_spawn;4206.00;10.25;518.00;6.03;0
118;rocket_site_spawn;2423.00;10.65;1159.00;2.16;0
119;rocket_site_spawn;2272.00;11.05;1632.00;3.78;0
120;rocket_site_spawn;2205.00;10.70;1718.00;1.16;0
121;rocket_site_spawn;2050.00;10.50;1578.00;6.14;0
122;rocket_site_spawn;2096.00;10.82;1711.00;1.45;0
123;rocket_site_spawn;2037.00;10.45;1144.00;2.56;0
124;rocket_site_spawn;2306.00;14.15;1618.00;3.00;0
125;rocket_site_spawn;2395.00;10.57;1033.00;5.64;0
126;rocket_site_spawn;2485.00;10.30;1100.00;5.25;0
127;rocket_site_spawn;3100.00;10.88;1073.00;0.94;0
128;rocket_site_spawn;2411.00;10.10;1111.00;3.59;0
129;rocket_site_spawn;2233.00;11.48;1610.00;0.78;0
130;rocket_site_spawn;2327.00;10.60;1104.00;0.66;0
131;rocket_site_spawn;2461.00;9.50;1051.00;4.29;0
132;rocket_site_spawn;2343.00;10.40;1082.00;3.15;0
133;rocket_site_spawn;2267.00;14.55;1167.00;2.21;0
134;rocket_site_spawn;3212.00;12.30;832.00;5.82;0
135;rocket_site_spawn;2429.00;10.30;1064.00;2.56;0
136;rocket_site_spawn;2688.00;10.20;516.00;3.60;0
137;rocket_site_spawn;2560.00;10.57;461.00;5.72;0
138;rocket_site_spawn;3189.00;9.50;1044.00;5.77;0
139;rocket_site_spawn;2272.00;12.25;1015.00;5.00;0
140;rocket_site_spawn;2477.00;10.30;1033.00;0.31;0
141;rocket_site_spawn;2178.00;14.10;1045.00;3.15;0
142;rocket_site_spawn;2294.00;10.30;1234.00;5.98;0
143;rocket_site_spawn;2020.00;10.85;975.00;4.93;0
144;rocket_site_spawn;2542.00;10.15;966.00;3.76;0
145;rocket_site_spawn;2864.00;10.15;961.00;2.50;0
146;rocket_site_spawn;2607.00;10.00;464.00;2.20;0
147;rocket_site_spawn;2570.00;10.57;430.00;1.51;0
148;rocket_site_spawn;2995.00;10.53;959.00;5.93;0
149;rocket_site_spawn;3264.00;13.95;115.00;2.51;0
150;rocket_site_spawn;2260.00;11.57;1102.00;3.27;0
151;rocket_site_spawn;3027.00;9.50;421.00;0.26;0
152;rocket_site_spawn;3059.00;10.25;937.00;3.68;0
153;rocket_site_spawn;2352.00;11.95;1683.00;5.39;0
154;rocket_site_spawn;2378.00;10.53;1663.00;3.05;0
155;rocket_site_spawn;2879.00;10.30;819.00;2.13;0
156;rocket_site_spawn;2263.00;11.70;1652.00;4.44;0
157;rocket_site_spawn;3622.00;10.30;839.00;5.47;0
158;rocket_site_spawn;2095.00;12.00;1589.00;5.98;0
159;rocket_site_spawn;2294.00;10.90;1574.00;1.50;0
160;rocket_site_spawn;2114.00;12.75;1675.00;2.16;0
161;rocket_site_spawn;2079.00;11.15;1483.00;2.39;0
162;rocket_site_spawn;2921.00;11.30;767.00;0.25;0
163;rocket_site_spawn;2165.00;11.10;1554.00;4.13;0
164;rocket_site_spawn;3641.00;12.10;770.00;6.26;0
165;rocket_site_spawn;4667.00;12.05;1425.00;3.86;0
166;rocket_site_spawn;2980.00;11.00;773.00;1.39;0
167;rocket_site_spawn;2516.00;10.88;1267.00;1.13;0
168;rocket_site_spawn;4736.00;10.82;1503.00;0.08;0
169;rocket_site_spawn;3029.00;10.70;1442.00;4.57;0
170;rocket_site_spawn;2179.00;12.50;1460.00;6.19;0
171;rocket_site_spawn;3376.00;12.50;1405.00;0.23;0
172;rocket_site_spawn;2900.00;11.45;1390.00;0.74;0
173;rocket_site_spawn;2230.00;12.60;1418.00;4.49;0
174;rocket_site_spawn;2305.00;12.75;1427.00;1.43;0
175;rocket_site_spawn;3199.00;10.75;735.00;0.04;0
176;rocket_site_spawn;3799.00;10.30;757.00;0.14;0
177;rocket_site_spawn;3987.00;10.30;721.00;2.12;0
178;rocket_site_spawn;4090.00;10.30;757.00;2.14;0
179;rocket_site_spawn;2447.00;10.35;757.00;2.85;0
180;rocket_site_spawn;2258.00;10.60;1326.00;1.38;0
181;rocket_site_spawn;3514.00;10.85;1480.00;3.25;0
182;rocket_site_spawn;3180.00;10.53;725.00;2.07;0
183;rocket_site_spawn;2467.00;10.88;697.00;2.88;0
184;rocket_site_spawn;3147.00;10.82;1429.00;4.45;0
185;rocket_site_spawn;3966.00;9.50;713.00;4.44;0
186;rocket_site_spawn;4116.00;10.30;710.00;1.67;0
187;rocket_site_spawn;3750.00;10.30;707.00;3.40;0
188;rocket_site_spawn;2522.00;10.25;697.00;0.47;0
189;rocket_site_spawn;2558.00;11.30;1458.00;2.49;0
190;rocket_site_spawn;3549.00;10.25;671.00;5.62;0
191;rocket_site_spawn;3509.00;10.50;639.00;3.86;0
192;rocket_site_spawn;2470.00;10.25;648.00;5.20;0
193;rocket_site_spawn;3546.00;9.50;645.00;4.05;0
194;rocket_site_spawn;3140.00;10.30;630.00;5.64;0
195;rocket_site_spawn;2571.00;10.80;584.00;2.94;0
196;rocket_site_spawn;2536.00;10.45;615.00;0.78;0
197;rocket_site_spawn;2112.00;13.82;1233.00;4.71;0
198;rocket_site_spawn;4444.00;11.50;525.00;4.08;0
199;rocket_site_spawn;3198.00;10.53;610.00;3.23;0
200;rocket_site_spawn;3470.00;10.95;601.00;4.14;0
201;rocket_site_spawn;3832.00;10.70;595.00;0.84;0
202;rocket_site_spawn;3016.00;10.30;603.00;5.91;0
203;rocket_site_spawn;3059.00;10.25;605.00;0.58;0
204;rocket_site_spawn;4140.00;10.35;600.00;1.13;0
205;rocket_site_spawn;3064.00;10.20;591.00;2.78;0
206;rocket_site_spawn;3095.00;10.20;598.00;3.22;0
207;rocket_site_spawn;2595.00;13.35;1281.00;1.49;0
208;rocket_site_spawn;3856.00;10.50;596.00;3.36;0
209;rocket_site_spawn;4422.00;15.03;1340.00;5.88;0
210;rocket_site_spawn;4374.00;10.40;591.00;0.37;0
211;rocket_site_spawn;2725.00;13.12;1321.00;3.50;0
212;rocket_site_spawn;2401.00;9.50;585.00;4.66;0
213;rocket_site_spawn;4683.00;11.70;1164.00;0.77;0
214;rocket_site_spawn;4887.00;12.00;1312.00;4.12;0
215;rocket_site_spawn;3863.00;10.45;580.00;6.07;0
216;rocket_site_spawn;4206.00;11.90;1194.00;1.97;0
217;rocket_site_spawn;2390.00;10.35;532.00;4.93;0
218;rocket_site_spawn;3140.00;13.18;1134.00;0.29;0
219;rocket_site_spawn;2982.00;10.30;565.00;1.35;0
220;rocket_site_spawn;2640.00;11.30;1260.00;1.91;0
221;rocket_site_spawn;3503.00;10.45;545.00;2.90;0
222;rocket_site_spawn;2506.00;10.30;1073.00;2.77;0
223;rocket_site_spawn;2609.00;10.75;521.00;4.81;0
224;rocket_site_spawn;2077.00;10.30;1161.00;2.56;0
225;rocket_site_spawn;3102.00;10.35;558.00;2.24;0
226;rocket_site_spawn;2802.00;14.38;1216.00;5.04;0
227;rocket_site_spawn;2868.00;10.40;552.00;5.52;0
228;rocket_site_spawn;3127.00;11.00;931.00;1.75;0
229;rocket_site_spawn;2568.00;11.25;1236.00;2.45;0
230;rocket_site_spawn;3068.00;10.65;528.00;0.92;0
231;rocket_site_spawn;2722.00;16.40;1176.00;5.60;0
232;rocket_site_spawn;2277.00;10.53;1222.00;3.97;0
233;rocket_site_spawn;2607.00;12.80;1208.00;2.23;0
234;rocket_site_spawn;2357.00;10.60;1303.00;4.16;0
235;rocket_site_spawn;4885.00;13.18;1094.00;3.25;0
236;rocket_site_spawn;2527.00;10.45;1159.00;1.95;0
237;rocket_site_spawn;2658.00;12.50;1103.00;2.22;0
238;rocket_site_spawn;3299.00;14.30;1275.00;1.00;0
239;rocket_site_spawn;2749.00;16.35;1122.00;5.38;0
240;rocket_site_spawn;2838.00;13.00;1078.00;2.88;0
241;rocket_site_spawn;2231.00;12.28;1189.00;1.95;0
242;rocket_site_spawn;2580.00;11.43;1049.00;5.65;0
243;rocket_site_spawn;4571.00;12.05;1031.00;4.78;0
244;rocket_site_spawn;5000.00;10.80;1060.00;2.11;0
245;rocket_site_spawn;4715.00;11.48;1130.00;2.88;0
246;rocket_site_spawn;2146.00;13.50;1122.00;2.98;0